#VRML V2.0 utf8
# 3D model generated by easyeda2kicad.py (https://github.com/uPesy/easyeda2kicad.py)

Shape{
    appearance Appearance {
        material  Material 	{
            diffuseColor 0.7529411764705882 0.7529411764705882 0.7529411764705882
            specularColor 0.3764705882352941 0.3764705882352941 0.3764705882352941
            ambientIntensity 0.7529
            transparency 0.0
            shininess 0.5
        }
    }
    geometry IndexedFaceSet {
        ccw TRUE
        solid FALSE
        coord DEF co Coordinate {
            point [
                -0.1713 -0.0177 0.0551, -0.1713 0.1097 0.0551, -0.1713 -0.0177 0.0709, -0.1713 0.1097 0.0709, -0.1713 -0.1068 0.0551, -0.1713 -0.1068 0.0709, -0.1909 -0.1068 0.0551, -0.2067 -0.1068 0.0709, -0.1909 -0.1068 0.0394, -0.2067 -0.1068 0.0394, -0.2067 0.1097 0.0709, -0.1713 -0.0609 0.0709, -0.1575 -0.0177 0.0709, -0.1575 -0.0609 0.0709, -0.1713 -0.0609 0.0551, -0.1909 0.1097 0.0551, -0.1575 -0.0609 0.0551, -0.1575 -0.0177 0.0551, -0.1909 0.0999 0.0394, -0.1909 0.1097 0.0394, -0.1909 -0.097 0.0394, -0.1909 -0.097 0.0157, -0.1909 0.0999 0.0157, -0.0807 -0.097 0.0157, -0.0807 0.0999 0.0157, -0.0807 -0.097 0.0, -0.0807 0.0999 0.0, -0.2067 0.0999 0.0, -0.2067 -0.097 0.0, -0.2067 0.0999 0.0394, -0.2067 0.1097 0.0394, -0.2067 -0.097 0.0394, 0.1713 -0.0046 0.0551, 0.1713 -0.1068 0.0551, 0.1713 -0.0046 0.0709, 0.1713 -0.1068 0.0709, 0.1909 -0.1068 0.0394, 0.2067 -0.1068 0.0394, 0.1909 -0.1068 0.0551, 0.2067 -0.1068 0.0709, 0.2067 0.1097 0.0709, 0.1713 0.0396 0.0709, 0.1713 0.1097 0.0709, 0.1575 -0.0046 0.0709, 0.1575 0.0396 0.0709, 0.1713 0.1097 0.0551, 0.1713 0.0396 0.0551, 0.1909 0.1097 0.0551, 0.1575 0.0396 0.0551, 0.1575 -0.0046 0.0551, 0.1909 -0.097 0.0394, 0.1909 0.1097 0.0394, 0.1909 0.0999 0.0394, 0.1909 0.0999 0.0157, 0.1909 -0.097 0.0157, 0.0807 -0.097 0.0157, 0.0807 0.0999 0.0157, 0.0807 -0.097 0.0, 0.0807 0.0999 0.0, 0.2067 -0.097 0.0, 0.2067 0.0999 0.0, 0.2067 -0.097 0.0394, 0.2067 0.1097 0.0394, 0.2067 0.0999 0.0394
            ]
        }
        coordIndex [
            0,1,2,-1,2,1,3,-1,4,5,6,-1,6,5,7,-1,6,7,8,-1,8,7,9,-1,10,7,11,-1,11,7,5,-1,3,10,2,-1,2,10,11,-1,2,11,12,-1,12,11,13,-1,5,4,11,-1,11,4,14,-1,6,15,0,-1,0,15,1,-1,4,6,14,-1,14,6,0,-1,14,0,16,-1,16,0,17,-1,18,19,15,-1,6,8,20,-1,21,22,20,-1,20,22,18,-1,20,18,6,-1,6,18,15,-1,21,23,22,-1,22,23,24,-1,23,25,24,-1,24,25,26,-1,26,25,27,-1,27,25,28,-1,7,10,29,-1,29,10,30,-1,9,7,31,-1,31,7,29,-1,31,29,28,-1,28,29,27,-1,19,30,15,-1,15,30,10,-1,15,10,1,-1,1,10,3,-1,20,31,21,-1,21,31,28,-1,21,28,23,-1,23,28,25,-1,31,20,9,-1,9,20,8,-1,24,26,22,-1,22,26,27,-1,22,27,18,-1,18,27,29,-1,29,30,18,-1,18,30,19,-1,13,11,16,-1,16,11,14,-1,12,13,17,-1,17,13,16,-1,2,12,0,-1,0,12,17,-1,32,33,34,-1,34,33,35,-1,36,37,38,-1,38,37,39,-1,38,39,33,-1,33,39,35,-1,39,40,41,-1,41,40,42,-1,35,39,34,-1,34,39,41,-1,34,41,43,-1,43,41,44,-1,42,45,41,-1,41,45,46,-1,47,38,32,-1,32,38,33,-1,45,47,46,-1,46,47,32,-1,46,32,48,-1,48,32,49,-1,50,36,38,-1,47,51,52,-1,53,54,52,-1,52,54,50,-1,52,50,47,-1,47,50,38,-1,55,54,56,-1,56,54,53,-1,57,55,58,-1,58,55,56,-1,57,58,59,-1,59,58,60,-1,40,39,61,-1,61,39,37,-1,62,40,63,-1,63,40,61,-1,63,61,60,-1,60,61,59,-1,45,42,47,-1,47,42,40,-1,47,40,51,-1,51,40,62,-1,55,57,54,-1,54,57,59,-1,54,59,50,-1,50,59,61,-1,50,61,36,-1,36,61,37,-1,52,63,53,-1,53,63,60,-1,53,60,56,-1,56,60,58,-1,62,63,51,-1,51,63,52,-1,44,41,48,-1,48,41,46,-1,43,44,49,-1,49,44,48,-1,34,43,32,-1,32,43,49,-1,
        ]
    }
}
Shape{
    appearance Appearance {
        material  Material 	{
            diffuseColor 1.0 1.0 1.0
            specularColor 0.5019607843137255 0.5019607843137255 0.5019607843137255
            ambientIntensity 1.0
            transparency 0.0
            shininess 0.5
        }
    }
    geometry IndexedFaceSet {
        ccw TRUE
        solid FALSE
        coord DEF co Coordinate {
            point [
                0.1909 -0.1068 0.0551, 0.1583 -0.1016 0.0551, 0.1434 -0.1016 0.0551, 0.1583 0.1045 0.0551, 0.1909 0.1097 0.0551, 0.1434 0.1045 0.0551, -0.1909 0.1097 0.0551, -0.1909 -0.1068 0.0551, 0.1909 0.1097 0.0157, 0.1909 -0.1068 0.0157, -0.1909 0.1097 0.0157, -0.1909 -0.1068 0.0157, 0.0 -0.0871 0.0157, 0.0 -0.0281 0.0157, 0.0591 -0.0281 0.0157, 0.0591 0.031 0.0157, 0.0 0.031 0.0157, 0.0 0.09 0.0157, -0.0512 0.09 0.0157, -0.0512 -0.0871 0.0157
            ]
        }
        coordIndex [
            0,1,2,-1,1,0,3,-1,3,0,4,-1,3,4,5,-1,5,4,6,-1,5,6,2,-1,2,6,7,-1,2,7,0,-1,4,0,8,-1,8,0,9,-1,6,4,10,-1,10,4,8,-1,7,6,11,-1,11,6,10,-1,0,7,9,-1,9,7,11,-1,12,9,11,-1,12,13,9,-1,9,13,14,-1,9,14,8,-1,8,14,15,-1,15,16,8,-1,8,16,17,-1,8,17,10,-1,10,17,18,-1,10,18,11,-1,11,18,19,-1,11,19,12,-1,
        ]
    }
}
Shape{
    appearance Appearance {
        material  Material 	{
            diffuseColor 0.5019607843137255 1.0 0.5019607843137255
            specularColor 0.25098039215686274 0.5019607843137255 0.25098039215686274
            ambientIntensity 0.7943
            transparency 0.0
            shininess 0.5
        }
    }
    geometry IndexedFaceSet {
        ccw TRUE
        solid FALSE
        coord DEF co Coordinate {
            point [
                -0.0512 0.09 0.0161, -0.0512 -0.0871 0.0161, -0.0512 0.09 0.0157, -0.0512 -0.0871 0.0157, 0.0 -0.0871 0.0161, 0.0 -0.0871 0.0157, 0.0 -0.0281 0.0161, 0.0 -0.0281 0.0157, 0.0591 -0.0281 0.0161, 0.0591 -0.0281 0.0157, 0.0591 0.031 0.0161, 0.0591 0.031 0.0157, 0.0 0.031 0.0161, 0.0 0.031 0.0157, 0.0 0.09 0.0161, 0.0 0.09 0.0157
            ]
        }
        coordIndex [
            0,1,2,-1,2,1,3,-1,1,4,3,-1,3,4,5,-1,4,6,5,-1,5,6,7,-1,6,8,7,-1,7,8,9,-1,8,10,9,-1,9,10,11,-1,10,12,11,-1,11,12,13,-1,12,14,13,-1,13,14,15,-1,14,0,15,-1,15,0,2,-1,0,14,1,-1,1,14,12,-1,4,1,6,-1,6,1,12,-1,6,12,8,-1,8,12,10,-1,
        ]
    }
}
Shape{
    appearance Appearance {
        material  Material 	{
            diffuseColor 0.0 0.7529411764705882 0.0
            specularColor 0.0 0.3764705882352941 0.0
            ambientIntensity 0.442
            transparency 0.0
            shininess 0.5
        }
    }
    geometry IndexedFaceSet {
        ccw TRUE
        solid FALSE
        coord DEF co Coordinate {
            point [
                0.1583 0.1045 0.0591, 0.1583 -0.1016 0.0591, 0.1583 0.1045 0.0551, 0.1583 -0.1016 0.0551, 0.1434 0.1045 0.0591, 0.1434 0.1045 0.0551, 0.1434 -0.1016 0.0591, 0.1434 -0.1016 0.0551
            ]
        }
        coordIndex [
            0,1,2,-1,2,1,3,-1,4,0,5,-1,5,0,2,-1,6,4,7,-1,7,4,5,-1,1,6,3,-1,3,6,7,-1,4,6,0,-1,0,6,1,-1,
        ]
    }
}
Shape{
    appearance Appearance {
        material  Material 	{
            diffuseColor 1.0 1.0 1.0
            specularColor 0.5019607843137255 0.5019607843137255 0.5019607843137255
            ambientIntensity 1.0
            transparency 0.0
            shininess 0.5
        }
    }
    geometry IndexedFaceSet {
        ccw TRUE
        solid FALSE
        coord DEF co Coordinate {
            point [
                -0.0984 -0.1068 0.0551, -0.0903 -0.1068 0.0551, -0.0903 -0.1057 0.068, -0.0315 -0.1014 0.1172, -0.0295 -0.1015 0.1159, -0.003 -0.1015 0.1159, 0.0308 -0.1051 0.0744, 0.0304 -0.1051 0.0743, 0.0343 -0.1051 0.0743, 0.0562 -0.1039 0.0886, 0.0566 -0.105 0.0763, 0.0581 -0.1033 0.095, 0.0581 -0.1051 0.0743, 0.0566 -0.1051 0.0745, 0.053 -0.1051 0.0743, 0.05 -0.1045 0.0816, 0.05 -0.105 0.0763, 0.053 -0.1045 0.0816, 0.053 -0.105 0.0763, 0.0557 -0.1045 0.0816, 0.0557 -0.1043 0.0835, 0.053 -0.1043 0.0835, 0.053 -0.1039 0.0886, 0.05 -0.1043 0.0835, 0.05 -0.1039 0.0886, 0.053 -0.1051 0.0745, 0.0479 -0.1051 0.0745, 0.0469 -0.1051 0.0743, 0.0479 -0.1037 0.0904, 0.027 -0.1015 0.1159, 0.0226 -0.1015 0.1159, 0.0231 -0.1015 0.1158, 0.0247 -0.1016 0.1153, 0.0247 -0.1017 0.1132, 0.027 -0.1033 0.095, 0.0193 -0.1029 0.0995, 0.0176 -0.1029 0.0999, 0.0134 -0.1033 0.095, 0.0244 -0.1029 0.1003, 0.0227 -0.1029 0.0997, 0.0157 -0.1025 0.1041, 0.0164 -0.1026 0.103, 0.0167 -0.1027 0.1027, 0.0178 -0.1027 0.102, 0.0213 -0.1028 0.1014, 0.0231 -0.1027 0.1017, 0.0247 -0.1027 0.1024, 0.0247 -0.1029 0.1004, 0.0202 -0.1029 0.0995, 0.016 -0.1028 0.1006, 0.0147 -0.1027 0.1017, 0.0144 -0.1027 0.1021, 0.0151 -0.1021 0.1096, 0.0149 -0.1022 0.1076, 0.0245 -0.1017 0.1133, 0.0149 -0.1023 0.107, 0.0151 -0.1024 0.1054, 0.0189 -0.1028 0.1015, 0.0205 -0.1028 0.1013, 0.0228 -0.1017 0.1139, 0.0163 -0.1018 0.1121, 0.0156 -0.1019 0.111, 0.0209 -0.1017 0.1141, 0.0203 -0.1017 0.1141, 0.0165 -0.1018 0.1124, 0.0189 -0.1017 0.1138, 0.0176 -0.1017 0.1133, 0.021 -0.1015 0.116, 0.027 -0.1003 0.1298, 0.0209 -0.1015 0.116, 0.0134 -0.1003 0.1298, 0.0196 -0.1015 0.1159, 0.0134 -0.1015 0.1159, 0.0171 -0.1016 0.1152, 0.0188 -0.1015 0.1158, 0.0139 -0.1018 0.1122, 0.015 -0.1017 0.1136, 0.0155 -0.1017 0.1141, 0.0135 -0.1026 0.1035, 0.0134 -0.1026 0.1038, 0.0124 -0.1033 0.095, 0.0124 -0.1015 0.1159, 0.0131 -0.102 0.1104, 0.0134 -0.1019 0.1111, 0.0129 -0.1024 0.1052, 0.0127 -0.1022 0.1074, 0.0127 -0.1022 0.1083, 0.0361 -0.1015 0.1157, 0.038 -0.1015 0.1159, 0.0343 -0.1015 0.1159, 0.03 -0.1023 0.107, 0.03 -0.1028 0.1016, 0.0343 -0.1023 0.107, 0.0343 -0.1028 0.1016, 0.0357 -0.1023 0.107, 0.0365 -0.1028 0.1016, 0.0357 -0.1021 0.1088, 0.0361 -0.1017 0.1139, 0.0343 -0.1021 0.1088, 0.0343 -0.1017 0.1139, 0.03 -0.1021 0.1088, 0.03 -0.1017 0.1139, 0.038 -0.1033 0.095, 0.0365 -0.1029 0.0998, 0.0343 -0.1033 0.095, 0.0343 -0.1029 0.0998, 0.0279 -0.1029 0.0998, 0.0279 -0.1015 0.1157, 0.0343 -0.1015 0.1157, 0.0439 -0.1029 0.0998, 0.0395 -0.1029 0.0998, 0.0441 -0.1015 0.1157, 0.0469 -0.1015 0.1159, 0.0395 -0.1015 0.1157, 0.0525 -0.1023 0.1069, 0.0521 -0.1025 0.1051, 0.053 -0.1033 0.095, 0.0513 -0.1026 0.1034, 0.0501 -0.1027 0.102, 0.0501 -0.1017 0.1136, 0.0508 -0.1018 0.113, 0.053 -0.1015 0.1159, 0.05 -0.1027 0.1019, 0.0484 -0.1028 0.1008, 0.0469 -0.1033 0.095, 0.0469 -0.1029 0.1002, 0.0466 -0.1029 0.1001, 0.0466 -0.1015 0.1154, 0.0469 -0.1016 0.1153, 0.0486 -0.1016 0.1147, 0.0518 -0.1019 0.1115, 0.0523 -0.102 0.11, 0.0526 -0.1022 0.108, 0.0581 -0.1019 0.1118, 0.0596 -0.1015 0.1157, 0.0581 -0.1015 0.1159, 0.0618 -0.1015 0.1157, 0.0639 -0.1025 0.1041, 0.0581 -0.1025 0.1041, 0.0656 -0.1029 0.0998, 0.0679 -0.1029 0.0998, 0.0984 -0.1033 0.095, 0.0984 -0.1015 0.1159, 0.0535 -0.1029 0.0998, 0.0557 -0.1029 0.0998, 0.0573 -0.1025 0.1041, 0.0145 -0.1047 0.0793, 0.0149 -0.1047 0.0799, 0.0152 -0.1044 0.0831, 0.0213 -0.1051 0.0745, 0.0189 -0.1051 0.0743, 0.0233 -0.1051 0.0745, 0.027 -0.1051 0.0743, 0.0213 -0.105 0.0762, 0.0213 -0.105 0.0762, 0.0208 -0.105 0.0755, 0.0145 -0.105 0.0759, 0.0142 -0.105 0.0765, 0.0134 -0.1051 0.0743, 0.0141 -0.1049 0.0775, 0.0201 -0.1051 0.0749, 0.0197 -0.1051 0.0746, 0.0157 -0.1051 0.0746, 0.0165 -0.1051 0.0743, 0.0166 -0.1051 0.0743, 0.0141 -0.1048 0.0778, 0.0143 -0.1048 0.0786, 0.0156 -0.1046 0.0804, 0.0164 -0.1046 0.0809, 0.0167 -0.1043 0.084, 0.0179 -0.1045 0.0812, 0.0179 -0.1043 0.0844, 0.0151 -0.1051 0.0751, 0.0149 -0.1051 0.0753, 0.026 -0.1049 0.0769, 0.0268 -0.105 0.0765, 0.027 -0.1046 0.0806, 0.027 -0.105 0.0764, 0.027 -0.1046 0.0806, 0.0152 -0.1042 0.0851, 0.0157 -0.1042 0.0853, 0.0172 -0.1041 0.0859, 0.0213 -0.1045 0.0817, 0.0213 -0.1044 0.0825, 0.0211 -0.1044 0.0832, 0.0192 -0.1041 0.0861, 0.0204 -0.1041 0.086, 0.0212 -0.1041 0.0858, 0.0208 -0.1043 0.0837, 0.0205 -0.1043 0.084, 0.0202 -0.1043 0.0842, 0.0197 -0.1043 0.0844, 0.019 -0.1043 0.0845, 0.0267 -0.1042 0.0846, 0.0263 -0.1043 0.0841, 0.0219 -0.1042 0.0854, 0.0266 -0.1046 0.081, 0.0264 -0.1045 0.0813, 0.0233 -0.1045 0.0818, 0.0261 -0.1045 0.0819, 0.0232 -0.1044 0.0833, 0.0224 -0.1042 0.0849, 0.0228 -0.1043 0.0842, 0.0261 -0.1043 0.0834, 0.026 -0.1044 0.0828, 0.0134 -0.1057 0.068, 0.0178 -0.1052 0.0742, 0.0175 -0.1052 0.0742, 0.026 -0.1051 0.0749, 0.027 -0.1051 0.0745, 0.0274 -0.1051 0.0744, 0.0279 -0.1051 0.0743, 0.0291 -0.1052 0.0742, 0.027 -0.1057 0.068, 0.0332 -0.1042 0.0856, 0.0332 -0.1043 0.0837, 0.0334 -0.105 0.0762, 0.0331 -0.105 0.0756, 0.027 -0.1042 0.0849, 0.0273 -0.1042 0.0852, 0.0279 -0.1042 0.0856, 0.0337 -0.1049 0.0768, 0.029 -0.1041 0.086, 0.0305 -0.1041 0.0861, 0.0319 -0.1041 0.086, 0.0325 -0.1051 0.0751, 0.0319 -0.1051 0.0748, 0.0331 -0.1047 0.0794, 0.0334 -0.1047 0.0789, 0.0337 -0.1048 0.0784, 0.0338 -0.1049 0.0776, 0.0303 -0.1043 0.0845, 0.0297 -0.1043 0.0844, 0.0281 -0.1044 0.083, 0.0291 -0.1043 0.0843, 0.0287 -0.1043 0.0841, 0.0281 -0.1044 0.0827, 0.0282 -0.1044 0.0824, 0.0284 -0.1045 0.0821, 0.0286 -0.1045 0.0819, 0.0293 -0.1045 0.0815, 0.0317 -0.1043 0.0843, 0.0305 -0.1046 0.0809, 0.0329 -0.1043 0.0839, 0.0311 -0.1046 0.0807, 0.0325 -0.1047 0.0799, 0.0284 -0.1043 0.0838, 0.0282 -0.1043 0.0835, 0.0281 -0.1044 0.0833, 0.028 -0.105 0.076, 0.0291 -0.1047 0.0795, 0.0281 -0.1047 0.0799, 0.0293 -0.105 0.0758, 0.0295 -0.105 0.0758, 0.0304 -0.1047 0.0789, 0.0305 -0.105 0.0759, 0.0317 -0.1049 0.0774, 0.0317 -0.1049 0.0776, 0.031 -0.105 0.0761, 0.0311 -0.105 0.0762, 0.0314 -0.105 0.0764, 0.0316 -0.1049 0.0767, 0.0317 -0.1049 0.077, 0.0316 -0.1048 0.0779, 0.0314 -0.1048 0.0782, 0.0312 -0.1048 0.0785, 0.0437 -0.1041 0.0859, 0.0458 -0.1041 0.0859, 0.053 -0.1037 0.0904, 0.0562 -0.1037 0.0904, 0.04 -0.1049 0.0773, 0.0403 -0.105 0.0764, 0.0403 -0.105 0.0764, 0.038 -0.1044 0.0831, 0.0406 -0.1049 0.0773, 0.0404 -0.1049 0.0767, 0.038 -0.1051 0.0743, 0.038 -0.1048 0.0777, 0.0348 -0.1041 0.0859, 0.037 -0.1041 0.0859, 0.0393 -0.1051 0.0745, 0.0392 -0.1051 0.0743, 0.0384 -0.1053 0.0724, 0.0343 -0.1057 0.068, 0.0352 -0.1056 0.0693, 0.0352 -0.1054 0.071, 0.0364 -0.1055 0.0708, 0.0364 -0.1055 0.0708, 0.0358 -0.1054 0.0709, 0.0376 -0.1054 0.0713, 0.038 -0.1054 0.0717, 0.038 -0.1054 0.0717, 0.038 -0.1056 0.0695, 0.0374 -0.1056 0.0692, 0.038 -0.1057 0.068, 0.0365 -0.1056 0.0691, 0.0358 -0.1056 0.0691, 0.0369 -0.1054 0.0709, 0.0373 -0.1054 0.0711, 0.0469 -0.1057 0.068, 0.0388 -0.1055 0.07, 0.0382 -0.1056 0.0695, 0.0412 -0.1051 0.0743, 0.0406 -0.1053 0.0727, 0.0397 -0.1054 0.071, -0.0104 -0.1033 0.095, -0.003 -0.1033 0.095, -0.0114 -0.1031 0.0975, -0.0138 -0.1028 0.1007, -0.0169 -0.1026 0.1033, -0.0269 -0.1017 0.1141, -0.0264 -0.1017 0.1136, -0.0231 -0.1021 0.1096, -0.0208 -0.1024 0.1051, -0.0202 -0.1025 0.105, -0.0526 -0.1013 0.1177, -0.0477 -0.1012 0.1194, -0.0903 -0.1003 0.1298, -0.0424 -0.1011 0.12, -0.003 -0.1003 0.1298, -0.0414 -0.1011 0.12, -0.0365 -0.1012 0.1192, -0.0903 -0.1015 0.1159, -0.0682 -0.102 0.1103, -0.0637 -0.102 0.1108, -0.0821 -0.1035 0.0935, -0.0819 -0.1033 0.095, -0.0903 -0.1033 0.095, -0.0814 -0.1031 0.0978, -0.0796 -0.1027 0.1019, -0.0768 -0.1024 0.1054, -0.0556 -0.1015 0.1159, -0.0561 -0.1015 0.1156, -0.0588 -0.1017 0.1133, -0.0624 -0.102 0.1107, -0.0611 -0.102 0.1106, -0.076 -0.1024 0.1061, -0.0724 -0.1021 0.1086, -0.0683 -0.1051 0.0746, -0.0697 -0.1051 0.0751, -0.0903 -0.1051 0.0743, -0.0738 -0.1049 0.0771, -0.0774 -0.1046 0.0801, -0.08 -0.1043 0.0838, -0.0816 -0.1039 0.088, -0.0822 -0.1036 0.0924, -0.0632 -0.1057 0.0684, -0.0654 -0.1055 0.0701, -0.0671 -0.1053 0.0722, -0.0681 -0.1051 0.0743, -0.003 -0.1068 0.0551, -0.003 -0.1057 0.068, -0.0527 -0.1057 0.068, -0.0547 -0.1058 0.0673, -0.0575 -0.1058 0.0669, -0.0579 -0.1058 0.0669, -0.0606 -0.1058 0.0673, -0.0622 -0.1057 0.068, -0.003 -0.1051 0.0743, -0.0468 -0.1051 0.0743, -0.0468 -0.1051 0.0743, -0.0482 -0.1054 0.0717, -0.0499 -0.1055 0.0698, -0.0522 -0.1057 0.0682, -0.0137 -0.1047 0.0795, -0.0168 -0.1049 0.0769, -0.0489 -0.1041 0.0859, -0.0337 -0.1034 0.0938, -0.0509 -0.104 0.0877, -0.0533 -0.1039 0.089, -0.0322 -0.1046 0.081, -0.0314 -0.1045 0.0813, -0.0301 -0.104 0.0878, -0.0115 -0.1044 0.0827, -0.0166 -0.1037 0.0911, -0.0172 -0.1035 0.0933, -0.018 -0.1033 0.095, -0.0747 -0.1033 0.095, -0.0329 -0.1046 0.0805, -0.01 -0.1034 0.094, -0.0095 -0.1037 0.0903, -0.01 -0.1041 0.0862, -0.074 -0.1039 0.0881, -0.0727 -0.1041 0.0859, -0.0669 -0.1042 0.0847, -0.0706 -0.1043 0.0838, -0.0682 -0.1045 0.0822, -0.0627 -0.1039 0.0884, -0.065 -0.1041 0.0868, -0.075 -0.1035 0.0927, -0.0748 -0.1037 0.0909, -0.0306 -0.1045 0.0814, -0.0305 -0.1045 0.0814, -0.0301 -0.1045 0.0814, -0.0602 -0.1038 0.0894, -0.0575 -0.1038 0.0897, -0.0561 -0.1038 0.0896, -0.0203 -0.1051 0.0752, -0.0241 -0.1051 0.0744, -0.0308 -0.1051 0.0744, -0.0314 -0.1051 0.0745, -0.0321 -0.1051 0.0748, -0.0329 -0.1051 0.0753, -0.0332 -0.105 0.0756, -0.0187 -0.1043 0.0844, -0.0175 -0.1041 0.0862, -0.0168 -0.1039 0.0882, -0.0166 -0.1038 0.0902, -0.0341 -0.1048 0.0779, -0.0341 -0.1048 0.0783, -0.0461 -0.1047 0.0794, -0.0339 -0.1047 0.0791, -0.0335 -0.1047 0.0799, -0.0299 -0.1045 0.0813, -0.0248 -0.1045 0.0813, -0.0235 -0.1045 0.0815, -0.0337 -0.105 0.0763, -0.034 -0.1049 0.0771, -0.0461 -0.1049 0.0771, -0.0461 -0.1048 0.0783, -0.0214 -0.1044 0.0823, -0.0196 -0.1043 0.0835, -0.0288 -0.1024 0.1059, -0.0314 -0.1021 0.1089, -0.0576 -0.1027 0.1023, -0.0317 -0.1021 0.1091, -0.0349 -0.1019 0.1114, -0.0558 -0.1024 0.1059, -0.0583 -0.1027 0.1027, -0.0609 -0.1026 0.1037, -0.0235 -0.103 0.0988, -0.0255 -0.103 0.099, -0.0264 -0.103 0.099, -0.0271 -0.1027 0.1022, -0.0182 -0.1033 0.0953, -0.0197 -0.1032 0.0969, -0.0215 -0.1031 0.0981, -0.0676 -0.1026 0.1033, -0.0702 -0.1027 0.1019, -0.0648 -0.1026 0.1039, -0.0721 -0.1029 0.1002, -0.0737 -0.1031 0.098, -0.0533 -0.1021 0.1089, -0.0384 -0.1018 0.1127, -0.0502 -0.1019 0.1112, -0.0423 -0.1017 0.1132, -0.0465 -0.1018 0.1127, -0.0636 -0.1025 0.104, -0.0746 -0.1033 0.0954, 0.0984 -0.1051 0.0743, 0.064 -0.1051 0.0745, 0.0596 -0.1051 0.0745, 0.0596 -0.1037 0.0904, 0.0726 -0.1045 0.0816, 0.0722 -0.1047 0.0797, 0.0735 -0.1051 0.0745, 0.0714 -0.1048 0.0781, 0.0702 -0.1049 0.0767, 0.0796 -0.1037 0.0904, 0.0818 -0.1037 0.0904, 0.0879 -0.1051 0.0745, 0.0856 -0.1051 0.0745, 0.0726 -0.1044 0.0826, 0.0724 -0.1042 0.0847, 0.07 -0.1049 0.0765, 0.0685 -0.105 0.0755, 0.0667 -0.1051 0.0748, 0.0702 -0.1039 0.0883, 0.0709 -0.104 0.0876, 0.0718 -0.1041 0.0862, 0.0758 -0.1051 0.0745, 0.0773 -0.1047 0.0788, 0.084 -0.1047 0.0788, 0.0641 -0.1037 0.0904, 0.0667 -0.1038 0.0901, 0.0686 -0.1038 0.0894, 0.0984 -0.1057 0.068, 0.0581 -0.1057 0.068, 0.053 -0.1057 0.068, 0.0984 -0.1003 0.1298, 0.0581 -0.1003 0.1298, 0.053 -0.1003 0.1298, 0.0469 -0.1003 0.1298, 0.038 -0.1003 0.1298, 0.0343 -0.1003 0.1298, 0.0984 -0.1068 0.0551, 0.0581 -0.1068 0.0551, 0.053 -0.1068 0.0551, 0.0469 -0.1068 0.0551, 0.038 -0.1068 0.0551, 0.0343 -0.1068 0.0551, 0.027 -0.1068 0.0551, 0.0134 -0.1068 0.0551, 0.0124 -0.1068 0.0551, 0.0124 -0.1057 0.068, 0.0124 -0.1051 0.0743, 0.0122 -0.105 0.0763, 0.0122 -0.1051 0.0745, 0.0036 -0.1051 0.0745, 0.0118 -0.1039 0.0886, 0.0036 -0.1037 0.0904, 0.0118 -0.1037 0.0904, 0.0057 -0.1045 0.0816, 0.0057 -0.105 0.0763, 0.0114 -0.1045 0.0816, 0.0114 -0.1043 0.0835, 0.0057 -0.1043 0.0835, 0.0057 -0.1039 0.0886, 0.0057 -0.1015 0.1157, 0.0057 -0.1028 0.1016, 0.012 -0.1028 0.1016, 0.0036 -0.1029 0.0998, 0.0036 -0.1015 0.1157, 0.012 -0.1029 0.0998, 0.0124 -0.1003 0.1298, -0.0984 -0.1057 0.068, -0.0984 -0.1051 0.0743, -0.0984 -0.1033 0.095, -0.0984 -0.1015 0.1159, -0.0984 -0.1003 0.1298, 0.0984 -0.0994 0.1395, 0.0581 -0.0994 0.1395, 0.053 -0.0994 0.1395, 0.0469 -0.0994 0.1395, 0.038 -0.0994 0.1395, 0.0343 -0.0994 0.1395, 0.027 -0.0994 0.1395, 0.0134 -0.0994 0.1395, 0.0124 -0.0994 0.1395, -0.003 -0.0994 0.1395, -0.0903 -0.0994 0.1395, -0.0984 -0.0994 0.1395, 0.1172 -0.0933 0.1395, 0.1162 -0.094 0.1395, 0.1203 -0.1002 0.0551, 0.1061 -0.1061 0.0551, 0.1046 -0.0988 0.1395, 0.1034 -0.099 0.1395, 0.1083 -0.0979 0.1395, 0.1135 -0.1038 0.0551, 0.1106 -0.0969 0.1395, 0.1129 -0.096 0.1395, 0.121 -0.0901 0.1395, 0.1263 -0.0953 0.0551, 0.1243 -0.0863 0.1395, 0.1312 -0.0893 0.0551, 0.125 -0.0852 0.1395, 0.1269 -0.082 0.1395, 0.1348 -0.0825 0.0551, 0.1279 -0.0797 0.1395, 0.137 -0.0751 0.0551, 0.1378 -0.0675 0.0551, 0.1304 -0.0675 0.1395, 0.13 -0.0725 0.1395, 0.1297 -0.0737 0.1395, 0.1288 -0.0773 0.1395, 0.1304 0.0703 0.1395, 0.1378 0.0703 0.0551, 0.1243 0.0891 0.1395, 0.125 0.0881 0.1395, 0.1312 0.0922 0.0551, 0.13 0.0753 0.1395, 0.137 0.078 0.0551, 0.1297 0.0766 0.1395, 0.1288 0.0802 0.1395, 0.1348 0.0854 0.0551, 0.1279 0.0825 0.1395, 0.1269 0.0849 0.1395, 0.121 0.093 0.1395, 0.1263 0.0982 0.0551, 0.1172 0.0962 0.1395, 0.1203 0.1031 0.0551, 0.1162 0.0969 0.1395, 0.1129 0.0988 0.1395, 0.1135 0.1067 0.0551, 0.1106 0.0998 0.1395, 0.1061 0.109 0.0551, 0.0984 0.1097 0.0551, 0.0984 0.1023 0.1395, 0.1034 0.1019 0.1395, 0.1046 0.1016 0.1395, 0.1083 0.1008 0.1395, -0.0984 0.1023 0.1395, -0.0984 0.1097 0.0551, -0.1172 0.0962 0.1395, -0.1162 0.0969 0.1395, -0.1203 0.1031 0.0551, -0.1034 0.1019 0.1395, -0.1061 0.109 0.0551, -0.1046 0.1016 0.1395, -0.1083 0.1008 0.1395, -0.1135 0.1067 0.0551, -0.1106 0.0998 0.1395, -0.1129 0.0988 0.1395, -0.121 0.093 0.1395, -0.1263 0.0982 0.0551, -0.1243 0.0891 0.1395, -0.1312 0.0922 0.0551, -0.125 0.0881 0.1395, -0.1269 0.0849 0.1395, -0.1348 0.0854 0.0551, -0.1279 0.0825 0.1395, -0.137 0.078 0.0551, -0.1378 0.0703 0.0551, -0.1304 0.0703 0.1395, -0.13 0.0753 0.1395, -0.1297 0.0766 0.1395, -0.1288 0.0802 0.1395, -0.1304 -0.0675 0.1395, -0.1378 -0.0675 0.0551, -0.1034 -0.099 0.1395, -0.1046 -0.0988 0.1395, -0.1061 -0.1061 0.0551, -0.1243 -0.0863 0.1395, -0.125 -0.0852 0.1395, -0.1312 -0.0893 0.0551, -0.13 -0.0725 0.1395, -0.137 -0.0751 0.0551, -0.1297 -0.0737 0.1395, -0.1288 -0.0773 0.1395, -0.1348 -0.0825 0.0551, -0.1279 -0.0797 0.1395, -0.1269 -0.082 0.1395, -0.121 -0.0901 0.1395, -0.1263 -0.0953 0.0551, -0.1172 -0.0933 0.1395, -0.1203 -0.1002 0.0551, -0.1162 -0.094 0.1395, -0.1129 -0.096 0.1395, -0.1135 -0.1038 0.0551, -0.1106 -0.0969 0.1395, -0.1083 -0.0979 0.1395, 0.1106 -0.0694 0.1575, 0.1108 -0.0675 0.1575, 0.0984 -0.0798 0.1575, -0.0984 -0.0798 0.1575, 0.1102 0.0742 0.1575, 0.1095 0.076 0.1575, 0.1022 0.0821 0.1575, 0.1084 -0.0747 0.1575, 0.1095 -0.0731 0.1575, 0.1102 -0.0713 0.1575, -0.1022 0.0821 0.1575, -0.104 0.0814 0.1575, -0.1095 0.076 0.1575, -0.1102 0.0742 0.1575, -0.1106 0.0723 0.1575, -0.0984 0.0827 0.1575, -0.1108 0.0703 0.1575, 0.0984 0.0827 0.1575, 0.1004 0.0826 0.1575, 0.1108 0.0703 0.1575, -0.1108 -0.0675 0.1575, -0.1106 -0.0694 0.1575, -0.1102 -0.0713 0.1575, -0.1095 -0.0731 0.1575, -0.1084 -0.0747 0.1575, -0.104 -0.0785 0.1575, -0.1057 -0.0775 0.1575, -0.1072 -0.0762 0.1575, 0.1022 -0.0792 0.1575, 0.104 -0.0785 0.1575, 0.1057 -0.0775 0.1575, 0.1106 0.0723 0.1575, 0.1084 0.0776 0.1575, 0.1072 0.0791 0.1575, 0.104 0.0814 0.1575, 0.1057 0.0804 0.1575, -0.1022 -0.0792 0.1575, -0.1004 -0.0797 0.1575, 0.1004 -0.0797 0.1575, 0.1072 -0.0762 0.1575, -0.1004 0.0826 0.1575, -0.1057 0.0804 0.1575, -0.1072 0.0791 0.1575, -0.1084 0.0776 0.1575, 0.0984 0.1015 0.1436, -0.0984 0.1015 0.1436, 0.0984 0.1013 0.1442, -0.0984 0.1013 0.1442, 0.0984 0.0999 0.1474, -0.0984 0.0999 0.1474, 0.0984 0.0991 0.1486, -0.0984 0.0991 0.1486, 0.0984 0.0975 0.1508, -0.0984 0.0975 0.1508, 0.0984 0.0959 0.1522, -0.0984 0.0959 0.1522, 0.0984 0.0944 0.1536, -0.0984 0.0944 0.1536, 0.0984 0.092 0.155, -0.0984 0.092 0.155, 0.0984 0.0908 0.1557, -0.0984 0.0908 0.1557, 0.0984 0.0875 0.1568, -0.0984 0.0875 0.1568, 0.0984 0.0869 0.157, -0.0984 0.0869 0.157, -0.1081 0.1 0.1436, -0.1126 0.0981 0.1436, -0.1168 0.0956 0.1436, -0.1262 0.0845 0.1436, -0.1292 0.0752 0.1436, -0.101 0.0867 0.157, -0.1149 0.0703 0.157, -0.1147 0.0729 0.157, -0.1156 0.0703 0.1568, -0.1186 0.0735 0.1557, -0.1016 0.0906 0.1557, -0.1222 0.0741 0.1536, -0.1201 0.0703 0.155, -0.1189 0.0703 0.1557, -0.1022 0.0941 0.1536, -0.1252 0.0746 0.1508, -0.124 0.0703 0.1522, -0.1225 0.0703 0.1536, -0.1027 0.0971 0.1508, -0.1276 0.075 0.1474, -0.1272 0.0703 0.1486, -0.1256 0.0703 0.1508, -0.103 0.0995 0.1474, -0.1293 0.0703 0.1442, -0.128 0.0703 0.1474, -0.1141 0.0754 0.157, -0.1131 0.0778 0.157, -0.1179 0.0767 0.1557, -0.1167 0.0796 0.1557, -0.1213 0.0778 0.1536, -0.1199 0.0813 0.1536, -0.1242 0.0787 0.1508, -0.1226 0.0827 0.1508, -0.1265 0.0795 0.1474, -0.1248 0.0838 0.1474, -0.1281 0.08 0.1436, -0.1296 0.0703 0.1436, -0.1237 0.0887 0.1436, -0.1223 0.0877 0.1474, -0.1204 0.0863 0.1508, -0.1179 0.0845 0.1536, -0.115 0.0824 0.1557, -0.1118 0.0801 0.157, -0.1101 0.082 0.157, -0.1129 0.0848 0.1557, -0.1154 0.0874 0.1536, -0.1176 0.0895 0.1508, -0.1193 0.0912 0.1474, -0.1205 0.0924 0.1436, -0.1081 0.0837 0.157, -0.1105 0.0869 0.1557, -0.1126 0.0898 0.1536, -0.1144 0.0923 0.1508, -0.1158 0.0942 0.1474, -0.1118 0.0967 0.1474, -0.1107 0.0945 0.1508, -0.1094 0.0918 0.1536, -0.1077 0.0886 0.1557, -0.1059 0.0851 0.157, -0.1076 0.0984 0.1474, -0.1068 0.0962 0.1508, -0.1059 0.0932 0.1536, -0.1048 0.0898 0.1557, -0.1035 0.0861 0.157, -0.1033 0.1011 0.1436, 0.1281 0.08 0.1436, 0.1262 0.0845 0.1436, 0.1237 0.0887 0.1436, 0.1126 0.0981 0.1436, 0.1033 0.1011 0.1436, 0.1147 0.0729 0.157, 0.101 0.0867 0.157, 0.1016 0.0906 0.1557, 0.1149 0.0703 0.157, 0.1156 0.0703 0.1568, 0.1186 0.0735 0.1557, 0.1022 0.0941 0.1536, 0.1189 0.0703 0.1557, 0.1201 0.0703 0.155, 0.1222 0.0741 0.1536, 0.1027 0.0971 0.1508, 0.1225 0.0703 0.1536, 0.124 0.0703 0.1522, 0.1252 0.0746 0.1508, 0.103 0.0995 0.1474, 0.1256 0.0703 0.1508, 0.1272 0.0703 0.1486, 0.1276 0.075 0.1474, 0.1035 0.0861 0.157, 0.1059 0.0851 0.157, 0.1048 0.0898 0.1557, 0.1077 0.0886 0.1557, 0.1059 0.0932 0.1536, 0.1094 0.0918 0.1536, 0.1068 0.0962 0.1508, 0.1107 0.0945 0.1508, 0.1076 0.0984 0.1474, 0.1118 0.0967 0.1474, 0.1081 0.1 0.1436, 0.1168 0.0956 0.1436, 0.1158 0.0942 0.1474, 0.1144 0.0923 0.1508, 0.1126 0.0898 0.1536, 0.1105 0.0869 0.1557, 0.1081 0.0837 0.157, 0.1101 0.082 0.157, 0.1129 0.0848 0.1557, 0.1154 0.0874 0.1536, 0.1176 0.0895 0.1508, 0.1193 0.0912 0.1474, 0.1205 0.0924 0.1436, 0.1118 0.0801 0.157, 0.115 0.0824 0.1557, 0.1179 0.0845 0.1536, 0.1204 0.0863 0.1508, 0.1223 0.0877 0.1474, 0.1248 0.0838 0.1474, 0.1226 0.0827 0.1508, 0.1199 0.0813 0.1536, 0.1167 0.0796 0.1557, 0.1131 0.0778 0.157, 0.1265 0.0795 0.1474, 0.1242 0.0787 0.1508, 0.1213 0.0778 0.1536, 0.1179 0.0767 0.1557, 0.1141 0.0754 0.157, 0.1292 0.0752 0.1436, 0.128 0.0703 0.1474, 0.1293 0.0703 0.1442, 0.1296 0.0703 0.1436, -0.1296 -0.0675 0.1436, -0.1293 -0.0675 0.1442, -0.128 -0.0675 0.1474, -0.1272 -0.0675 0.1486, -0.1256 -0.0675 0.1508, -0.124 -0.0675 0.1522, -0.1225 -0.0675 0.1536, -0.1201 -0.0675 0.155, -0.1189 -0.0675 0.1557, -0.1156 -0.0675 0.1568, -0.1149 -0.0675 0.157, 0.1296 -0.0675 0.1436, 0.1293 -0.0675 0.1442, 0.128 -0.0675 0.1474, 0.1272 -0.0675 0.1486, 0.1256 -0.0675 0.1508, 0.124 -0.0675 0.1522, 0.1225 -0.0675 0.1536, 0.1201 -0.0675 0.155, 0.1189 -0.0675 0.1557, 0.1156 -0.0675 0.1568, 0.1149 -0.0675 0.157, -0.1262 -0.0816 0.1436, -0.1237 -0.0858 0.1436, -0.1126 -0.0952 0.1436, -0.1033 -0.0983 0.1436, -0.1147 -0.07 0.157, -0.0984 -0.084 0.157, -0.101 -0.0838 0.157, -0.0984 -0.0846 0.1568, -0.1016 -0.0877 0.1557, -0.1186 -0.0707 0.1557, -0.1022 -0.0912 0.1536, -0.0984 -0.0891 0.155, -0.0984 -0.0879 0.1557, -0.1222 -0.0712 0.1536, -0.1027 -0.0943 0.1508, -0.0984 -0.0931 0.1522, -0.0984 -0.0915 0.1536, -0.1252 -0.0717 0.1508, -0.103 -0.0966 0.1474, -0.0984 -0.0962 0.1486, -0.0984 -0.0946 0.1508, -0.1131 -0.075 0.157, -0.1141 -0.0726 0.157, -0.1167 -0.0767 0.1557, -0.1179 -0.0738 0.1557, -0.1199 -0.0784 0.1536, -0.1213 -0.0749 0.1536, -0.1226 -0.0798 0.1508, -0.1242 -0.0758 0.1508, -0.1248 -0.0809 0.1474, -0.1265 -0.0766 0.1474, -0.1276 -0.0721 0.1474, -0.0984 -0.0984 0.1442, -0.0984 -0.097 0.1474, -0.1035 -0.0832 0.157, -0.1059 -0.0822 0.157, -0.1048 -0.0869 0.1557, -0.1077 -0.0857 0.1557, -0.1059 -0.0903 0.1536, -0.1094 -0.0889 0.1536, -0.1068 -0.0933 0.1508, -0.1107 -0.0916 0.1508, -0.1076 -0.0956 0.1474, -0.1118 -0.0938 0.1474, -0.1081 -0.0971 0.1436, -0.1281 -0.0771 0.1436, -0.1292 -0.0723 0.1436, -0.0984 -0.0986 0.1436, -0.1168 -0.0927 0.1436, -0.1158 -0.0914 0.1474, -0.1144 -0.0894 0.1508, -0.1126 -0.0869 0.1536, -0.1105 -0.084 0.1557, -0.1081 -0.0808 0.157, -0.1101 -0.0791 0.157, -0.1129 -0.0819 0.1557, -0.1154 -0.0845 0.1536, -0.1176 -0.0866 0.1508, -0.1193 -0.0883 0.1474, -0.1205 -0.0895 0.1436, -0.1118 -0.0772 0.157, -0.115 -0.0795 0.1557, -0.1179 -0.0816 0.1536, -0.1204 -0.0834 0.1508, -0.1223 -0.0848 0.1474, 0.1081 -0.0971 0.1436, 0.1126 -0.0952 0.1436, 0.1168 -0.0927 0.1436, 0.1262 -0.0816 0.1436, 0.1292 -0.0723 0.1436, 0.101 -0.0838 0.157, 0.1147 -0.07 0.157, 0.1186 -0.0707 0.1557, 0.0984 -0.084 0.157, 0.0984 -0.0846 0.1568, 0.1016 -0.0877 0.1557, 0.1222 -0.0712 0.1536, 0.0984 -0.0879 0.1557, 0.0984 -0.0891 0.155, 0.1022 -0.0912 0.1536, 0.1252 -0.0717 0.1508, 0.0984 -0.0915 0.1536, 0.0984 -0.0931 0.1522, 0.1027 -0.0943 0.1508, 0.1276 -0.0721 0.1474, 0.0984 -0.0946 0.1508, 0.0984 -0.0962 0.1486, 0.103 -0.0966 0.1474, 0.1141 -0.0726 0.157, 0.1131 -0.075 0.157, 0.1179 -0.0738 0.1557, 0.1167 -0.0767 0.1557, 0.1213 -0.0749 0.1536, 0.1199 -0.0784 0.1536, 0.1242 -0.0758 0.1508, 0.1226 -0.0798 0.1508, 0.1265 -0.0766 0.1474, 0.1248 -0.0809 0.1474, 0.1281 -0.0771 0.1436, 0.1237 -0.0858 0.1436, 0.1223 -0.0848 0.1474, 0.1204 -0.0834 0.1508, 0.1179 -0.0816 0.1536, 0.115 -0.0795 0.1557, 0.1118 -0.0772 0.157, 0.1101 -0.0791 0.157, 0.1129 -0.0819 0.1557, 0.1154 -0.0845 0.1536, 0.1176 -0.0866 0.1508, 0.1193 -0.0883 0.1474, 0.1205 -0.0895 0.1436, 0.1081 -0.0808 0.157, 0.1105 -0.084 0.1557, 0.1126 -0.0869 0.1536, 0.1144 -0.0894 0.1508, 0.1158 -0.0914 0.1474, 0.1118 -0.0938 0.1474, 0.1107 -0.0916 0.1508, 0.1094 -0.0889 0.1536, 0.1077 -0.0857 0.1557, 0.1059 -0.0822 0.157, 0.1076 -0.0956 0.1474, 0.1068 -0.0933 0.1508, 0.1059 -0.0903 0.1536, 0.1048 -0.0869 0.1557, 0.1035 -0.0832 0.157, 0.1033 -0.0983 0.1436, 0.0984 -0.097 0.1474, 0.0984 -0.0984 0.1442, 0.0984 -0.0986 0.1436
            ]
        }
        coordIndex [
            0,1,2,-1,3,4,5,-1,6,7,8,-1,9,10,11,-1,11,10,12,-1,12,10,13,-1,12,13,14,-1,15,16,17,-1,17,16,18,-1,17,18,19,-1,19,18,10,-1,19,10,20,-1,20,10,9,-1,20,9,21,-1,21,9,22,-1,21,22,23,-1,23,22,24,-1,13,25,14,-1,14,25,26,-1,14,26,27,-1,27,26,28,-1,29,30,31,-1,31,32,29,-1,29,32,33,-1,29,33,34,-1,35,36,37,-1,38,39,34,-1,40,41,33,-1,33,41,42,-1,33,42,43,-1,44,45,33,-1,33,45,46,-1,33,46,34,-1,34,46,47,-1,34,47,38,-1,35,37,48,-1,36,49,37,-1,37,49,50,-1,37,50,51,-1,52,53,54,-1,54,53,55,-1,54,55,33,-1,33,55,56,-1,33,56,40,-1,43,57,33,-1,33,57,58,-1,33,58,44,-1,59,60,54,-1,54,60,61,-1,54,61,52,-1,59,62,60,-1,60,62,63,-1,60,63,64,-1,64,63,65,-1,64,65,66,-1,67,68,69,-1,69,68,70,-1,69,70,71,-1,72,73,74,-1,75,76,72,-1,72,76,77,-1,72,77,73,-1,51,78,37,-1,37,78,79,-1,37,79,80,-1,81,82,72,-1,72,82,83,-1,72,83,75,-1,79,84,80,-1,80,84,85,-1,80,85,81,-1,81,85,86,-1,81,86,82,-1,87,88,89,-1,90,91,92,-1,92,91,93,-1,92,93,94,-1,94,93,95,-1,94,95,96,-1,96,95,97,-1,96,97,98,-1,98,97,99,-1,98,99,100,-1,100,99,101,-1,87,97,88,-1,88,97,95,-1,88,95,102,-1,102,95,103,-1,102,103,104,-1,104,103,105,-1,104,105,34,-1,34,105,106,-1,34,106,29,-1,29,106,107,-1,29,107,89,-1,89,107,108,-1,89,108,87,-1,109,110,102,-1,111,112,88,-1,102,110,88,-1,88,110,113,-1,88,113,111,-1,114,115,116,-1,116,115,117,-1,116,117,118,-1,119,120,121,-1,118,122,116,-1,116,122,123,-1,116,123,124,-1,124,123,125,-1,124,125,126,-1,111,127,112,-1,112,127,128,-1,112,128,121,-1,121,128,129,-1,121,129,119,-1,120,130,121,-1,121,130,131,-1,121,131,132,-1,133,134,135,-1,135,134,136,-1,137,138,139,-1,139,138,11,-1,139,11,140,-1,140,11,141,-1,140,141,136,-1,136,141,142,-1,136,142,135,-1,143,116,144,-1,144,116,11,-1,144,11,145,-1,145,11,138,-1,133,135,143,-1,143,135,121,-1,143,121,116,-1,116,121,132,-1,116,132,114,-1,146,147,148,-1,149,150,151,-1,151,150,152,-1,153,154,149,-1,149,154,155,-1,156,157,158,-1,158,157,159,-1,155,160,149,-1,149,160,161,-1,149,161,150,-1,162,158,163,-1,163,158,164,-1,37,165,166,-1,147,167,148,-1,148,167,168,-1,148,168,169,-1,169,168,170,-1,169,170,171,-1,162,172,158,-1,158,172,173,-1,158,173,156,-1,174,175,176,-1,176,175,177,-1,176,177,178,-1,146,148,166,-1,166,148,179,-1,166,179,37,-1,37,179,180,-1,37,180,181,-1,182,183,170,-1,170,183,184,-1,181,185,37,-1,37,185,186,-1,37,186,187,-1,184,188,170,-1,170,188,189,-1,170,189,190,-1,190,191,170,-1,170,191,192,-1,170,192,171,-1,39,48,34,-1,34,48,37,-1,34,37,193,-1,193,37,187,-1,193,187,194,-1,194,187,195,-1,196,197,198,-1,198,197,199,-1,198,199,200,-1,195,201,194,-1,194,201,202,-1,194,202,203,-1,203,202,200,-1,203,200,204,-1,204,200,199,-1,205,206,207,-1,176,196,174,-1,174,196,198,-1,174,198,208,-1,208,198,151,-1,208,151,209,-1,209,151,152,-1,209,152,210,-1,210,152,211,-1,212,211,213,-1,213,211,152,-1,213,152,205,-1,205,152,150,-1,205,150,206,-1,214,215,8,-1,216,217,8,-1,193,218,34,-1,34,218,219,-1,34,219,220,-1,216,8,221,-1,220,222,34,-1,34,222,223,-1,34,223,104,-1,104,223,224,-1,104,224,214,-1,217,225,8,-1,8,225,226,-1,8,226,6,-1,227,228,215,-1,215,228,229,-1,215,229,8,-1,8,229,230,-1,8,230,221,-1,231,232,233,-1,233,232,234,-1,233,234,235,-1,233,236,231,-1,231,236,237,-1,231,237,238,-1,238,239,231,-1,231,239,240,-1,231,240,241,-1,241,240,242,-1,241,242,243,-1,243,242,244,-1,243,244,215,-1,215,244,245,-1,215,245,227,-1,246,247,235,-1,235,247,248,-1,235,248,233,-1,249,250,177,-1,177,250,251,-1,177,251,178,-1,249,252,250,-1,250,252,253,-1,250,253,254,-1,254,253,255,-1,254,256,257,-1,255,258,254,-1,254,258,259,-1,254,259,260,-1,260,261,254,-1,254,261,262,-1,254,262,256,-1,257,263,254,-1,254,263,264,-1,254,264,265,-1,266,267,124,-1,267,27,124,-1,124,27,28,-1,124,28,116,-1,116,28,268,-1,116,268,11,-1,11,268,269,-1,11,269,9,-1,270,271,272,-1,126,109,124,-1,124,109,102,-1,124,102,266,-1,266,102,273,-1,266,273,274,-1,274,273,270,-1,274,270,275,-1,275,270,272,-1,276,277,8,-1,8,277,278,-1,214,8,104,-1,104,8,278,-1,104,278,102,-1,102,278,279,-1,102,279,273,-1,280,277,281,-1,281,277,276,-1,281,276,282,-1,283,284,285,-1,276,286,287,-1,212,213,7,-1,7,213,283,-1,7,283,8,-1,8,283,285,-1,8,285,276,-1,276,285,288,-1,276,288,286,-1,289,290,276,-1,276,290,291,-1,276,291,282,-1,292,293,294,-1,294,293,295,-1,294,295,283,-1,283,295,296,-1,283,296,284,-1,287,297,276,-1,276,297,298,-1,276,298,289,-1,299,300,294,-1,294,300,301,-1,294,301,292,-1,302,303,299,-1,299,303,304,-1,299,304,300,-1,305,306,307,-1,307,306,5,-1,307,5,308,-1,308,5,309,-1,4,310,5,-1,5,310,311,-1,5,311,312,-1,312,313,5,-1,5,313,314,-1,5,314,309,-1,315,316,317,-1,317,316,318,-1,317,318,319,-1,319,318,320,-1,319,320,321,-1,322,323,324,-1,325,326,327,-1,327,326,328,-1,327,328,322,-1,322,328,329,-1,322,329,330,-1,315,317,331,-1,331,317,322,-1,331,322,332,-1,332,322,324,-1,332,324,333,-1,333,324,334,-1,333,334,335,-1,330,336,322,-1,322,336,337,-1,322,337,323,-1,338,339,340,-1,340,339,341,-1,340,341,342,-1,342,343,340,-1,340,343,344,-1,340,344,327,-1,327,344,345,-1,327,345,325,-1,346,347,2,-1,2,347,348,-1,2,348,340,-1,340,348,349,-1,340,349,338,-1,350,351,352,-1,352,353,350,-1,350,353,354,-1,350,354,1,-1,354,355,1,-1,1,355,356,-1,1,356,2,-1,2,356,357,-1,2,357,346,-1,358,359,351,-1,351,359,360,-1,351,360,361,-1,361,362,351,-1,351,362,363,-1,351,363,352,-1,364,365,358,-1,366,367,368,-1,368,367,369,-1,370,371,372,-1,364,358,373,-1,374,375,367,-1,367,375,376,-1,367,376,377,-1,370,372,378,-1,305,379,306,-1,306,379,380,-1,306,380,358,-1,358,380,381,-1,358,381,373,-1,382,383,384,-1,384,383,385,-1,384,385,386,-1,387,377,388,-1,388,377,389,-1,388,389,384,-1,384,389,390,-1,384,390,382,-1,371,391,372,-1,372,391,392,-1,372,392,393,-1,387,394,377,-1,377,394,395,-1,377,395,367,-1,367,395,396,-1,367,396,369,-1,365,397,358,-1,358,397,398,-1,358,398,359,-1,359,398,399,-1,359,399,400,-1,400,401,359,-1,359,401,402,-1,359,402,403,-1,404,405,372,-1,372,405,406,-1,372,406,367,-1,367,406,407,-1,367,407,374,-1,408,409,410,-1,410,409,411,-1,410,411,372,-1,372,411,412,-1,372,412,378,-1,393,413,372,-1,372,413,414,-1,372,414,415,-1,403,416,359,-1,359,416,417,-1,359,417,418,-1,418,417,408,-1,418,408,419,-1,419,408,410,-1,415,420,372,-1,372,420,421,-1,372,421,404,-1,422,423,424,-1,423,425,424,-1,424,425,426,-1,424,426,427,-1,376,424,377,-1,377,424,428,-1,377,428,429,-1,430,431,376,-1,376,431,432,-1,376,432,424,-1,424,432,433,-1,424,433,422,-1,434,435,376,-1,376,435,436,-1,376,436,430,-1,437,438,439,-1,439,438,440,-1,439,440,441,-1,427,426,442,-1,442,426,443,-1,442,443,444,-1,444,443,445,-1,444,445,446,-1,429,447,377,-1,377,447,439,-1,377,439,448,-1,448,439,441,-1,449,450,12,-1,12,450,451,-1,12,451,11,-1,11,451,452,-1,453,454,455,-1,455,454,456,-1,455,456,457,-1,11,458,141,-1,141,458,459,-1,141,459,449,-1,449,459,460,-1,449,460,461,-1,453,455,462,-1,462,455,458,-1,462,458,463,-1,457,464,455,-1,455,464,465,-1,455,465,466,-1,467,468,458,-1,458,468,469,-1,458,469,463,-1,466,450,455,-1,455,450,449,-1,455,449,470,-1,470,449,461,-1,470,461,471,-1,471,461,472,-1,452,473,11,-1,11,473,474,-1,11,474,458,-1,458,474,475,-1,458,475,467,-1,476,449,477,-1,477,449,12,-1,477,12,478,-1,478,12,14,-1,478,14,299,-1,299,14,27,-1,299,27,302,-1,302,27,267,-1,142,479,135,-1,135,479,480,-1,135,480,121,-1,121,480,481,-1,121,481,112,-1,112,481,482,-1,112,482,88,-1,88,482,483,-1,88,483,89,-1,89,483,484,-1,89,484,29,-1,29,484,68,-1,29,68,30,-1,30,68,67,-1,485,476,486,-1,486,476,477,-1,486,477,487,-1,487,477,478,-1,487,478,488,-1,488,478,299,-1,488,299,489,-1,489,299,294,-1,489,294,490,-1,490,294,283,-1,490,283,491,-1,491,283,213,-1,491,213,492,-1,492,213,205,-1,492,205,493,-1,493,205,494,-1,493,494,350,-1,207,164,205,-1,205,164,158,-1,205,158,494,-1,494,158,495,-1,496,497,495,-1,495,497,498,-1,159,165,158,-1,158,165,37,-1,158,37,495,-1,495,37,80,-1,495,80,496,-1,496,80,499,-1,350,494,351,-1,351,494,495,-1,351,495,358,-1,358,495,498,-1,358,498,306,-1,306,498,500,-1,306,500,80,-1,80,500,501,-1,80,501,499,-1,502,503,504,-1,504,503,496,-1,504,496,505,-1,505,496,499,-1,505,499,506,-1,506,499,507,-1,508,509,510,-1,511,512,5,-1,5,512,508,-1,5,508,81,-1,81,508,510,-1,81,510,80,-1,80,510,513,-1,80,513,306,-1,306,513,511,-1,306,511,5,-1,74,71,72,-1,72,71,70,-1,72,70,81,-1,81,70,514,-1,81,514,5,-1,5,514,319,-1,5,319,3,-1,3,319,321,-1,0,2,515,-1,515,2,340,-1,515,340,516,-1,516,340,327,-1,516,327,517,-1,517,327,322,-1,517,322,518,-1,518,322,317,-1,518,317,519,-1,479,520,480,-1,480,520,521,-1,480,521,481,-1,481,521,522,-1,481,522,482,-1,482,522,523,-1,482,523,483,-1,483,523,524,-1,483,524,484,-1,484,524,525,-1,484,525,68,-1,68,525,526,-1,68,526,70,-1,70,526,527,-1,70,527,514,-1,514,527,528,-1,514,528,319,-1,319,528,529,-1,319,529,317,-1,317,529,530,-1,317,530,519,-1,519,530,531,-1,532,533,534,-1,476,485,535,-1,535,536,537,-1,537,520,479,-1,479,142,537,-1,537,142,141,-1,537,141,535,-1,535,141,449,-1,535,449,476,-1,536,535,538,-1,538,535,539,-1,538,539,540,-1,534,533,539,-1,539,533,541,-1,539,541,540,-1,532,534,542,-1,542,534,543,-1,542,543,544,-1,544,543,545,-1,544,545,546,-1,546,545,547,-1,547,545,548,-1,547,548,549,-1,550,551,552,-1,552,553,550,-1,550,553,554,-1,550,554,548,-1,548,554,555,-1,548,555,549,-1,552,551,556,-1,556,551,557,-1,558,559,560,-1,556,557,561,-1,561,557,562,-1,561,562,563,-1,563,562,564,-1,564,562,565,-1,564,565,566,-1,560,559,565,-1,565,559,567,-1,565,567,566,-1,558,560,568,-1,568,560,569,-1,568,569,570,-1,570,569,571,-1,570,571,572,-1,572,571,573,-1,573,571,574,-1,573,574,575,-1,576,577,578,-1,578,579,576,-1,576,579,580,-1,576,580,574,-1,574,580,581,-1,574,581,575,-1,578,577,582,-1,582,577,583,-1,584,585,586,-1,582,583,587,-1,587,583,588,-1,587,588,589,-1,589,588,590,-1,590,588,591,-1,590,591,592,-1,586,585,591,-1,591,585,593,-1,591,593,592,-1,584,586,594,-1,594,586,595,-1,594,595,596,-1,596,595,597,-1,596,597,598,-1,598,597,599,-1,599,597,600,-1,599,600,601,-1,602,603,604,-1,604,605,602,-1,602,605,606,-1,602,606,600,-1,600,606,607,-1,600,607,601,-1,604,603,608,-1,608,603,609,-1,610,611,612,-1,613,614,615,-1,608,609,616,-1,616,609,617,-1,616,617,618,-1,618,617,619,-1,619,617,620,-1,619,620,621,-1,615,614,620,-1,620,614,622,-1,620,622,621,-1,613,615,623,-1,623,615,624,-1,623,624,625,-1,625,624,626,-1,625,626,627,-1,627,626,628,-1,628,626,629,-1,628,629,630,-1,612,611,629,-1,629,611,631,-1,629,631,630,-1,519,531,610,-1,612,0,515,-1,515,516,612,-1,612,516,517,-1,612,517,610,-1,610,517,518,-1,610,518,519,-1,632,633,634,-1,634,633,635,-1,636,637,638,-1,639,640,634,-1,634,640,641,-1,634,641,632,-1,642,643,644,-1,645,646,647,-1,647,646,648,-1,647,648,649,-1,650,649,651,-1,651,649,648,-1,651,648,633,-1,633,648,652,-1,633,652,635,-1,635,652,653,-1,653,654,635,-1,635,654,655,-1,635,655,656,-1,657,656,658,-1,658,656,659,-1,660,661,662,-1,650,651,638,-1,638,651,663,-1,638,663,636,-1,637,664,638,-1,638,664,665,-1,638,665,666,-1,666,665,667,-1,657,668,656,-1,656,668,669,-1,656,669,635,-1,634,670,639,-1,639,670,660,-1,639,660,671,-1,671,660,662,-1,645,647,644,-1,644,647,672,-1,644,672,642,-1,673,674,643,-1,643,674,675,-1,643,675,644,-1,485,486,551,-1,551,486,557,-1,486,487,577,-1,577,487,488,-1,486,577,557,-1,557,577,576,-1,557,576,574,-1,488,489,577,-1,577,489,490,-1,577,490,491,-1,574,571,557,-1,557,571,569,-1,557,569,562,-1,562,569,560,-1,562,560,565,-1,545,543,548,-1,548,543,550,-1,543,534,550,-1,550,534,539,-1,550,539,551,-1,551,539,535,-1,551,535,485,-1,493,350,612,-1,612,350,1,-1,612,1,0,-1,491,492,577,-1,577,492,493,-1,577,493,583,-1,583,493,612,-1,629,626,624,-1,620,617,612,-1,612,617,609,-1,612,609,583,-1,583,609,603,-1,583,603,602,-1,629,624,612,-1,612,624,615,-1,612,615,620,-1,602,600,583,-1,583,600,597,-1,583,597,595,-1,595,586,583,-1,583,586,591,-1,583,591,588,-1,578,582,676,-1,676,582,677,-1,676,677,678,-1,678,677,679,-1,678,679,680,-1,680,679,681,-1,680,681,682,-1,682,681,683,-1,682,683,684,-1,684,683,685,-1,684,685,686,-1,686,685,687,-1,686,687,688,-1,688,687,689,-1,688,689,690,-1,690,689,691,-1,690,691,692,-1,692,691,693,-1,692,693,694,-1,694,693,695,-1,694,695,696,-1,696,695,697,-1,696,697,649,-1,649,697,647,-1,589,590,698,-1,592,593,699,-1,585,584,700,-1,598,599,701,-1,606,605,702,-1,703,672,647,-1,648,646,704,-1,704,646,705,-1,704,705,706,-1,706,705,707,-1,647,697,703,-1,703,697,695,-1,703,695,708,-1,709,710,707,-1,707,710,711,-1,707,711,706,-1,695,693,708,-1,708,693,691,-1,708,691,712,-1,713,714,709,-1,709,714,715,-1,709,715,710,-1,691,689,712,-1,712,689,687,-1,712,687,716,-1,717,718,713,-1,713,718,719,-1,713,719,714,-1,687,685,716,-1,716,685,683,-1,716,683,720,-1,702,721,717,-1,717,721,722,-1,717,722,718,-1,645,644,723,-1,723,644,724,-1,723,724,725,-1,725,724,726,-1,725,726,727,-1,727,726,728,-1,727,728,729,-1,729,728,730,-1,729,730,731,-1,731,730,732,-1,731,732,733,-1,733,732,701,-1,605,604,702,-1,702,604,734,-1,702,734,721,-1,607,606,733,-1,733,606,702,-1,733,702,731,-1,731,702,717,-1,731,717,729,-1,729,717,713,-1,729,713,727,-1,727,713,709,-1,727,709,725,-1,725,709,707,-1,725,707,723,-1,723,707,705,-1,723,705,645,-1,645,705,646,-1,701,599,733,-1,733,599,601,-1,733,601,607,-1,596,598,735,-1,735,598,701,-1,735,701,736,-1,736,701,732,-1,736,732,737,-1,737,732,730,-1,737,730,738,-1,738,730,728,-1,738,728,739,-1,739,728,726,-1,739,726,740,-1,740,726,724,-1,740,724,675,-1,675,724,644,-1,675,674,740,-1,740,674,741,-1,740,741,739,-1,739,741,742,-1,739,742,738,-1,738,742,743,-1,738,743,737,-1,737,743,744,-1,737,744,736,-1,736,744,745,-1,736,745,735,-1,735,745,746,-1,735,746,596,-1,596,746,594,-1,674,673,741,-1,741,673,747,-1,741,747,742,-1,742,747,748,-1,742,748,743,-1,743,748,749,-1,743,749,744,-1,744,749,750,-1,744,750,745,-1,745,750,751,-1,745,751,746,-1,746,751,700,-1,746,700,594,-1,594,700,584,-1,593,585,699,-1,699,585,700,-1,699,700,752,-1,752,700,751,-1,752,751,753,-1,753,751,750,-1,753,750,754,-1,754,750,749,-1,754,749,755,-1,755,749,748,-1,755,748,756,-1,756,748,747,-1,756,747,643,-1,643,747,673,-1,590,592,698,-1,698,592,699,-1,698,699,757,-1,757,699,752,-1,757,752,758,-1,758,752,753,-1,758,753,759,-1,759,753,754,-1,759,754,760,-1,760,754,755,-1,760,755,761,-1,761,755,756,-1,761,756,642,-1,642,756,643,-1,587,589,762,-1,762,589,698,-1,762,698,720,-1,720,698,757,-1,720,757,716,-1,716,757,758,-1,716,758,712,-1,712,758,759,-1,712,759,708,-1,708,759,760,-1,708,760,703,-1,703,760,761,-1,703,761,672,-1,672,761,642,-1,683,681,720,-1,720,681,679,-1,720,679,762,-1,762,679,677,-1,762,677,587,-1,587,677,582,-1,563,564,763,-1,566,567,764,-1,559,558,765,-1,572,573,766,-1,580,579,767,-1,768,663,651,-1,649,650,696,-1,696,650,769,-1,696,769,694,-1,694,769,770,-1,651,771,768,-1,768,771,772,-1,768,772,773,-1,774,690,770,-1,770,690,692,-1,770,692,694,-1,772,775,773,-1,773,775,776,-1,773,776,777,-1,778,686,774,-1,774,686,688,-1,774,688,690,-1,776,779,777,-1,777,779,780,-1,777,780,781,-1,782,682,778,-1,778,682,684,-1,778,684,686,-1,780,783,781,-1,781,783,784,-1,781,784,785,-1,767,678,782,-1,782,678,680,-1,782,680,682,-1,638,666,786,-1,786,666,787,-1,786,787,788,-1,788,787,789,-1,788,789,790,-1,790,789,791,-1,790,791,792,-1,792,791,793,-1,792,793,794,-1,794,793,795,-1,794,795,796,-1,796,795,766,-1,579,578,767,-1,767,578,676,-1,767,676,678,-1,581,580,796,-1,796,580,767,-1,796,767,794,-1,794,767,782,-1,794,782,792,-1,792,782,778,-1,792,778,790,-1,790,778,774,-1,790,774,788,-1,788,774,770,-1,788,770,786,-1,786,770,769,-1,786,769,638,-1,638,769,650,-1,766,573,796,-1,796,573,575,-1,796,575,581,-1,570,572,797,-1,797,572,766,-1,797,766,798,-1,798,766,795,-1,798,795,799,-1,799,795,793,-1,799,793,800,-1,800,793,791,-1,800,791,801,-1,801,791,789,-1,801,789,802,-1,802,789,787,-1,802,787,667,-1,667,787,666,-1,667,665,802,-1,802,665,803,-1,802,803,801,-1,801,803,804,-1,801,804,800,-1,800,804,805,-1,800,805,799,-1,799,805,806,-1,799,806,798,-1,798,806,807,-1,798,807,797,-1,797,807,808,-1,797,808,570,-1,570,808,568,-1,665,664,803,-1,803,664,809,-1,803,809,804,-1,804,809,810,-1,804,810,805,-1,805,810,811,-1,805,811,806,-1,806,811,812,-1,806,812,807,-1,807,812,813,-1,807,813,808,-1,808,813,765,-1,808,765,568,-1,568,765,558,-1,567,559,764,-1,764,559,765,-1,764,765,814,-1,814,765,813,-1,814,813,815,-1,815,813,812,-1,815,812,816,-1,816,812,811,-1,816,811,817,-1,817,811,810,-1,817,810,818,-1,818,810,809,-1,818,809,637,-1,637,809,664,-1,564,566,763,-1,763,566,764,-1,763,764,819,-1,819,764,814,-1,819,814,820,-1,820,814,815,-1,820,815,821,-1,821,815,816,-1,821,816,822,-1,822,816,817,-1,822,817,823,-1,823,817,818,-1,823,818,636,-1,636,818,637,-1,561,563,824,-1,824,563,763,-1,824,763,785,-1,785,763,819,-1,785,819,781,-1,781,819,820,-1,781,820,777,-1,777,820,821,-1,777,821,773,-1,773,821,822,-1,773,822,768,-1,768,822,823,-1,768,823,663,-1,663,823,636,-1,784,825,785,-1,785,825,826,-1,785,826,824,-1,824,826,827,-1,824,827,561,-1,561,827,556,-1,604,608,734,-1,734,608,828,-1,734,828,721,-1,721,828,829,-1,721,829,722,-1,722,829,830,-1,722,830,718,-1,718,830,831,-1,718,831,719,-1,719,831,832,-1,719,832,714,-1,714,832,833,-1,714,833,715,-1,715,833,834,-1,715,834,710,-1,710,834,835,-1,710,835,711,-1,711,835,836,-1,711,836,706,-1,706,836,837,-1,706,837,704,-1,704,837,838,-1,704,838,648,-1,648,838,652,-1,552,556,839,-1,839,556,827,-1,839,827,840,-1,840,827,826,-1,840,826,841,-1,841,826,825,-1,841,825,842,-1,842,825,784,-1,842,784,843,-1,843,784,783,-1,843,783,844,-1,844,783,780,-1,844,780,845,-1,845,780,779,-1,845,779,846,-1,846,779,776,-1,846,776,847,-1,847,776,775,-1,847,775,848,-1,848,775,772,-1,848,772,849,-1,849,772,771,-1,849,771,633,-1,633,771,651,-1,621,622,850,-1,614,613,851,-1,627,628,852,-1,611,610,853,-1,854,653,652,-1,635,669,855,-1,855,669,856,-1,855,856,857,-1,857,856,858,-1,652,838,854,-1,854,838,837,-1,854,837,859,-1,860,861,858,-1,858,861,862,-1,858,862,857,-1,837,836,859,-1,859,836,835,-1,859,835,863,-1,864,865,860,-1,860,865,866,-1,860,866,861,-1,835,834,863,-1,863,834,833,-1,863,833,867,-1,868,869,864,-1,864,869,870,-1,864,870,865,-1,655,654,871,-1,871,654,872,-1,871,872,873,-1,873,872,874,-1,873,874,875,-1,875,874,876,-1,875,876,877,-1,877,876,878,-1,877,878,879,-1,879,878,880,-1,879,880,850,-1,654,653,872,-1,872,653,854,-1,872,854,874,-1,874,854,859,-1,874,859,876,-1,876,859,863,-1,876,863,878,-1,878,863,867,-1,878,867,880,-1,880,867,881,-1,853,882,868,-1,868,882,883,-1,868,883,869,-1,668,657,884,-1,884,657,885,-1,884,885,886,-1,886,885,887,-1,886,887,888,-1,888,887,889,-1,888,889,890,-1,890,889,891,-1,890,891,892,-1,892,891,893,-1,892,893,894,-1,894,893,852,-1,833,832,867,-1,867,832,831,-1,867,831,881,-1,881,831,830,-1,881,830,829,-1,850,880,895,-1,895,880,881,-1,895,881,896,-1,896,881,829,-1,896,829,828,-1,610,531,853,-1,853,531,897,-1,853,897,882,-1,631,611,894,-1,894,611,853,-1,894,853,892,-1,892,853,868,-1,892,868,890,-1,890,868,864,-1,890,864,888,-1,888,864,860,-1,888,860,886,-1,886,860,858,-1,886,858,884,-1,884,858,856,-1,884,856,668,-1,668,856,669,-1,852,628,894,-1,894,628,630,-1,894,630,631,-1,625,627,898,-1,898,627,852,-1,898,852,899,-1,899,852,893,-1,899,893,900,-1,900,893,891,-1,900,891,901,-1,901,891,889,-1,901,889,902,-1,902,889,887,-1,902,887,903,-1,903,887,885,-1,903,885,658,-1,658,885,657,-1,658,659,903,-1,903,659,904,-1,903,904,902,-1,902,904,905,-1,902,905,901,-1,901,905,906,-1,901,906,900,-1,900,906,907,-1,900,907,899,-1,899,907,908,-1,899,908,898,-1,898,908,909,-1,898,909,625,-1,625,909,623,-1,659,656,904,-1,904,656,910,-1,904,910,905,-1,905,910,911,-1,905,911,906,-1,906,911,912,-1,906,912,907,-1,907,912,913,-1,907,913,908,-1,908,913,914,-1,908,914,909,-1,909,914,851,-1,909,851,623,-1,623,851,613,-1,622,614,850,-1,850,614,851,-1,850,851,879,-1,879,851,914,-1,879,914,877,-1,877,914,913,-1,877,913,875,-1,875,913,912,-1,875,912,873,-1,873,912,911,-1,873,911,871,-1,871,911,910,-1,871,910,655,-1,655,910,656,-1,621,850,619,-1,619,850,895,-1,619,895,618,-1,618,895,896,-1,618,896,616,-1,616,896,828,-1,616,828,608,-1,536,538,915,-1,540,541,916,-1,533,532,917,-1,546,547,918,-1,554,553,919,-1,920,670,634,-1,633,632,849,-1,849,632,921,-1,849,921,848,-1,848,921,922,-1,634,923,920,-1,920,923,924,-1,920,924,925,-1,926,846,922,-1,922,846,847,-1,922,847,848,-1,924,927,925,-1,925,927,928,-1,925,928,929,-1,930,844,926,-1,926,844,845,-1,926,845,846,-1,928,931,929,-1,929,931,932,-1,929,932,933,-1,934,842,930,-1,930,842,843,-1,930,843,844,-1,932,935,933,-1,933,935,936,-1,933,936,937,-1,919,840,934,-1,934,840,841,-1,934,841,842,-1,641,640,938,-1,938,640,939,-1,938,939,940,-1,940,939,941,-1,940,941,942,-1,942,941,943,-1,942,943,944,-1,944,943,945,-1,944,945,946,-1,946,945,947,-1,946,947,948,-1,948,947,918,-1,553,552,919,-1,919,552,839,-1,919,839,840,-1,555,554,948,-1,948,554,919,-1,948,919,946,-1,946,919,934,-1,946,934,944,-1,944,934,930,-1,944,930,942,-1,942,930,926,-1,942,926,940,-1,940,926,922,-1,940,922,938,-1,938,922,921,-1,938,921,641,-1,641,921,632,-1,918,547,948,-1,948,547,549,-1,948,549,555,-1,544,546,949,-1,949,546,918,-1,949,918,950,-1,950,918,947,-1,950,947,951,-1,951,947,945,-1,951,945,952,-1,952,945,943,-1,952,943,953,-1,953,943,941,-1,953,941,954,-1,954,941,939,-1,954,939,639,-1,639,939,640,-1,639,671,954,-1,954,671,955,-1,954,955,953,-1,953,955,956,-1,953,956,952,-1,952,956,957,-1,952,957,951,-1,951,957,958,-1,951,958,950,-1,950,958,959,-1,950,959,949,-1,949,959,960,-1,949,960,544,-1,544,960,542,-1,671,662,955,-1,955,662,961,-1,955,961,956,-1,956,961,962,-1,956,962,957,-1,957,962,963,-1,957,963,958,-1,958,963,964,-1,958,964,959,-1,959,964,965,-1,959,965,960,-1,960,965,917,-1,960,917,542,-1,542,917,532,-1,541,533,916,-1,916,533,917,-1,916,917,966,-1,966,917,965,-1,966,965,967,-1,967,965,964,-1,967,964,968,-1,968,964,963,-1,968,963,969,-1,969,963,962,-1,969,962,970,-1,970,962,961,-1,970,961,661,-1,661,961,662,-1,538,540,915,-1,915,540,916,-1,915,916,971,-1,971,916,966,-1,971,966,972,-1,972,966,967,-1,972,967,973,-1,973,967,968,-1,973,968,974,-1,974,968,969,-1,974,969,975,-1,975,969,970,-1,975,970,660,-1,660,970,661,-1,537,536,976,-1,976,536,915,-1,976,915,937,-1,937,915,971,-1,937,971,933,-1,933,971,972,-1,933,972,929,-1,929,972,973,-1,929,973,925,-1,925,973,974,-1,925,974,920,-1,920,974,975,-1,920,975,670,-1,670,975,660,-1,936,977,937,-1,937,977,978,-1,937,978,976,-1,976,978,979,-1,976,979,537,-1,537,979,520,-1,531,530,897,-1,897,530,882,-1,529,528,978,-1,978,528,527,-1,978,527,526,-1,526,525,978,-1,978,525,524,-1,978,524,979,-1,979,524,523,-1,523,522,979,-1,979,522,521,-1,979,521,520,-1,530,529,882,-1,882,529,978,-1,882,978,883,-1,883,978,977,-1,883,977,869,-1,869,977,936,-1,869,936,870,-1,870,936,935,-1,870,935,865,-1,865,935,932,-1,865,932,866,-1,866,932,931,-1,866,931,861,-1,861,931,928,-1,861,928,862,-1,862,928,927,-1,862,927,857,-1,857,927,924,-1,857,924,855,-1,855,924,923,-1,855,923,635,-1,635,923,634,-1,
        ]
    }
}
Shape{
    appearance Appearance {
        material  Material 	{
            diffuseColor 0.0 0.0 0.0
            specularColor 0.0 0.0 0.0
            ambientIntensity 0.0
            transparency 0.0
            shininess 0.5
        }
    }
    geometry IndexedFaceSet {
        ccw TRUE
        solid FALSE
        coord DEF co Coordinate {
            point [
                0.012 -0.1067 0.1019, 0.012 -0.1068 0.1001, 0.012 -0.1028 0.1016, 0.012 -0.1029 0.0998, 0.0057 -0.1067 0.1019, 0.0057 -0.1028 0.1016, 0.0057 -0.1054 0.1161, 0.0057 -0.1015 0.1157, 0.0036 -0.1054 0.1161, 0.0036 -0.1015 0.1157, 0.0036 -0.1068 0.1001, 0.0036 -0.1029 0.0998, 0.0202 -0.1069 0.0998, 0.0202 -0.1029 0.0995, 0.0227 -0.1029 0.0997, 0.0227 -0.1068 0.1001, 0.0244 -0.1029 0.1003, 0.0244 -0.1068 0.1006, 0.0247 -0.1029 0.1004, 0.0247 -0.1068 0.1008, 0.0247 -0.1066 0.1027, 0.0247 -0.1027 0.1024, 0.0231 -0.1027 0.1017, 0.0231 -0.1067 0.102, 0.0213 -0.1028 0.1014, 0.0213 -0.1067 0.1017, 0.0205 -0.1028 0.1013, 0.0205 -0.1067 0.1017, 0.0189 -0.1028 0.1015, 0.0189 -0.1067 0.1019, 0.0178 -0.1027 0.102, 0.0178 -0.1066 0.1023, 0.0167 -0.1027 0.1027, 0.0167 -0.1066 0.1031, 0.0164 -0.1026 0.103, 0.0164 -0.1066 0.1034, 0.0157 -0.1025 0.1041, 0.0157 -0.1065 0.1044, 0.0151 -0.1024 0.1054, 0.0151 -0.1063 0.1057, 0.0149 -0.1023 0.107, 0.0149 -0.1062 0.1073, 0.0149 -0.1022 0.1076, 0.0149 -0.1062 0.1079, 0.0151 -0.1021 0.1096, 0.0151 -0.106 0.1099, 0.0156 -0.1019 0.111, 0.0156 -0.1059 0.1114, 0.0163 -0.1018 0.1121, 0.0163 -0.1058 0.1125, 0.0165 -0.1018 0.1124, 0.0165 -0.1057 0.1127, 0.0176 -0.1017 0.1133, 0.0176 -0.1057 0.1136, 0.0189 -0.1017 0.1138, 0.0189 -0.1056 0.1142, 0.0203 -0.1017 0.1141, 0.0203 -0.1056 0.1145, 0.0209 -0.1017 0.1141, 0.0209 -0.1056 0.1145, 0.0228 -0.1017 0.1139, 0.0228 -0.1056 0.1143, 0.0245 -0.1017 0.1133, 0.0245 -0.1057 0.1136, 0.0247 -0.1017 0.1132, 0.0247 -0.1057 0.1135, 0.0247 -0.1055 0.1157, 0.0247 -0.1016 0.1153, 0.0209 -0.1015 0.116, 0.0209 -0.1054 0.1163, 0.021 -0.1054 0.1163, 0.0231 -0.1015 0.1158, 0.0231 -0.1054 0.1162, 0.0226 -0.1015 0.1159, 0.021 -0.1015 0.116, 0.0196 -0.1015 0.1159, 0.0188 -0.1054 0.1161, 0.0188 -0.1015 0.1158, 0.0171 -0.1016 0.1152, 0.0171 -0.1055 0.1155, 0.0155 -0.1017 0.1141, 0.0155 -0.1056 0.1145, 0.015 -0.1017 0.1136, 0.015 -0.1056 0.114, 0.0139 -0.1018 0.1122, 0.0139 -0.1058 0.1125, 0.0134 -0.1019 0.1111, 0.0131 -0.1059 0.1107, 0.0131 -0.102 0.1104, 0.0127 -0.1022 0.1083, 0.0127 -0.1061 0.1087, 0.0127 -0.1022 0.1074, 0.0127 -0.1062 0.1078, 0.0129 -0.1024 0.1052, 0.0129 -0.1064 0.1056, 0.0134 -0.1026 0.1038, 0.0135 -0.1065 0.1038, 0.0135 -0.1026 0.1035, 0.0144 -0.1027 0.1021, 0.0144 -0.1066 0.1024, 0.0147 -0.1027 0.1017, 0.0147 -0.1067 0.102, 0.016 -0.1028 0.1006, 0.016 -0.1068 0.101, 0.0176 -0.1029 0.0999, 0.0176 -0.1068 0.1002, 0.0193 -0.1029 0.0995, 0.0193 -0.1069 0.0999, 0.0365 -0.1067 0.1019, 0.0365 -0.1068 0.1001, 0.0365 -0.1028 0.1016, 0.0365 -0.1029 0.0998, 0.03 -0.1028 0.1016, 0.03 -0.1067 0.1019, 0.0343 -0.1028 0.1016, 0.03 -0.1062 0.1073, 0.03 -0.1023 0.107, 0.0357 -0.1023 0.107, 0.0357 -0.1062 0.1073, 0.0343 -0.1023 0.107, 0.0357 -0.1061 0.1091, 0.0357 -0.1021 0.1088, 0.03 -0.1021 0.1088, 0.03 -0.1061 0.1091, 0.0343 -0.1021 0.1088, 0.03 -0.1056 0.1142, 0.03 -0.1017 0.1139, 0.0361 -0.1017 0.1139, 0.0361 -0.1056 0.1142, 0.0343 -0.1017 0.1139, 0.0361 -0.1054 0.1161, 0.0361 -0.1015 0.1157, 0.0279 -0.1015 0.1157, 0.0279 -0.1054 0.1161, 0.0343 -0.1015 0.1157, 0.0279 -0.1068 0.1001, 0.0279 -0.1029 0.0998, 0.0343 -0.1029 0.0998, 0.0487 -0.1065 0.1036, 0.0501 -0.1066 0.1023, 0.0495 -0.1064 0.1046, 0.0513 -0.1065 0.1038, 0.05 -0.1063 0.1058, 0.0521 -0.1064 0.1054, 0.0503 -0.1062 0.1072, 0.0525 -0.1062 0.1073, 0.0504 -0.1061 0.1082, 0.0526 -0.1061 0.1083, 0.0502 -0.106 0.1102, 0.0523 -0.1059 0.1103, 0.0497 -0.1059 0.1114, 0.0518 -0.1058 0.1119, 0.0491 -0.1058 0.1123, 0.0508 -0.1057 0.1133, 0.0486 -0.1057 0.1127, 0.0501 -0.1056 0.114, 0.0475 -0.1057 0.1135, 0.0486 -0.1055 0.115, 0.0461 -0.1056 0.114, 0.0466 -0.1055 0.1158, 0.044 -0.1056 0.1142, 0.0441 -0.1054 0.1161, 0.0416 -0.1056 0.1142, 0.0395 -0.1054 0.1161, 0.0416 -0.1067 0.1019, 0.0395 -0.1068 0.1001, 0.0439 -0.1067 0.1019, 0.0439 -0.1068 0.1001, 0.046 -0.1067 0.1022, 0.0466 -0.1068 0.1004, 0.0473 -0.1066 0.1026, 0.0484 -0.1067 0.1011, 0.0484 -0.1066 0.1033, 0.05 -0.1067 0.1022, 0.0439 -0.1029 0.0998, 0.0395 -0.1029 0.0998, 0.0466 -0.1029 0.1001, 0.0469 -0.1029 0.1002, 0.0484 -0.1028 0.1008, 0.05 -0.1027 0.1019, 0.0501 -0.1027 0.102, 0.0513 -0.1026 0.1034, 0.0521 -0.1025 0.1051, 0.0525 -0.1023 0.1069, 0.0526 -0.1022 0.108, 0.0523 -0.102 0.11, 0.0518 -0.1019 0.1115, 0.0508 -0.1018 0.113, 0.0501 -0.1017 0.1136, 0.0441 -0.1015 0.1157, 0.0486 -0.1016 0.1147, 0.0469 -0.1016 0.1153, 0.0466 -0.1015 0.1154, 0.0395 -0.1015 0.1157, 0.044 -0.1017 0.1139, 0.0416 -0.1017 0.1139, 0.0416 -0.1028 0.1016, 0.0439 -0.1028 0.1016, 0.0487 -0.1026 0.1033, 0.0484 -0.1026 0.103, 0.0473 -0.1027 0.1023, 0.046 -0.1027 0.1018, 0.0504 -0.1022 0.1079, 0.0503 -0.1023 0.1069, 0.05 -0.1024 0.1054, 0.0495 -0.1025 0.1042, 0.0486 -0.1018 0.1124, 0.0491 -0.1019 0.1119, 0.0497 -0.1019 0.111, 0.0502 -0.102 0.1098, 0.0461 -0.1017 0.1137, 0.0475 -0.1017 0.1132
            ]
        }
        coordIndex [
            0,1,2,-1,2,1,3,-1,4,0,5,-1,5,0,2,-1,6,4,7,-1,7,4,5,-1,8,6,9,-1,9,6,7,-1,10,8,11,-1,11,8,9,-1,1,10,3,-1,3,10,11,-1,6,8,4,-1,4,8,10,-1,4,10,0,-1,0,10,1,-1,12,13,14,-1,12,14,15,-1,15,14,16,-1,15,16,17,-1,17,16,18,-1,17,18,19,-1,20,19,21,-1,21,19,18,-1,20,21,22,-1,20,22,23,-1,23,22,24,-1,23,24,25,-1,25,24,26,-1,25,26,27,-1,27,26,28,-1,27,28,29,-1,29,28,30,-1,29,30,31,-1,31,30,32,-1,31,32,33,-1,33,32,34,-1,33,34,35,-1,35,34,36,-1,35,36,37,-1,37,36,38,-1,37,38,39,-1,39,38,40,-1,39,40,41,-1,41,40,42,-1,41,42,43,-1,43,42,44,-1,43,44,45,-1,45,44,46,-1,45,46,47,-1,47,46,48,-1,47,48,49,-1,49,48,50,-1,49,50,51,-1,51,50,52,-1,51,52,53,-1,53,52,54,-1,53,54,55,-1,55,54,56,-1,55,56,57,-1,57,56,58,-1,57,58,59,-1,59,58,60,-1,59,60,61,-1,61,60,62,-1,61,62,63,-1,63,62,64,-1,63,64,65,-1,66,65,67,-1,67,65,64,-1,68,69,70,-1,66,67,71,-1,66,71,72,-1,72,71,73,-1,72,73,70,-1,70,73,74,-1,70,74,68,-1,68,75,69,-1,69,75,76,-1,75,77,76,-1,76,77,78,-1,76,78,79,-1,79,78,80,-1,79,80,81,-1,81,80,82,-1,81,82,83,-1,83,82,84,-1,83,84,85,-1,85,84,86,-1,85,86,87,-1,86,88,87,-1,87,88,89,-1,87,89,90,-1,90,89,91,-1,90,91,92,-1,92,91,93,-1,92,93,94,-1,94,93,95,-1,94,95,96,-1,95,97,96,-1,96,97,98,-1,96,98,99,-1,99,98,100,-1,99,100,101,-1,101,100,102,-1,101,102,103,-1,103,102,104,-1,103,104,105,-1,105,104,106,-1,105,106,107,-1,107,106,13,-1,107,13,12,-1,63,65,66,-1,45,47,85,-1,19,20,17,-1,17,20,23,-1,17,23,15,-1,15,23,25,-1,15,25,12,-1,12,25,27,-1,12,27,107,-1,107,27,29,-1,107,29,105,-1,101,35,99,-1,99,35,37,-1,99,37,96,-1,63,66,61,-1,61,66,72,-1,61,72,59,-1,59,72,70,-1,59,70,57,-1,57,70,69,-1,57,69,55,-1,55,69,76,-1,55,76,53,-1,105,29,103,-1,103,29,31,-1,103,31,101,-1,101,31,33,-1,101,33,35,-1,85,47,83,-1,76,79,53,-1,53,79,81,-1,53,81,51,-1,51,81,83,-1,51,83,49,-1,49,83,47,-1,92,43,90,-1,90,43,45,-1,90,45,87,-1,87,45,85,-1,96,37,94,-1,94,37,39,-1,94,39,92,-1,92,39,41,-1,92,41,43,-1,108,109,110,-1,110,109,111,-1,112,113,114,-1,114,113,108,-1,114,108,110,-1,115,113,116,-1,116,113,112,-1,117,118,119,-1,119,118,115,-1,119,115,116,-1,120,118,121,-1,121,118,117,-1,122,123,124,-1,124,123,120,-1,124,120,121,-1,125,123,126,-1,126,123,122,-1,127,128,129,-1,129,128,125,-1,129,125,126,-1,130,128,131,-1,131,128,127,-1,132,133,134,-1,134,133,130,-1,134,130,131,-1,135,133,136,-1,136,133,132,-1,111,109,137,-1,137,109,135,-1,137,135,136,-1,135,109,108,-1,108,113,135,-1,135,113,115,-1,135,115,133,-1,128,130,125,-1,125,130,133,-1,125,133,123,-1,123,133,115,-1,123,115,120,-1,120,115,118,-1,138,139,140,-1,140,139,141,-1,140,141,142,-1,142,141,143,-1,142,143,144,-1,144,143,145,-1,144,145,146,-1,146,145,147,-1,146,147,148,-1,148,147,149,-1,148,149,150,-1,150,149,151,-1,150,151,152,-1,152,151,153,-1,152,153,154,-1,154,153,155,-1,154,155,156,-1,156,155,157,-1,156,157,158,-1,158,157,159,-1,158,159,160,-1,160,159,161,-1,160,161,162,-1,162,161,163,-1,162,163,164,-1,164,163,165,-1,164,165,166,-1,166,165,167,-1,166,167,168,-1,168,167,169,-1,168,169,170,-1,170,169,171,-1,170,171,172,-1,172,171,173,-1,172,173,138,-1,138,173,139,-1,167,165,174,-1,174,165,175,-1,167,174,176,-1,167,176,169,-1,169,176,177,-1,169,177,171,-1,177,178,171,-1,171,178,179,-1,171,179,173,-1,173,179,180,-1,173,180,139,-1,139,180,181,-1,139,181,141,-1,141,181,182,-1,141,182,143,-1,143,182,183,-1,143,183,145,-1,145,183,184,-1,145,184,147,-1,147,184,185,-1,147,185,149,-1,149,185,186,-1,149,186,151,-1,151,186,187,-1,151,187,153,-1,153,187,188,-1,153,188,155,-1,189,161,159,-1,155,188,190,-1,155,190,157,-1,157,190,191,-1,157,191,159,-1,159,191,192,-1,159,192,189,-1,163,161,193,-1,193,161,189,-1,165,163,175,-1,175,163,193,-1,160,162,194,-1,194,162,195,-1,162,164,195,-1,195,164,196,-1,164,166,196,-1,196,166,197,-1,138,198,199,-1,138,199,172,-1,172,199,200,-1,172,200,170,-1,170,200,201,-1,170,201,168,-1,168,201,197,-1,168,197,166,-1,146,202,203,-1,146,203,144,-1,144,203,204,-1,144,204,142,-1,142,204,205,-1,142,205,140,-1,140,205,198,-1,140,198,138,-1,154,206,207,-1,154,207,152,-1,152,207,208,-1,152,208,150,-1,150,208,209,-1,150,209,148,-1,148,209,202,-1,148,202,146,-1,160,194,210,-1,160,210,158,-1,158,210,211,-1,158,211,156,-1,156,211,206,-1,156,206,154,-1,
        ]
    }
}
Shape{
    appearance Appearance {
        material  Material 	{
            diffuseColor 1.0 1.0 1.0
            specularColor 0.5019607843137255 0.5019607843137255 0.5019607843137255
            ambientIntensity 1.0
            transparency 0.0
            shininess 0.5
        }
    }
    geometry IndexedFaceSet {
        ccw TRUE
        solid FALSE
        coord DEF co Coordinate {
            point [
                0.0416 -0.1017 0.1139, 0.0416 -0.1028 0.1016, 0.044 -0.1017 0.1139, 0.0439 -0.1028 0.1016, 0.0484 -0.1026 0.103, 0.0487 -0.1026 0.1033, 0.046 -0.1027 0.1018, 0.0473 -0.1027 0.1023, 0.0495 -0.1025 0.1042, 0.05 -0.1024 0.1054, 0.0503 -0.1023 0.1069, 0.0504 -0.1022 0.1079, 0.0502 -0.102 0.1098, 0.0497 -0.1019 0.111, 0.0491 -0.1019 0.1119, 0.0486 -0.1018 0.1124, 0.0461 -0.1017 0.1137, 0.0475 -0.1017 0.1132
            ]
        }
        coordIndex [
            0,1,2,-1,2,1,3,-1,4,5,2,-1,3,6,2,-1,2,6,7,-1,2,7,4,-1,5,8,2,-1,2,8,9,-1,2,9,10,-1,10,11,2,-1,2,11,12,-1,2,12,13,-1,13,14,2,-1,2,14,15,-1,2,15,16,-1,16,15,17,-1,
        ]
    }
}
Shape{
    appearance Appearance {
        material  Material 	{
            diffuseColor 0.0 0.0 0.0
            specularColor 0.0 0.0 0.0
            ambientIntensity 0.0
            transparency 0.0
            shininess 0.5
        }
    }
    geometry IndexedFaceSet {
        ccw TRUE
        solid FALSE
        coord DEF co Coordinate {
            point [
                0.0579 -0.1063 0.1063, 0.0573 -0.1065 0.1045, 0.0633 -0.1063 0.1063, 0.0639 -0.1065 0.1045, 0.0603 -0.1057 0.1129, 0.0596 -0.1054 0.1161, 0.0535 -0.1068 0.1001, 0.0557 -0.1068 0.1001, 0.0605 -0.1057 0.1134, 0.0606 -0.1056 0.114, 0.0618 -0.1054 0.1161, 0.0606 -0.1056 0.114, 0.0608 -0.1057 0.1134, 0.0609 -0.1057 0.1129, 0.0679 -0.1068 0.1001, 0.0656 -0.1068 0.1001, 0.0618 -0.1015 0.1157, 0.0679 -0.1029 0.0998, 0.0596 -0.1015 0.1157, 0.0535 -0.1029 0.0998, 0.0581 -0.1019 0.1118, 0.0557 -0.1029 0.0998, 0.0573 -0.1025 0.1041, 0.0639 -0.1025 0.1041, 0.0581 -0.1025 0.1041, 0.0656 -0.1029 0.0998, 0.0579 -0.1024 0.1059, 0.0633 -0.1024 0.1059, 0.0609 -0.1018 0.1126, 0.0606 -0.1017 0.1137, 0.0608 -0.1018 0.113, 0.0606 -0.1017 0.1137, 0.0603 -0.1018 0.1126, 0.0605 -0.1018 0.113
            ]
        }
        coordIndex [
            0,1,2,-1,2,1,3,-1,4,5,0,-1,0,5,6,-1,0,6,1,-1,1,6,7,-1,4,8,5,-1,5,8,9,-1,5,9,10,-1,10,9,11,-1,10,11,12,-1,12,13,10,-1,10,13,2,-1,10,2,14,-1,14,2,3,-1,14,3,15,-1,10,14,16,-1,16,14,17,-1,5,10,18,-1,18,10,16,-1,19,6,20,-1,20,6,5,-1,20,5,18,-1,7,6,21,-1,21,6,19,-1,1,7,22,-1,22,7,21,-1,23,3,24,-1,24,3,1,-1,24,1,22,-1,15,3,25,-1,25,3,23,-1,14,15,17,-1,17,15,25,-1,0,2,26,-1,26,2,27,-1,2,13,27,-1,27,13,28,-1,11,29,30,-1,11,30,12,-1,12,30,28,-1,12,28,13,-1,11,9,29,-1,29,9,31,-1,4,32,33,-1,4,33,8,-1,8,33,31,-1,8,31,9,-1,4,0,32,-1,32,0,26,-1,
        ]
    }
}
Shape{
    appearance Appearance {
        material  Material 	{
            diffuseColor 1.0 1.0 1.0
            specularColor 0.5019607843137255 0.5019607843137255 0.5019607843137255
            ambientIntensity 1.0
            transparency 0.0
            shininess 0.5
        }
    }
    geometry IndexedFaceSet {
        ccw TRUE
        solid FALSE
        coord DEF co Coordinate {
            point [
                0.0606 -0.1017 0.1137, 0.0606 -0.1017 0.1137, 0.0608 -0.1018 0.113, 0.0605 -0.1018 0.113, 0.0609 -0.1018 0.1126, 0.0603 -0.1018 0.1126, 0.0633 -0.1024 0.1059, 0.0579 -0.1024 0.1059
            ]
        }
        coordIndex [
            0,1,2,-1,2,1,3,-1,2,3,4,-1,4,3,5,-1,4,5,6,-1,6,5,7,-1,
        ]
    }
}
Shape{
    appearance Appearance {
        material  Material 	{
            diffuseColor 0.0 0.0 0.0
            specularColor 0.0 0.0 0.0
            ambientIntensity 0.0
            transparency 0.0
            shininess 0.5
        }
    }
    geometry IndexedFaceSet {
        ccw TRUE
        solid FALSE
        coord DEF co Coordinate {
            point [
                0.0122 -0.1089 0.0766, 0.0122 -0.1091 0.0748, 0.0122 -0.105 0.0763, 0.0122 -0.1051 0.0745, 0.0057 -0.1089 0.0766, 0.0057 -0.105 0.0763, 0.0057 -0.1084 0.082, 0.0057 -0.1045 0.0816, 0.0114 -0.1084 0.082, 0.0114 -0.1045 0.0816, 0.0114 -0.1083 0.0838, 0.0114 -0.1043 0.0835, 0.0057 -0.1083 0.0838, 0.0057 -0.1043 0.0835, 0.0057 -0.1078 0.0889, 0.0057 -0.1039 0.0886, 0.0118 -0.1078 0.0889, 0.0118 -0.1039 0.0886, 0.0118 -0.1077 0.0908, 0.0118 -0.1037 0.0904, 0.0036 -0.1077 0.0908, 0.0036 -0.1037 0.0904, 0.0036 -0.1091 0.0748, 0.0036 -0.1051 0.0745, 0.0164 -0.1085 0.0812, 0.0156 -0.1085 0.0808, 0.0167 -0.1086 0.0795, 0.0164 -0.1087 0.0791, 0.0149 -0.1086 0.0802, 0.0163 -0.1087 0.0788, 0.0233 -0.1084 0.0821, 0.0213 -0.1086 0.0805, 0.0213 -0.1086 0.0794, 0.0213 -0.1089 0.0766, 0.0213 -0.1089 0.0766, 0.0212 -0.1087 0.0784, 0.0213 -0.1091 0.0748, 0.0233 -0.1091 0.0748, 0.017 -0.1086 0.0797, 0.0174 -0.1086 0.0799, 0.0179 -0.1085 0.0816, 0.0186 -0.1086 0.0802, 0.0213 -0.1084 0.082, 0.0152 -0.1081 0.0854, 0.0152 -0.1083 0.0835, 0.0157 -0.1081 0.0857, 0.0167 -0.1082 0.0843, 0.0172 -0.1081 0.0862, 0.0179 -0.1082 0.0847, 0.0192 -0.108 0.0865, 0.019 -0.1082 0.0848, 0.0204 -0.108 0.0864, 0.0197 -0.1082 0.0847, 0.0212 -0.1081 0.0861, 0.0202 -0.1082 0.0846, 0.0219 -0.1081 0.0857, 0.0205 -0.1082 0.0843, 0.0224 -0.1081 0.0852, 0.0208 -0.1082 0.084, 0.0228 -0.1082 0.0846, 0.0211 -0.1083 0.0836, 0.0232 -0.1083 0.0837, 0.0213 -0.1084 0.0828, 0.0209 -0.1088 0.0777, 0.0204 -0.1089 0.0771, 0.0208 -0.109 0.0759, 0.0202 -0.1089 0.0769, 0.0201 -0.109 0.0752, 0.0197 -0.1089 0.0765, 0.0197 -0.109 0.075, 0.0191 -0.1089 0.0763, 0.0189 -0.1091 0.0747, 0.0183 -0.1089 0.0762, 0.0178 -0.1091 0.0745, 0.0181 -0.1089 0.0762, 0.0175 -0.1091 0.0745, 0.0176 -0.1089 0.0763, 0.0165 -0.1091 0.0747, 0.0171 -0.1089 0.0764, 0.0157 -0.109 0.075, 0.0167 -0.1089 0.0767, 0.0151 -0.109 0.0754, 0.0166 -0.1089 0.0769, 0.0145 -0.1086 0.0797, 0.0143 -0.1087 0.079, 0.0162 -0.1087 0.0783, 0.0141 -0.1088 0.0781, 0.0162 -0.1088 0.078, 0.0141 -0.1088 0.0779, 0.0162 -0.1088 0.0775, 0.0142 -0.1089 0.0769, 0.0163 -0.1088 0.0772, 0.0145 -0.1089 0.0762, 0.0149 -0.109 0.0756, 0.0192 -0.1041 0.0861, 0.0172 -0.1041 0.0859, 0.0157 -0.1042 0.0853, 0.0152 -0.1042 0.0851, 0.0152 -0.1044 0.0831, 0.0167 -0.1043 0.084, 0.0179 -0.1043 0.0844, 0.019 -0.1043 0.0845, 0.0197 -0.1043 0.0844, 0.0202 -0.1043 0.0842, 0.0205 -0.1043 0.084, 0.0208 -0.1043 0.0837, 0.0211 -0.1044 0.0832, 0.0213 -0.1044 0.0825, 0.0213 -0.1045 0.0817, 0.0179 -0.1045 0.0812, 0.0164 -0.1046 0.0809, 0.0156 -0.1046 0.0804, 0.0149 -0.1047 0.0799, 0.0145 -0.1047 0.0793, 0.0143 -0.1048 0.0786, 0.0141 -0.1048 0.0778, 0.0141 -0.1049 0.0775, 0.0142 -0.105 0.0765, 0.0145 -0.105 0.0759, 0.0149 -0.1051 0.0753, 0.0151 -0.1051 0.0751, 0.0178 -0.1052 0.0742, 0.0157 -0.1051 0.0746, 0.0165 -0.1051 0.0743, 0.0166 -0.1051 0.0743, 0.0175 -0.1052 0.0742, 0.0189 -0.1051 0.0743, 0.0197 -0.1051 0.0746, 0.0201 -0.1051 0.0749, 0.0208 -0.105 0.0755, 0.0213 -0.105 0.0762, 0.0213 -0.105 0.0762, 0.0213 -0.1051 0.0745, 0.0233 -0.1051 0.0745, 0.0233 -0.1045 0.0818, 0.0232 -0.1044 0.0833, 0.0228 -0.1043 0.0842, 0.0224 -0.1042 0.0849, 0.0219 -0.1042 0.0854, 0.0212 -0.1041 0.0858, 0.0204 -0.1041 0.086, 0.0167 -0.1047 0.0791, 0.017 -0.1047 0.0793, 0.0174 -0.1047 0.0795, 0.0186 -0.1047 0.0798, 0.0162 -0.1048 0.0777, 0.0162 -0.1048 0.0779, 0.0163 -0.1048 0.0784, 0.0164 -0.1048 0.0788, 0.0167 -0.105 0.0763, 0.0166 -0.105 0.0765, 0.0163 -0.1049 0.0768, 0.0162 -0.1049 0.0772, 0.0183 -0.105 0.0758, 0.0181 -0.105 0.0758, 0.0176 -0.105 0.0759, 0.0171 -0.105 0.0761, 0.0204 -0.1049 0.0768, 0.0202 -0.1049 0.0766, 0.0197 -0.105 0.0762, 0.0191 -0.105 0.0759, 0.0213 -0.1047 0.0791, 0.0212 -0.1048 0.0781, 0.0209 -0.1049 0.0774, 0.0213 -0.1046 0.0802
            ]
        }
        coordIndex [
            0,1,2,-1,2,1,3,-1,4,0,5,-1,5,0,2,-1,6,4,7,-1,7,4,5,-1,8,6,9,-1,9,6,7,-1,10,8,11,-1,11,8,9,-1,12,10,13,-1,13,10,11,-1,14,12,15,-1,15,12,13,-1,16,14,17,-1,17,14,15,-1,18,16,19,-1,19,16,17,-1,20,18,21,-1,21,18,19,-1,22,20,23,-1,23,20,21,-1,1,22,3,-1,3,22,23,-1,22,1,0,-1,0,4,22,-1,22,4,6,-1,22,6,20,-1,16,18,14,-1,14,18,20,-1,14,20,12,-1,12,20,6,-1,12,6,10,-1,10,6,8,-1,24,25,26,-1,26,25,27,-1,27,25,28,-1,27,28,29,-1,30,31,32,-1,33,34,35,-1,36,37,34,-1,34,37,30,-1,34,30,35,-1,35,30,32,-1,26,38,24,-1,24,38,39,-1,24,39,40,-1,40,39,41,-1,40,41,42,-1,43,44,45,-1,45,44,46,-1,45,46,47,-1,47,46,48,-1,47,48,49,-1,49,48,50,-1,49,50,51,-1,51,50,52,-1,51,52,53,-1,53,52,54,-1,53,54,55,-1,55,54,56,-1,55,56,57,-1,57,56,58,-1,57,58,59,-1,59,58,60,-1,59,60,61,-1,61,60,62,-1,61,62,30,-1,30,62,42,-1,30,42,31,-1,31,42,41,-1,35,63,33,-1,33,63,64,-1,33,64,65,-1,65,64,66,-1,65,66,67,-1,67,66,68,-1,67,68,69,-1,69,68,70,-1,69,70,71,-1,71,70,72,-1,71,72,73,-1,73,72,74,-1,73,74,75,-1,75,74,76,-1,75,76,77,-1,77,76,78,-1,77,78,79,-1,79,78,80,-1,79,80,81,-1,81,80,82,-1,28,83,29,-1,29,83,84,-1,29,84,85,-1,85,84,86,-1,85,86,87,-1,87,86,88,-1,87,88,89,-1,89,88,90,-1,89,90,91,-1,91,90,92,-1,91,92,82,-1,82,92,93,-1,82,93,81,-1,49,94,95,-1,49,95,47,-1,47,95,96,-1,47,96,45,-1,45,96,97,-1,45,97,43,-1,44,43,98,-1,98,43,97,-1,44,98,99,-1,44,99,46,-1,46,99,100,-1,46,100,48,-1,48,100,101,-1,48,101,50,-1,50,101,102,-1,50,102,52,-1,52,102,103,-1,52,103,54,-1,54,103,104,-1,54,104,56,-1,56,104,105,-1,56,105,58,-1,58,105,106,-1,58,106,60,-1,60,106,107,-1,60,107,62,-1,62,107,108,-1,62,108,42,-1,40,42,109,-1,109,42,108,-1,40,109,110,-1,40,110,24,-1,24,110,111,-1,24,111,25,-1,25,111,112,-1,25,112,28,-1,28,112,113,-1,28,113,83,-1,83,113,114,-1,83,114,84,-1,84,114,115,-1,84,115,86,-1,86,115,116,-1,86,116,88,-1,88,116,117,-1,88,117,90,-1,90,117,118,-1,90,118,92,-1,92,118,119,-1,92,119,93,-1,93,119,120,-1,93,120,81,-1,121,73,75,-1,81,120,122,-1,81,122,79,-1,79,122,123,-1,79,123,77,-1,77,123,124,-1,77,124,75,-1,75,124,125,-1,75,125,121,-1,73,121,126,-1,73,126,71,-1,71,126,127,-1,71,127,69,-1,69,127,128,-1,69,128,67,-1,67,128,129,-1,67,129,65,-1,65,129,130,-1,65,130,33,-1,34,33,131,-1,131,33,130,-1,36,34,132,-1,132,34,131,-1,37,36,133,-1,133,36,132,-1,30,37,134,-1,134,37,133,-1,30,134,135,-1,30,135,61,-1,61,135,136,-1,61,136,59,-1,59,136,137,-1,59,137,57,-1,57,137,138,-1,57,138,55,-1,55,138,139,-1,55,139,53,-1,53,139,140,-1,53,140,51,-1,51,140,94,-1,51,94,49,-1,26,141,142,-1,26,142,38,-1,38,142,143,-1,38,143,39,-1,39,143,144,-1,39,144,41,-1,87,145,146,-1,87,146,85,-1,85,146,147,-1,85,147,29,-1,29,147,148,-1,29,148,27,-1,27,148,141,-1,27,141,26,-1,80,149,150,-1,80,150,82,-1,82,150,151,-1,82,151,91,-1,91,151,152,-1,91,152,89,-1,89,152,145,-1,89,145,87,-1,72,153,154,-1,72,154,74,-1,74,154,155,-1,74,155,76,-1,76,155,156,-1,76,156,78,-1,78,156,149,-1,78,149,80,-1,64,157,158,-1,64,158,66,-1,66,158,159,-1,66,159,68,-1,68,159,160,-1,68,160,70,-1,70,160,153,-1,70,153,72,-1,32,161,162,-1,32,162,35,-1,35,162,163,-1,35,163,63,-1,63,163,157,-1,63,157,64,-1,32,31,161,-1,161,31,164,-1,31,41,164,-1,164,41,144,-1,
        ]
    }
}
Shape{
    appearance Appearance {
        material  Material 	{
            diffuseColor 1.0 1.0 1.0
            specularColor 0.5019607843137255 0.5019607843137255 0.5019607843137255
            ambientIntensity 1.0
            transparency 0.0
            shininess 0.5
        }
    }
    geometry IndexedFaceSet {
        ccw TRUE
        solid FALSE
        coord DEF co Coordinate {
            point [
                0.0183 -0.105 0.0758, 0.0191 -0.105 0.0759, 0.0186 -0.1047 0.0798, 0.0204 -0.1049 0.0768, 0.0209 -0.1049 0.0774, 0.0197 -0.105 0.0762, 0.0202 -0.1049 0.0766, 0.0212 -0.1048 0.0781, 0.0213 -0.1047 0.0791, 0.0213 -0.1046 0.0802, 0.0181 -0.105 0.0758, 0.0174 -0.1047 0.0795, 0.017 -0.1047 0.0793, 0.0162 -0.1049 0.0772, 0.0163 -0.1049 0.0768, 0.0166 -0.105 0.0765, 0.0163 -0.1048 0.0784, 0.0162 -0.1048 0.0779, 0.0162 -0.1048 0.0777, 0.0176 -0.105 0.0759, 0.0171 -0.105 0.0761, 0.0167 -0.105 0.0763, 0.0167 -0.1047 0.0791, 0.0164 -0.1048 0.0788
            ]
        }
        coordIndex [
            0,1,2,-1,2,3,4,-1,1,5,2,-1,2,5,6,-1,2,6,3,-1,4,7,2,-1,2,7,8,-1,2,8,9,-1,0,2,10,-1,10,2,11,-1,10,11,12,-1,13,14,15,-1,16,17,10,-1,10,17,18,-1,10,18,19,-1,19,18,20,-1,13,15,18,-1,18,15,21,-1,18,21,20,-1,12,22,10,-1,10,22,23,-1,10,23,16,-1,
        ]
    }
}
Shape{
    appearance Appearance {
        material  Material 	{
            diffuseColor 0.0 0.0 0.0
            specularColor 0.0 0.0 0.0
            ambientIntensity 0.0
            transparency 0.0
            shininess 0.5
        }
    }
    geometry IndexedFaceSet {
        ccw TRUE
        solid FALSE
        coord DEF co Coordinate {
            point [
                0.026 -0.1049 0.0769, 0.026 -0.1088 0.0773, 0.0268 -0.1089 0.0768, 0.0293 -0.1089 0.0762, 0.0293 -0.105 0.0758, 0.028 -0.105 0.076, 0.028 -0.1089 0.0763, 0.027 -0.105 0.0764, 0.0268 -0.105 0.0765, 0.026 -0.109 0.0752, 0.026 -0.1051 0.0749, 0.027 -0.1051 0.0745, 0.0274 -0.1091 0.0747, 0.0291 -0.1052 0.0742, 0.0291 -0.1091 0.0745, 0.0279 -0.1051 0.0743, 0.0274 -0.1051 0.0744, 0.0304 -0.1051 0.0743, 0.0308 -0.1091 0.0747, 0.0308 -0.1051 0.0744, 0.0319 -0.1051 0.0748, 0.0319 -0.109 0.0751, 0.0325 -0.1051 0.0751, 0.0325 -0.109 0.0754, 0.0331 -0.105 0.0756, 0.0331 -0.1089 0.076, 0.0334 -0.105 0.0762, 0.0334 -0.1089 0.0765, 0.0337 -0.1049 0.0768, 0.0337 -0.1088 0.0772, 0.0338 -0.1049 0.0776, 0.0338 -0.1088 0.0779, 0.0337 -0.1048 0.0784, 0.0337 -0.1087 0.0787, 0.0334 -0.1047 0.0789, 0.0334 -0.1087 0.0793, 0.0331 -0.1047 0.0794, 0.0331 -0.1086 0.0798, 0.0325 -0.1047 0.0799, 0.0325 -0.1086 0.0803, 0.0311 -0.1046 0.0807, 0.0311 -0.1085 0.081, 0.0305 -0.1046 0.0809, 0.0305 -0.1085 0.0813, 0.0293 -0.1045 0.0815, 0.0293 -0.1084 0.0818, 0.0286 -0.1045 0.0819, 0.0286 -0.1084 0.0822, 0.0284 -0.1045 0.0821, 0.0284 -0.1084 0.0825, 0.0282 -0.1044 0.0824, 0.0282 -0.1084 0.0827, 0.0281 -0.1044 0.0827, 0.0281 -0.1083 0.083, 0.0281 -0.1044 0.083, 0.0281 -0.1083 0.0833, 0.0281 -0.1044 0.0833, 0.0281 -0.1083 0.0836, 0.0282 -0.1043 0.0835, 0.0282 -0.1083 0.0839, 0.0284 -0.1043 0.0838, 0.0284 -0.1082 0.0841, 0.0287 -0.1043 0.0841, 0.0287 -0.1082 0.0844, 0.0291 -0.1043 0.0843, 0.0291 -0.1082 0.0846, 0.0297 -0.1043 0.0844, 0.0297 -0.1082 0.0848, 0.0303 -0.1043 0.0845, 0.0303 -0.1082 0.0848, 0.0317 -0.1043 0.0843, 0.0317 -0.1082 0.0847, 0.0329 -0.1043 0.0839, 0.0329 -0.1082 0.0842, 0.0332 -0.1043 0.0837, 0.0332 -0.1082 0.084, 0.0332 -0.1081 0.086, 0.0332 -0.1042 0.0856, 0.0319 -0.1041 0.086, 0.0319 -0.108 0.0863, 0.0305 -0.1041 0.0861, 0.0305 -0.108 0.0865, 0.029 -0.1041 0.086, 0.029 -0.108 0.0863, 0.0279 -0.1042 0.0856, 0.0279 -0.1081 0.0859, 0.0273 -0.1042 0.0852, 0.0273 -0.1081 0.0856, 0.027 -0.1042 0.0849, 0.0267 -0.1082 0.085, 0.0267 -0.1042 0.0846, 0.0263 -0.1043 0.0841, 0.0263 -0.1082 0.0844, 0.0261 -0.1043 0.0834, 0.0261 -0.1083 0.0838, 0.026 -0.1044 0.0828, 0.026 -0.1083 0.0831, 0.0261 -0.1045 0.0819, 0.0261 -0.1084 0.0823, 0.0264 -0.1045 0.0813, 0.0264 -0.1085 0.0817, 0.0266 -0.1046 0.081, 0.0266 -0.1085 0.0813, 0.027 -0.1046 0.0806, 0.027 -0.1085 0.0809, 0.027 -0.1046 0.0806, 0.0281 -0.1047 0.0799, 0.0281 -0.1086 0.0803, 0.0291 -0.1047 0.0795, 0.0291 -0.1086 0.0798, 0.0304 -0.1047 0.0789, 0.0304 -0.1087 0.0793, 0.0312 -0.1048 0.0785, 0.0312 -0.1087 0.0788, 0.0314 -0.1048 0.0782, 0.0314 -0.1087 0.0785, 0.0316 -0.1048 0.0779, 0.0316 -0.1087 0.0783, 0.0317 -0.1049 0.0776, 0.0317 -0.1088 0.078, 0.0317 -0.1049 0.0774, 0.0317 -0.1088 0.0777, 0.0317 -0.1049 0.077, 0.0317 -0.1088 0.0773, 0.0316 -0.1049 0.0767, 0.0316 -0.1089 0.077, 0.0314 -0.105 0.0764, 0.0314 -0.1089 0.0768, 0.0311 -0.105 0.0762, 0.0311 -0.1089 0.0766, 0.031 -0.105 0.0761, 0.031 -0.1089 0.0765, 0.0305 -0.105 0.0759, 0.0305 -0.1089 0.0763, 0.0295 -0.105 0.0758, 0.0295 -0.1089 0.0762, 0.0437 -0.1081 0.0862, 0.0458 -0.1081 0.0862, 0.0437 -0.1041 0.0859, 0.0458 -0.1041 0.0859, 0.0406 -0.1088 0.0776, 0.0406 -0.1049 0.0773, 0.0404 -0.1049 0.0767, 0.0404 -0.1089 0.0771, 0.0403 -0.105 0.0764, 0.0403 -0.1089 0.0767, 0.0403 -0.1089 0.0767, 0.0403 -0.105 0.0764, 0.04 -0.1088 0.0776, 0.04 -0.1049 0.0773, 0.037 -0.1081 0.0862, 0.038 -0.1044 0.0831, 0.037 -0.1041 0.0859, 0.0348 -0.1081 0.0862, 0.0348 -0.1041 0.0859, 0.0393 -0.1091 0.0748, 0.038 -0.1048 0.0777, 0.0393 -0.1051 0.0745, 0.0384 -0.1053 0.0724, 0.0384 -0.1092 0.0728, 0.0392 -0.1051 0.0743, 0.038 -0.1054 0.0717, 0.038 -0.1093 0.072, 0.038 -0.1054 0.0717, 0.0376 -0.1054 0.0713, 0.0376 -0.1093 0.0716, 0.0373 -0.1054 0.0711, 0.0373 -0.1094 0.0714, 0.0369 -0.1054 0.0709, 0.0369 -0.1094 0.0712, 0.0364 -0.1055 0.0708, 0.0364 -0.1094 0.0712, 0.0364 -0.1055 0.0708, 0.0364 -0.1094 0.0712, 0.0358 -0.1054 0.0709, 0.0358 -0.1094 0.0712, 0.0352 -0.1054 0.071, 0.0352 -0.1094 0.0714, 0.0352 -0.1095 0.0696, 0.0352 -0.1056 0.0693, 0.0358 -0.1056 0.0691, 0.0358 -0.1095 0.0695, 0.0365 -0.1056 0.0691, 0.0365 -0.1095 0.0694, 0.0374 -0.1056 0.0692, 0.0374 -0.1095 0.0695, 0.038 -0.1056 0.0695, 0.0382 -0.1095 0.0699, 0.0382 -0.1056 0.0695, 0.0388 -0.1055 0.07, 0.0388 -0.1094 0.0704, 0.0397 -0.1054 0.071, 0.0397 -0.1094 0.0713, 0.0406 -0.1053 0.0727, 0.0406 -0.1092 0.0731, 0.0412 -0.1051 0.0743, 0.0566 -0.1089 0.0766, 0.0566 -0.1091 0.0748, 0.0566 -0.105 0.0763, 0.0566 -0.1051 0.0745, 0.05 -0.1089 0.0766, 0.053 -0.105 0.0763, 0.05 -0.105 0.0763, 0.05 -0.1084 0.082, 0.05 -0.1045 0.0816, 0.0557 -0.1084 0.082, 0.053 -0.1045 0.0816, 0.0557 -0.1045 0.0816, 0.0557 -0.1083 0.0838, 0.0557 -0.1043 0.0835, 0.05 -0.1043 0.0835, 0.05 -0.1083 0.0838, 0.053 -0.1043 0.0835, 0.05 -0.1078 0.0889, 0.05 -0.1039 0.0886, 0.0562 -0.1039 0.0886, 0.0562 -0.1078 0.0889, 0.053 -0.1039 0.0886, 0.0562 -0.1077 0.0908, 0.0562 -0.1037 0.0904, 0.0479 -0.1037 0.0904, 0.0479 -0.1077 0.0908, 0.053 -0.1037 0.0904, 0.0479 -0.1091 0.0748, 0.0479 -0.1051 0.0745, 0.053 -0.1051 0.0745, 0.0687 -0.1087 0.0783, 0.0702 -0.1089 0.077, 0.0695 -0.1087 0.0793, 0.0714 -0.1087 0.0784, 0.0701 -0.1086 0.0805, 0.0722 -0.1086 0.0801, 0.0704 -0.1084 0.0819, 0.0726 -0.1084 0.082, 0.0704 -0.1083 0.0829, 0.0726 -0.1083 0.083, 0.0702 -0.1082 0.0849, 0.0724 -0.1082 0.085, 0.0698 -0.1081 0.0861, 0.0718 -0.108 0.0866, 0.0692 -0.108 0.087, 0.0709 -0.1079 0.088, 0.0687 -0.1079 0.0874, 0.0702 -0.1078 0.0886, 0.0675 -0.1079 0.0882, 0.0686 -0.1077 0.0897, 0.0661 -0.1078 0.0887, 0.0667 -0.1077 0.0905, 0.0641 -0.1078 0.0889, 0.0641 -0.1077 0.0908, 0.0616 -0.1078 0.0889, 0.0596 -0.1077 0.0908, 0.0616 -0.1089 0.0766, 0.0596 -0.1091 0.0748, 0.064 -0.1089 0.0766, 0.064 -0.1091 0.0748, 0.066 -0.1089 0.0768, 0.0667 -0.109 0.0751, 0.0674 -0.1088 0.0773, 0.0685 -0.109 0.0758, 0.0684 -0.1088 0.078, 0.07 -0.1089 0.0769, 0.064 -0.1051 0.0745, 0.0596 -0.1051 0.0745, 0.0667 -0.1051 0.0748, 0.0685 -0.105 0.0755, 0.07 -0.1049 0.0765, 0.0702 -0.1049 0.0767, 0.0714 -0.1048 0.0781, 0.0722 -0.1047 0.0797, 0.0726 -0.1045 0.0816, 0.0726 -0.1044 0.0826, 0.0724 -0.1042 0.0847, 0.0718 -0.1041 0.0862, 0.0709 -0.104 0.0876, 0.0702 -0.1039 0.0883, 0.0686 -0.1038 0.0894, 0.0667 -0.1038 0.0901, 0.0641 -0.1037 0.0904, 0.0596 -0.1037 0.0904, 0.0641 -0.1039 0.0886, 0.0616 -0.1039 0.0886, 0.0616 -0.105 0.0763, 0.064 -0.105 0.0763, 0.0687 -0.1048 0.0779, 0.0684 -0.1048 0.0777, 0.0674 -0.1049 0.077, 0.066 -0.105 0.0765, 0.0704 -0.1044 0.0826, 0.0704 -0.1045 0.0816, 0.0701 -0.1046 0.0801, 0.0695 -0.1047 0.0789, 0.0687 -0.104 0.0871, 0.0692 -0.1041 0.0866, 0.0698 -0.1041 0.0857, 0.0702 -0.1042 0.0845, 0.0661 -0.1039 0.0884, 0.0675 -0.104 0.0879
            ]
        }
        coordIndex [
            0,1,2,-1,3,4,5,-1,3,5,6,-1,6,5,7,-1,6,7,2,-1,2,7,8,-1,2,8,0,-1,9,1,10,-1,10,1,0,-1,10,11,9,-1,9,11,12,-1,13,14,15,-1,15,14,12,-1,15,12,16,-1,16,12,11,-1,13,17,14,-1,14,17,18,-1,17,19,18,-1,18,19,20,-1,18,20,21,-1,21,20,22,-1,21,22,23,-1,23,22,24,-1,23,24,25,-1,25,24,26,-1,25,26,27,-1,27,26,28,-1,27,28,29,-1,29,28,30,-1,29,30,31,-1,31,30,32,-1,31,32,33,-1,33,32,34,-1,33,34,35,-1,35,34,36,-1,35,36,37,-1,37,36,38,-1,37,38,39,-1,39,38,40,-1,39,40,41,-1,41,40,42,-1,41,42,43,-1,43,42,44,-1,43,44,45,-1,45,44,46,-1,45,46,47,-1,47,46,48,-1,47,48,49,-1,49,48,50,-1,49,50,51,-1,51,50,52,-1,51,52,53,-1,53,52,54,-1,53,54,55,-1,55,54,56,-1,55,56,57,-1,57,56,58,-1,57,58,59,-1,59,58,60,-1,59,60,61,-1,61,60,62,-1,61,62,63,-1,63,62,64,-1,63,64,65,-1,65,64,66,-1,65,66,67,-1,67,66,68,-1,67,68,69,-1,69,68,70,-1,69,70,71,-1,71,70,72,-1,71,72,73,-1,73,72,74,-1,73,74,75,-1,76,75,77,-1,77,75,74,-1,76,77,78,-1,76,78,79,-1,79,78,80,-1,79,80,81,-1,81,80,82,-1,81,82,83,-1,83,82,84,-1,83,84,85,-1,85,84,86,-1,85,86,87,-1,86,88,87,-1,87,88,89,-1,88,90,89,-1,89,90,91,-1,89,91,92,-1,92,91,93,-1,92,93,94,-1,94,93,95,-1,94,95,96,-1,96,95,97,-1,96,97,98,-1,98,97,99,-1,98,99,100,-1,100,99,101,-1,100,101,102,-1,101,103,102,-1,102,103,104,-1,103,105,104,-1,104,105,106,-1,104,106,107,-1,107,106,108,-1,107,108,109,-1,109,108,110,-1,109,110,111,-1,111,110,112,-1,111,112,113,-1,113,112,114,-1,113,114,115,-1,115,114,116,-1,115,116,117,-1,117,116,118,-1,117,118,119,-1,119,118,120,-1,119,120,121,-1,121,120,122,-1,121,122,123,-1,123,122,124,-1,123,124,125,-1,125,124,126,-1,125,126,127,-1,127,126,128,-1,127,128,129,-1,129,128,130,-1,129,130,131,-1,131,130,132,-1,131,132,133,-1,133,132,134,-1,133,134,135,-1,135,134,4,-1,135,4,3,-1,59,61,87,-1,87,61,85,-1,85,61,63,-1,85,63,83,-1,125,25,27,-1,111,43,109,-1,109,43,45,-1,125,27,123,-1,123,27,29,-1,123,29,121,-1,121,29,31,-1,121,31,119,-1,119,31,33,-1,119,33,117,-1,117,33,35,-1,117,35,115,-1,115,35,37,-1,115,37,113,-1,113,37,39,-1,113,39,111,-1,111,39,41,-1,111,41,43,-1,25,125,23,-1,23,125,127,-1,23,127,21,-1,14,3,12,-1,12,3,6,-1,12,6,9,-1,9,6,2,-1,9,2,1,-1,63,65,83,-1,83,65,67,-1,83,67,81,-1,81,67,69,-1,81,69,79,-1,79,69,71,-1,79,71,76,-1,76,71,73,-1,76,73,75,-1,127,129,21,-1,21,129,131,-1,21,131,18,-1,18,131,133,-1,18,133,14,-1,14,133,135,-1,14,135,3,-1,87,89,59,-1,59,89,92,-1,59,92,57,-1,57,92,94,-1,57,94,55,-1,55,94,96,-1,55,96,53,-1,53,96,98,-1,53,98,51,-1,51,98,100,-1,51,100,49,-1,49,100,102,-1,49,102,47,-1,47,102,104,-1,47,104,45,-1,45,104,107,-1,45,107,109,-1,136,137,138,-1,138,137,139,-1,140,136,141,-1,141,136,138,-1,140,141,142,-1,140,142,143,-1,143,142,144,-1,143,144,145,-1,146,145,147,-1,147,145,144,-1,148,146,149,-1,149,146,147,-1,148,149,150,-1,150,149,151,-1,150,151,152,-1,153,150,154,-1,154,150,152,-1,153,154,155,-1,155,154,156,-1,155,156,157,-1,158,159,160,-1,160,159,155,-1,160,155,157,-1,158,161,159,-1,159,161,162,-1,161,163,162,-1,162,163,164,-1,162,164,165,-1,165,164,166,-1,165,166,167,-1,167,166,168,-1,167,168,169,-1,169,168,170,-1,169,170,171,-1,171,170,172,-1,171,172,173,-1,173,172,174,-1,173,174,175,-1,175,174,176,-1,175,176,177,-1,178,177,179,-1,179,177,176,-1,178,179,180,-1,178,180,181,-1,181,180,182,-1,181,182,183,-1,183,182,184,-1,183,184,185,-1,185,184,186,-1,185,186,187,-1,186,188,187,-1,187,188,189,-1,187,189,190,-1,190,189,191,-1,190,191,192,-1,192,191,193,-1,192,193,194,-1,139,137,195,-1,195,137,194,-1,195,194,193,-1,143,145,194,-1,137,136,194,-1,194,136,140,-1,194,140,143,-1,150,153,148,-1,148,153,155,-1,148,155,146,-1,145,146,194,-1,194,146,155,-1,194,155,192,-1,155,159,192,-1,192,159,162,-1,192,162,190,-1,190,162,165,-1,190,165,187,-1,187,165,167,-1,187,167,185,-1,185,167,169,-1,185,169,183,-1,169,171,183,-1,183,171,173,-1,183,173,181,-1,181,173,175,-1,181,175,178,-1,178,175,177,-1,196,197,198,-1,198,197,199,-1,196,198,200,-1,200,198,201,-1,200,201,202,-1,203,200,204,-1,204,200,202,-1,203,204,205,-1,205,204,206,-1,205,206,207,-1,208,205,209,-1,209,205,207,-1,210,211,212,-1,212,211,208,-1,212,208,209,-1,213,211,214,-1,214,211,210,-1,215,216,217,-1,217,216,213,-1,217,213,214,-1,218,216,219,-1,219,216,215,-1,220,221,222,-1,222,221,218,-1,222,218,219,-1,223,221,224,-1,224,221,220,-1,223,224,197,-1,197,224,225,-1,197,225,199,-1,223,197,196,-1,196,200,223,-1,223,200,203,-1,223,203,221,-1,216,218,213,-1,213,218,221,-1,213,221,211,-1,211,221,203,-1,211,203,208,-1,208,203,205,-1,226,227,228,-1,228,227,229,-1,228,229,230,-1,230,229,231,-1,230,231,232,-1,232,231,233,-1,232,233,234,-1,234,233,235,-1,234,235,236,-1,236,235,237,-1,236,237,238,-1,238,237,239,-1,238,239,240,-1,240,239,241,-1,240,241,242,-1,242,241,243,-1,242,243,244,-1,244,243,245,-1,244,245,246,-1,246,245,247,-1,246,247,248,-1,248,247,249,-1,248,249,250,-1,250,249,251,-1,250,251,252,-1,252,251,253,-1,252,253,254,-1,254,253,255,-1,254,255,256,-1,256,255,257,-1,256,257,258,-1,258,257,259,-1,258,259,260,-1,260,259,261,-1,260,261,226,-1,226,261,227,-1,255,253,262,-1,262,253,263,-1,255,262,264,-1,255,264,257,-1,257,264,265,-1,257,265,259,-1,259,265,266,-1,259,266,261,-1,261,266,267,-1,261,267,227,-1,227,267,268,-1,227,268,229,-1,229,268,269,-1,229,269,231,-1,231,269,270,-1,231,270,233,-1,233,270,271,-1,233,271,235,-1,235,271,272,-1,235,272,237,-1,237,272,273,-1,237,273,239,-1,239,273,274,-1,239,274,241,-1,241,274,275,-1,241,275,243,-1,243,275,276,-1,243,276,245,-1,245,276,277,-1,245,277,247,-1,247,277,278,-1,247,278,249,-1,251,249,279,-1,279,249,278,-1,253,251,263,-1,263,251,279,-1,248,250,280,-1,280,250,281,-1,250,252,281,-1,281,252,282,-1,252,254,282,-1,282,254,283,-1,226,284,285,-1,226,285,260,-1,260,285,286,-1,260,286,258,-1,258,286,287,-1,258,287,256,-1,256,287,283,-1,256,283,254,-1,234,288,289,-1,234,289,232,-1,232,289,290,-1,232,290,230,-1,230,290,291,-1,230,291,228,-1,228,291,284,-1,228,284,226,-1,242,292,293,-1,242,293,240,-1,240,293,294,-1,240,294,238,-1,238,294,295,-1,238,295,236,-1,236,295,288,-1,236,288,234,-1,248,280,296,-1,248,296,246,-1,246,296,297,-1,246,297,244,-1,244,297,292,-1,244,292,242,-1,
        ]
    }
}
Shape{
    appearance Appearance {
        material  Material 	{
            diffuseColor 1.0 1.0 1.0
            specularColor 0.5019607843137255 0.5019607843137255 0.5019607843137255
            ambientIntensity 1.0
            transparency 0.0
            shininess 0.5
        }
    }
    geometry IndexedFaceSet {
        ccw TRUE
        solid FALSE
        coord DEF co Coordinate {
            point [
                0.0616 -0.1039 0.0886, 0.0616 -0.105 0.0763, 0.0641 -0.1039 0.0886, 0.064 -0.105 0.0763, 0.0684 -0.1048 0.0777, 0.0687 -0.1048 0.0779, 0.066 -0.105 0.0765, 0.0674 -0.1049 0.077, 0.0695 -0.1047 0.0789, 0.0701 -0.1046 0.0801, 0.0704 -0.1045 0.0816, 0.0704 -0.1044 0.0826, 0.0702 -0.1042 0.0845, 0.0698 -0.1041 0.0857, 0.0692 -0.1041 0.0866, 0.0687 -0.104 0.0871, 0.0661 -0.1039 0.0884, 0.0675 -0.104 0.0879
            ]
        }
        coordIndex [
            0,1,2,-1,2,1,3,-1,4,5,2,-1,3,6,2,-1,2,6,7,-1,2,7,4,-1,5,8,2,-1,2,8,9,-1,2,9,10,-1,10,11,2,-1,2,11,12,-1,2,12,13,-1,13,14,2,-1,2,14,15,-1,2,15,16,-1,16,15,17,-1,
        ]
    }
}
Shape{
    appearance Appearance {
        material  Material 	{
            diffuseColor 0.0 0.0 0.0
            specularColor 0.0 0.0 0.0
            ambientIntensity 0.0
            transparency 0.0
            shininess 0.5
        }
    }
    geometry IndexedFaceSet {
        ccw TRUE
        solid FALSE
        coord DEF co Coordinate {
            point [
                0.078 -0.1085 0.081, 0.0773 -0.1087 0.0792, 0.0834 -0.1085 0.081, 0.084 -0.1087 0.0792, 0.0804 -0.1079 0.0876, 0.0796 -0.1077 0.0908, 0.0735 -0.1091 0.0748, 0.0758 -0.1091 0.0748, 0.0805 -0.1079 0.0881, 0.0806 -0.1078 0.0887, 0.0818 -0.1077 0.0908, 0.0807 -0.1078 0.0887, 0.0808 -0.1079 0.088, 0.0809 -0.1079 0.0876, 0.0879 -0.1091 0.0748, 0.0856 -0.1091 0.0748, 0.0818 -0.1037 0.0904, 0.0879 -0.1051 0.0745, 0.0796 -0.1037 0.0904, 0.0735 -0.1051 0.0745, 0.0758 -0.1051 0.0745, 0.0773 -0.1047 0.0788, 0.084 -0.1047 0.0788, 0.0856 -0.1051 0.0745, 0.078 -0.1046 0.0806, 0.0834 -0.1046 0.0806, 0.0809 -0.104 0.0873, 0.0807 -0.1039 0.0884, 0.0808 -0.104 0.0877, 0.0806 -0.1039 0.0884, 0.0804 -0.104 0.0873, 0.0805 -0.104 0.0877
            ]
        }
        coordIndex [
            0,1,2,-1,2,1,3,-1,4,5,0,-1,0,5,6,-1,0,6,1,-1,1,6,7,-1,4,8,5,-1,5,8,9,-1,5,9,10,-1,10,9,11,-1,10,11,12,-1,12,13,10,-1,10,13,2,-1,10,2,14,-1,14,2,3,-1,14,3,15,-1,10,14,16,-1,16,14,17,-1,5,10,18,-1,18,10,16,-1,6,5,19,-1,19,5,18,-1,7,6,20,-1,20,6,19,-1,1,7,21,-1,21,7,20,-1,3,1,22,-1,22,1,21,-1,15,3,23,-1,23,3,22,-1,14,15,17,-1,17,15,23,-1,0,2,24,-1,24,2,25,-1,2,13,25,-1,25,13,26,-1,11,27,28,-1,11,28,12,-1,12,28,26,-1,12,26,13,-1,11,9,27,-1,27,9,29,-1,4,30,31,-1,4,31,8,-1,8,31,29,-1,8,29,9,-1,4,0,30,-1,30,0,24,-1,
        ]
    }
}
Shape{
    appearance Appearance {
        material  Material 	{
            diffuseColor 1.0 1.0 1.0
            specularColor 0.5019607843137255 0.5019607843137255 0.5019607843137255
            ambientIntensity 1.0
            transparency 0.0
            shininess 0.5
        }
    }
    geometry IndexedFaceSet {
        ccw TRUE
        solid FALSE
        coord DEF co Coordinate {
            point [
                0.0807 -0.1039 0.0884, 0.0806 -0.1039 0.0884, 0.0808 -0.104 0.0877, 0.0805 -0.104 0.0877, 0.0809 -0.104 0.0873, 0.0804 -0.104 0.0873, 0.0834 -0.1046 0.0806, 0.078 -0.1046 0.0806
            ]
        }
        coordIndex [
            0,1,2,-1,2,1,3,-1,2,3,4,-1,4,3,5,-1,4,5,6,-1,6,5,7,-1,
        ]
    }
}
Shape{
    appearance Appearance {
        material  Material 	{
            diffuseColor 0.0 0.0 0.0
            specularColor 0.0 0.0 0.0
            ambientIntensity 0.0
            transparency 0.0
            shininess 0.5
        }
    }
    geometry IndexedFaceSet {
        ccw TRUE
        solid FALSE
        coord DEF co Coordinate {
            point [
                -0.0671 -0.1093 0.0725, -0.0654 -0.1094 0.0705, -0.0682 -0.1084 0.0826, -0.0271 -0.1066 0.1026, -0.0264 -0.1069 0.0994, -0.0208 -0.1064 0.1055, -0.0702 -0.1066 0.1023, -0.0676 -0.1065 0.1036, -0.0682 -0.1059 0.1106, -0.0482 -0.1093 0.0721, -0.0468 -0.1091 0.0746, -0.0461 -0.1088 0.0774, -0.0706 -0.1082 0.0841, -0.0697 -0.109 0.0754, -0.0683 -0.109 0.075, -0.0637 -0.1059 0.1112, -0.0301 -0.1079 0.0881, -0.0337 -0.1074 0.0941, -0.0461 -0.1086 0.0797, -0.0489 -0.1081 0.0862, -0.0461 -0.1087 0.0786, -0.0522 -0.1096 0.0686, -0.0499 -0.1095 0.0702, -0.0605 -0.109 0.0752, -0.0596 -0.1091 0.0746, -0.0632 -0.1096 0.0688, -0.0586 -0.1091 0.0742, -0.0535 -0.1086 0.0802, -0.0532 -0.1087 0.0792, -0.0531 -0.1088 0.0781, -0.0534 -0.1089 0.077, -0.0539 -0.1089 0.076, -0.0502 -0.1058 0.1115, -0.0561 -0.1055 0.1159, -0.0533 -0.106 0.1093, -0.0588 -0.1057 0.1136, -0.0558 -0.1063 0.1062, -0.0611 -0.1059 0.1109, -0.0576 -0.1066 0.1027, -0.0384 -0.1057 0.1131, -0.0414 -0.1051 0.1203, -0.0423 -0.1057 0.1135, -0.0424 -0.1051 0.1203, -0.0465 -0.1057 0.113, -0.0477 -0.1051 0.1197, -0.0526 -0.1053 0.118, -0.0648 -0.1065 0.1043, -0.0636 -0.1065 0.1044, -0.0624 -0.1059 0.1111, -0.0609 -0.1065 0.104, -0.0583 -0.1066 0.1031, -0.062 -0.1088 0.078, -0.0617 -0.1089 0.077, -0.0613 -0.1089 0.076, -0.0606 -0.1097 0.0677, -0.0579 -0.1097 0.0673, -0.0576 -0.1091 0.0741, -0.0575 -0.1097 0.0673, -0.0565 -0.1091 0.0742, -0.0547 -0.1097 0.0676, -0.0555 -0.1091 0.0746, -0.0546 -0.109 0.0752, -0.0137 -0.1086 0.0799, -0.0196 -0.1083 0.0838, -0.0168 -0.1088 0.0772, -0.0214 -0.1084 0.0826, -0.0203 -0.109 0.0756, -0.0235 -0.1084 0.0819, -0.0241 -0.1091 0.0747, -0.0248 -0.1085 0.0817, -0.0308 -0.1091 0.0747, -0.0299 -0.1085 0.0817, -0.0314 -0.1091 0.0748, -0.0255 -0.1069 0.0994, -0.0235 -0.1069 0.0991, -0.0202 -0.1064 0.1053, -0.0215 -0.107 0.0984, -0.0169 -0.1065 0.1036, -0.0197 -0.1071 0.0973, -0.0138 -0.1068 0.101, -0.0182 -0.1072 0.0956, -0.0114 -0.107 0.0978, -0.0172 -0.1074 0.0937, -0.01 -0.1073 0.0943, -0.0166 -0.1076 0.0915, -0.0095 -0.1077 0.0906, -0.0166 -0.1077 0.0905, -0.01 -0.108 0.0866, -0.0168 -0.1079 0.0885, -0.0115 -0.1083 0.083, -0.0175 -0.108 0.0865, -0.0187 -0.1082 0.0847, -0.0746 -0.1072 0.0958, -0.0821 -0.1074 0.0939, -0.075 -0.1075 0.093, -0.0822 -0.1075 0.0928, -0.0748 -0.1076 0.0912, -0.0816 -0.1079 0.0883, -0.074 -0.1079 0.0885, -0.08 -0.1082 0.0841, -0.0727 -0.1081 0.0862, -0.0774 -0.1086 0.0804, -0.0738 -0.1088 0.0774, -0.0724 -0.1061 0.109, -0.076 -0.1063 0.1064, -0.0721 -0.1068 0.1006, -0.0768 -0.1063 0.1057, -0.0737 -0.107 0.0983, -0.0796 -0.1067 0.1022, -0.0814 -0.107 0.0981, -0.062 -0.1087 0.0791, -0.0617 -0.1086 0.0802, -0.0669 -0.1082 0.085, -0.0611 -0.1085 0.0812, -0.065 -0.108 0.0872, -0.0605 -0.1084 0.0818, -0.0627 -0.1078 0.0888, -0.0596 -0.1084 0.0824, -0.0602 -0.1077 0.0897, -0.0586 -0.1084 0.0828, -0.0575 -0.1077 0.0901, -0.0576 -0.1083 0.0829, -0.0561 -0.1077 0.09, -0.0568 -0.1083 0.0828, -0.0533 -0.1078 0.0893, -0.0557 -0.1084 0.0825, -0.0509 -0.1079 0.088, -0.0548 -0.1084 0.0819, -0.054 -0.1085 0.0811, -0.0288 -0.1063 0.1062, -0.0231 -0.106 0.11, -0.0314 -0.106 0.1093, -0.0264 -0.1056 0.1139, -0.0317 -0.106 0.1095, -0.0269 -0.1056 0.1144, -0.0349 -0.1058 0.1117, -0.0315 -0.1053 0.1176, -0.0365 -0.1051 0.1196, -0.0305 -0.1084 0.0818, -0.0332 -0.109 0.076, -0.0329 -0.109 0.0756, -0.0341 -0.1087 0.0783, -0.034 -0.1088 0.0774, -0.0337 -0.1089 0.0767, -0.0301 -0.1084 0.0817, -0.0321 -0.109 0.0751, -0.0314 -0.1085 0.0817, -0.0322 -0.1085 0.0814, -0.0341 -0.1087 0.0786, -0.0329 -0.1085 0.0809, -0.0335 -0.1086 0.0803, -0.0339 -0.1086 0.0795, -0.0306 -0.1084 0.0818, -0.0095 -0.1037 0.0903, -0.01 -0.1034 0.094, -0.0104 -0.1033 0.095, -0.0114 -0.1031 0.0975, -0.0138 -0.1028 0.1007, -0.0169 -0.1026 0.1033, -0.0202 -0.1025 0.105, -0.0208 -0.1024 0.1051, -0.0231 -0.1021 0.1096, -0.0264 -0.1017 0.1136, -0.0269 -0.1017 0.1141, -0.0295 -0.1015 0.1159, -0.0315 -0.1014 0.1172, -0.0365 -0.1012 0.1192, -0.0414 -0.1011 0.12, -0.0424 -0.1011 0.12, -0.0561 -0.1015 0.1156, -0.0556 -0.1015 0.1159, -0.0526 -0.1013 0.1177, -0.0477 -0.1012 0.1194, -0.0588 -0.1017 0.1133, -0.0611 -0.102 0.1106, -0.0624 -0.102 0.1107, -0.0637 -0.102 0.1108, -0.0682 -0.102 0.1103, -0.0724 -0.1021 0.1086, -0.076 -0.1024 0.1061, -0.0768 -0.1024 0.1054, -0.0822 -0.1036 0.0924, -0.0796 -0.1027 0.1019, -0.0814 -0.1031 0.0978, -0.0819 -0.1033 0.095, -0.0821 -0.1035 0.0935, -0.0816 -0.1039 0.088, -0.08 -0.1043 0.0838, -0.0774 -0.1046 0.0801, -0.0738 -0.1049 0.0771, -0.0697 -0.1051 0.0751, -0.0683 -0.1051 0.0746, -0.0681 -0.1051 0.0743, -0.0671 -0.1053 0.0722, -0.0654 -0.1055 0.0701, -0.0632 -0.1057 0.0684, -0.0622 -0.1057 0.068, -0.0606 -0.1058 0.0673, -0.0579 -0.1058 0.0669, -0.0575 -0.1058 0.0669, -0.0461 -0.1048 0.0783, -0.0547 -0.1058 0.0673, -0.0527 -0.1057 0.068, -0.0522 -0.1057 0.0682, -0.0499 -0.1055 0.0698, -0.0482 -0.1054 0.0717, -0.0468 -0.1051 0.0743, -0.0468 -0.1051 0.0743, -0.0461 -0.1049 0.0771, -0.0461 -0.1047 0.0794, -0.0301 -0.104 0.0878, -0.0337 -0.1034 0.0938, -0.0489 -0.1041 0.0859, -0.0509 -0.104 0.0877, -0.0533 -0.1039 0.089, -0.0561 -0.1038 0.0896, -0.0575 -0.1038 0.0897, -0.0602 -0.1038 0.0894, -0.0627 -0.1039 0.0884, -0.065 -0.1041 0.0868, -0.0669 -0.1042 0.0847, -0.0682 -0.1045 0.0822, -0.0706 -0.1043 0.0838, -0.0727 -0.1041 0.0859, -0.074 -0.1039 0.0881, -0.0748 -0.1037 0.0909, -0.075 -0.1035 0.0927, -0.0747 -0.1033 0.095, -0.0746 -0.1033 0.0954, -0.0737 -0.1031 0.098, -0.0721 -0.1029 0.1002, -0.0702 -0.1027 0.1019, -0.0676 -0.1026 0.1033, -0.0648 -0.1026 0.1039, -0.0636 -0.1025 0.104, -0.0609 -0.1026 0.1037, -0.0583 -0.1027 0.1027, -0.0576 -0.1027 0.1023, -0.0558 -0.1024 0.1059, -0.0533 -0.1021 0.1089, -0.0502 -0.1019 0.1112, -0.0465 -0.1018 0.1127, -0.0423 -0.1017 0.1132, -0.0384 -0.1018 0.1127, -0.0349 -0.1019 0.1114, -0.0317 -0.1021 0.1091, -0.0314 -0.1021 0.1089, -0.0288 -0.1024 0.1059, -0.0271 -0.1027 0.1022, -0.0264 -0.103 0.099, -0.0255 -0.103 0.099, -0.0235 -0.103 0.0988, -0.0215 -0.1031 0.0981, -0.0197 -0.1032 0.0969, -0.0182 -0.1033 0.0953, -0.018 -0.1033 0.095, -0.0172 -0.1035 0.0933, -0.0166 -0.1037 0.0911, -0.0166 -0.1038 0.0902, -0.0168 -0.1039 0.0882, -0.0175 -0.1041 0.0862, -0.0187 -0.1043 0.0844, -0.0196 -0.1043 0.0835, -0.0214 -0.1044 0.0823, -0.0235 -0.1045 0.0815, -0.0248 -0.1045 0.0813, -0.0299 -0.1045 0.0813, -0.0301 -0.1045 0.0814, -0.0305 -0.1045 0.0814, -0.0306 -0.1045 0.0814, -0.0314 -0.1045 0.0813, -0.0322 -0.1046 0.081, -0.0329 -0.1046 0.0805, -0.0335 -0.1047 0.0799, -0.0339 -0.1047 0.0791, -0.0341 -0.1048 0.0783, -0.0341 -0.1048 0.0779, -0.034 -0.1049 0.0771, -0.0337 -0.105 0.0763, -0.0332 -0.105 0.0756, -0.0329 -0.1051 0.0753, -0.0321 -0.1051 0.0748, -0.0314 -0.1051 0.0745, -0.0308 -0.1051 0.0744, -0.0241 -0.1051 0.0744, -0.0203 -0.1051 0.0752, -0.0168 -0.1049 0.0769, -0.0137 -0.1047 0.0795, -0.0115 -0.1044 0.0827, -0.01 -0.1041 0.0862, -0.0576 -0.1044 0.0826, -0.0568 -0.1044 0.0825, -0.0557 -0.1045 0.0822, -0.0548 -0.1045 0.0816, -0.054 -0.1046 0.0808, -0.0535 -0.1047 0.0799, -0.0532 -0.1047 0.0789, -0.0531 -0.1048 0.0778, -0.0534 -0.1049 0.0767, -0.0539 -0.105 0.0757, -0.0546 -0.1051 0.0748, -0.0555 -0.1052 0.0742, -0.0565 -0.1052 0.0739, -0.0576 -0.1052 0.0737, -0.0586 -0.1052 0.0738, -0.0596 -0.1052 0.0742, -0.0605 -0.1051 0.0749, -0.0613 -0.105 0.0757, -0.0617 -0.1049 0.0766, -0.062 -0.1048 0.0777, -0.062 -0.1048 0.0788, -0.0617 -0.1047 0.0799, -0.0611 -0.1046 0.0808, -0.0605 -0.1045 0.0814, -0.0596 -0.1045 0.0821, -0.0586 -0.1044 0.0824
            ]
        }
        coordIndex [
            0,1,2,-1,3,4,5,-1,6,7,8,-1,9,10,11,-1,12,13,2,-1,2,13,14,-1,2,14,0,-1,8,7,15,-1,16,17,18,-1,18,17,19,-1,18,19,20,-1,20,19,21,-1,20,21,11,-1,11,21,22,-1,11,22,9,-1,23,1,24,-1,24,1,25,-1,24,25,26,-1,27,28,19,-1,19,28,29,-1,19,29,21,-1,21,29,30,-1,21,30,31,-1,32,33,34,-1,34,33,35,-1,34,35,36,-1,36,35,37,-1,36,37,38,-1,39,40,41,-1,41,40,42,-1,41,42,43,-1,43,42,44,-1,43,44,32,-1,32,44,45,-1,32,45,33,-1,7,46,15,-1,15,46,47,-1,15,47,48,-1,48,47,49,-1,48,49,37,-1,37,49,50,-1,37,50,38,-1,51,2,52,-1,52,2,1,-1,52,1,53,-1,53,1,23,-1,25,54,26,-1,26,54,55,-1,26,55,56,-1,56,55,57,-1,56,57,58,-1,58,57,59,-1,58,59,60,-1,60,59,21,-1,60,21,61,-1,61,21,31,-1,62,63,64,-1,64,63,65,-1,64,65,66,-1,66,65,67,-1,66,67,68,-1,68,67,69,-1,68,69,70,-1,70,69,71,-1,70,71,72,-1,4,73,5,-1,5,73,74,-1,5,74,75,-1,75,74,76,-1,75,76,77,-1,77,76,78,-1,77,78,79,-1,79,78,80,-1,79,80,81,-1,81,80,82,-1,81,82,83,-1,83,82,84,-1,83,84,85,-1,85,84,86,-1,85,86,87,-1,87,86,88,-1,87,88,89,-1,89,88,90,-1,89,90,62,-1,62,90,91,-1,62,91,63,-1,92,93,94,-1,94,93,95,-1,94,95,96,-1,96,95,97,-1,96,97,98,-1,98,97,99,-1,98,99,100,-1,100,99,101,-1,100,101,12,-1,12,101,102,-1,12,102,13,-1,8,103,6,-1,6,103,104,-1,6,104,105,-1,105,104,106,-1,105,106,107,-1,107,106,108,-1,107,108,92,-1,92,108,109,-1,92,109,93,-1,51,110,2,-1,2,110,111,-1,2,111,112,-1,112,111,113,-1,112,113,114,-1,114,113,115,-1,114,115,116,-1,116,115,117,-1,116,117,118,-1,118,117,119,-1,118,119,120,-1,120,119,121,-1,120,121,122,-1,122,121,123,-1,122,123,124,-1,124,123,125,-1,124,125,126,-1,126,125,127,-1,126,127,19,-1,19,127,128,-1,19,128,27,-1,3,5,129,-1,129,5,130,-1,129,130,131,-1,131,130,132,-1,131,132,133,-1,133,132,134,-1,133,134,135,-1,135,134,136,-1,135,136,39,-1,39,136,137,-1,39,137,40,-1,138,139,140,-1,141,142,138,-1,138,142,143,-1,138,143,139,-1,71,144,72,-1,72,144,138,-1,72,138,145,-1,145,138,140,-1,146,147,148,-1,147,149,148,-1,148,149,150,-1,148,150,151,-1,141,138,148,-1,148,138,152,-1,148,152,146,-1,85,153,154,-1,85,154,83,-1,83,154,155,-1,83,155,81,-1,155,156,81,-1,81,156,157,-1,81,157,79,-1,79,157,158,-1,79,158,77,-1,77,158,159,-1,77,159,75,-1,75,159,160,-1,75,160,5,-1,5,160,161,-1,5,161,130,-1,130,161,162,-1,130,162,132,-1,132,162,163,-1,132,163,134,-1,134,163,136,-1,136,163,164,-1,164,165,136,-1,136,165,166,-1,136,166,137,-1,137,166,167,-1,137,167,40,-1,40,167,168,-1,40,168,42,-1,169,33,170,-1,170,33,45,-1,170,45,171,-1,171,45,44,-1,171,44,172,-1,172,44,42,-1,172,42,168,-1,33,169,173,-1,33,173,35,-1,35,173,174,-1,35,174,37,-1,37,174,175,-1,37,175,48,-1,48,175,176,-1,48,176,15,-1,15,176,177,-1,15,177,8,-1,8,177,178,-1,8,178,103,-1,103,178,179,-1,103,179,104,-1,104,179,180,-1,104,180,106,-1,181,95,93,-1,106,180,182,-1,106,182,108,-1,108,182,183,-1,108,183,109,-1,109,183,184,-1,109,184,93,-1,93,184,185,-1,93,185,181,-1,95,181,186,-1,95,186,97,-1,97,186,187,-1,97,187,99,-1,99,187,188,-1,99,188,101,-1,101,188,189,-1,101,189,102,-1,102,189,190,-1,102,190,13,-1,13,190,191,-1,13,191,14,-1,14,191,192,-1,14,192,0,-1,192,193,0,-1,0,193,194,-1,0,194,1,-1,1,194,195,-1,1,195,25,-1,25,195,196,-1,25,196,54,-1,196,197,54,-1,54,197,198,-1,54,198,55,-1,55,198,199,-1,55,199,57,-1,200,20,11,-1,57,199,201,-1,57,201,59,-1,59,201,202,-1,59,202,21,-1,202,203,21,-1,21,203,204,-1,21,204,22,-1,22,204,205,-1,22,205,9,-1,9,205,206,-1,9,206,10,-1,10,206,207,-1,10,207,11,-1,11,207,208,-1,11,208,200,-1,18,20,209,-1,209,20,200,-1,16,18,210,-1,210,18,209,-1,17,16,211,-1,211,16,210,-1,19,17,212,-1,212,17,211,-1,19,212,213,-1,19,213,126,-1,126,213,214,-1,126,214,124,-1,124,214,215,-1,124,215,122,-1,122,215,216,-1,122,216,120,-1,120,216,217,-1,120,217,118,-1,118,217,218,-1,118,218,116,-1,116,218,219,-1,116,219,114,-1,114,219,220,-1,114,220,112,-1,112,220,221,-1,112,221,2,-1,2,221,222,-1,2,222,12,-1,12,222,223,-1,12,223,100,-1,100,223,224,-1,100,224,98,-1,98,224,225,-1,98,225,96,-1,96,225,226,-1,96,226,94,-1,226,227,94,-1,94,227,92,-1,227,228,92,-1,92,228,229,-1,92,229,107,-1,107,229,230,-1,107,230,105,-1,105,230,231,-1,105,231,6,-1,6,231,232,-1,6,232,7,-1,7,232,233,-1,7,233,46,-1,46,233,234,-1,46,234,47,-1,47,234,235,-1,47,235,49,-1,49,235,236,-1,49,236,50,-1,50,236,237,-1,50,237,38,-1,38,237,238,-1,38,238,36,-1,36,238,239,-1,36,239,34,-1,34,239,240,-1,34,240,32,-1,32,240,241,-1,32,241,43,-1,43,241,242,-1,43,242,41,-1,41,242,243,-1,41,243,39,-1,39,243,244,-1,39,244,135,-1,135,244,245,-1,135,245,133,-1,133,245,246,-1,133,246,131,-1,131,246,247,-1,131,247,129,-1,129,247,248,-1,129,248,3,-1,3,248,249,-1,3,249,4,-1,73,4,250,-1,250,4,249,-1,73,250,251,-1,73,251,74,-1,74,251,252,-1,74,252,76,-1,76,252,253,-1,76,253,78,-1,78,253,254,-1,78,254,80,-1,80,254,255,-1,80,255,82,-1,255,256,82,-1,82,256,257,-1,82,257,84,-1,84,257,258,-1,84,258,86,-1,86,258,259,-1,86,259,88,-1,88,259,260,-1,88,260,90,-1,90,260,261,-1,90,261,91,-1,91,261,262,-1,91,262,63,-1,63,262,263,-1,63,263,65,-1,65,263,264,-1,65,264,67,-1,67,264,265,-1,67,265,69,-1,71,69,266,-1,266,69,265,-1,71,266,267,-1,71,267,144,-1,144,267,268,-1,144,268,138,-1,138,268,269,-1,138,269,152,-1,152,269,270,-1,152,270,146,-1,146,270,271,-1,146,271,147,-1,147,271,272,-1,147,272,149,-1,149,272,273,-1,149,273,150,-1,150,273,274,-1,150,274,151,-1,151,274,275,-1,151,275,148,-1,148,275,276,-1,148,276,141,-1,141,276,277,-1,141,277,142,-1,142,277,278,-1,142,278,143,-1,143,278,279,-1,143,279,139,-1,139,279,280,-1,139,280,140,-1,140,280,281,-1,140,281,145,-1,145,281,282,-1,145,282,72,-1,72,282,283,-1,72,283,70,-1,68,70,284,-1,284,70,283,-1,68,284,285,-1,68,285,66,-1,66,285,286,-1,66,286,64,-1,64,286,287,-1,64,287,62,-1,62,287,288,-1,62,288,89,-1,89,288,289,-1,89,289,87,-1,87,289,153,-1,87,153,85,-1,121,290,291,-1,121,291,123,-1,123,291,292,-1,123,292,125,-1,125,292,293,-1,125,293,127,-1,127,293,294,-1,127,294,128,-1,128,294,295,-1,128,295,27,-1,27,295,296,-1,27,296,28,-1,28,296,297,-1,28,297,29,-1,29,297,298,-1,29,298,30,-1,30,298,299,-1,30,299,31,-1,31,299,300,-1,31,300,61,-1,61,300,301,-1,61,301,60,-1,60,301,302,-1,60,302,58,-1,58,302,303,-1,58,303,56,-1,56,303,304,-1,56,304,26,-1,26,304,305,-1,26,305,24,-1,24,305,306,-1,24,306,23,-1,23,306,307,-1,23,307,53,-1,53,307,308,-1,53,308,52,-1,52,308,309,-1,52,309,51,-1,51,309,310,-1,51,310,110,-1,110,310,311,-1,110,311,111,-1,111,311,312,-1,111,312,113,-1,113,312,313,-1,113,313,115,-1,115,313,314,-1,115,314,117,-1,117,314,315,-1,117,315,119,-1,119,315,290,-1,119,290,121,-1,
        ]
    }
}
Shape{
    appearance Appearance {
        material  Material 	{
            diffuseColor 1.0 1.0 1.0
            specularColor 0.5019607843137255 0.5019607843137255 0.5019607843137255
            ambientIntensity 1.0
            transparency 0.0
            shininess 0.5
        }
    }
    geometry IndexedFaceSet {
        ccw TRUE
        solid FALSE
        coord DEF co Coordinate {
            point [
                -0.0576 -0.1052 0.0737, -0.0605 -0.1045 0.0814, -0.0611 -0.1046 0.0808, -0.0576 -0.1044 0.0826, -0.0568 -0.1044 0.0825, -0.0565 -0.1052 0.0739, -0.0586 -0.1044 0.0824, -0.0596 -0.1045 0.0821, -0.0546 -0.1051 0.0748, -0.054 -0.1046 0.0808, -0.0548 -0.1045 0.0816, -0.0617 -0.1049 0.0766, -0.0613 -0.105 0.0757, -0.0605 -0.1051 0.0749, -0.0555 -0.1052 0.0742, -0.0557 -0.1045 0.0822, -0.0596 -0.1052 0.0742, -0.0586 -0.1052 0.0738, -0.0617 -0.1047 0.0799, -0.062 -0.1048 0.0788, -0.062 -0.1048 0.0777, -0.0534 -0.1049 0.0767, -0.0531 -0.1048 0.0778, -0.0539 -0.105 0.0757, -0.0532 -0.1047 0.0789, -0.0535 -0.1047 0.0799
            ]
        }
        coordIndex [
            0,1,2,-1,3,0,4,-1,4,0,5,-1,3,6,0,-1,0,6,7,-1,0,7,1,-1,8,9,10,-1,11,12,2,-1,2,12,13,-1,5,14,4,-1,4,14,8,-1,4,8,15,-1,15,8,10,-1,13,16,2,-1,2,16,17,-1,2,17,0,-1,18,19,2,-1,2,19,20,-1,2,20,11,-1,21,22,23,-1,23,22,24,-1,23,24,8,-1,8,24,25,-1,8,25,9,-1,
        ]
    }
}