#VRML V2.0 utf8
# 3D model generated by easyeda2kicad.py (https://github.com/uPesy/easyeda2kicad.py)

Shape{
    appearance Appearance {
        material  Material 	{
            diffuseColor 0.25098039215686274 0.25098039215686274 0.25098039215686274
            specularColor 0.12549019607843137 0.12549019607843137 0.12549019607843137
            ambientIntensity 0.2
            transparency 0
            shininess 0.5
        }
    }
    geometry IndexedFaceSet {
        ccw TRUE
        solid FALSE
        coord DEF co Coordinate {
            point [
                -0.2559 -0.2559 0.002, -0.2559 0.2559 0.002, -0.2559 -0.2559 0.0, -0.2559 0.2559 0.0, 0.2559 -0.2559 0.002, 0.2559 -0.2559 0.0, 0.2559 0.2559 0.002, 0.2559 0.2559 0.0, -0.2075 0.2278 0.002, -0.198 0.2317 0.002, -0.1498 0.2039 0.002, -0.1537 0.2134 0.002, -0.16 0.2216 0.002, -0.1537 0.174 0.002, -0.1498 0.1835 0.002, -0.1485 0.1937 0.002, -0.16 0.1659 0.002, -0.1681 0.1596 0.002, -0.1776 0.1557 0.002, -0.1878 0.1544 0.002, -0.198 0.1557 0.002, -0.2075 0.1596 0.002, -0.2156 0.1659 0.002, -0.1878 0.2331 0.002, -0.1776 0.2317 0.002, -0.1681 0.2278 0.002, -0.2258 0.2039 0.002, -0.2219 0.2134 0.002, -0.2156 0.2216 0.002, -0.2219 0.174 0.002, -0.2258 0.1835 0.002, -0.2272 0.1937 0.002, -0.198 0.2317 0.0, -0.2075 0.2278 0.0, -0.2156 0.1659 0.0, -0.2075 0.1596 0.0, -0.198 0.1557 0.0, -0.2156 0.2216 0.0, -0.2219 0.2134 0.0, -0.2258 0.2039 0.0, -0.2272 0.1937 0.0, -0.2258 0.1835 0.0, -0.2219 0.174 0.0, -0.1681 0.1596 0.0, -0.1776 0.1557 0.0, -0.1878 0.1544 0.0, -0.16 0.1659 0.0, -0.1537 0.174 0.0, -0.1498 0.1835 0.0, -0.1485 0.1937 0.0, -0.1498 0.2039 0.0, -0.1537 0.2134 0.0, -0.16 0.2216 0.0, -0.1681 0.2278 0.0, -0.1776 0.2317 0.0, -0.1878 0.2331 0.0, -0.1878 0.2331 0.0
            ]
        }
        coordIndex [
            0,1,2,-1,2,1,3,-1,4,0,5,-1,5,0,2,-1,6,4,7,-1,7,4,5,-1,1,6,3,-1,3,6,7,-1,8,9,1,-1,10,6,11,-1,11,6,12,-1,13,4,14,-1,14,4,6,-1,14,6,15,-1,15,6,10,-1,13,16,4,-1,4,16,17,-1,4,17,0,-1,0,17,18,-1,0,18,19,-1,19,20,0,-1,0,20,21,-1,0,21,22,-1,9,23,1,-1,1,23,24,-1,1,24,6,-1,6,24,25,-1,6,25,12,-1,26,27,1,-1,1,27,28,-1,1,28,8,-1,22,29,0,-1,0,29,30,-1,0,30,1,-1,1,30,31,-1,1,31,26,-1,3,32,33,-1,34,35,2,-1,2,35,36,-1,33,37,3,-1,3,37,38,-1,3,38,39,-1,39,40,3,-1,3,40,41,-1,3,41,2,-1,2,41,42,-1,2,42,34,-1,43,5,44,-1,44,5,2,-1,44,2,45,-1,45,2,36,-1,43,46,5,-1,5,46,47,-1,5,47,7,-1,7,47,48,-1,7,48,49,-1,49,50,7,-1,7,50,51,-1,7,51,52,-1,52,53,7,-1,7,53,54,-1,7,54,3,-1,3,54,55,-1,3,55,32,-1,
        ]
    }
}
Shape{
    appearance Appearance {
        material  Material 	{
            diffuseColor 0.7529411764705882 0.7529411764705882 0.7529411764705882
            specularColor 0.3764705882352941 0.3764705882352941 0.3764705882352941
            ambientIntensity 0.2
            transparency 0
            shininess 0.5
        }
    }
    geometry IndexedFaceSet {
        ccw TRUE
        solid FALSE
        coord DEF co Coordinate {
            point [
                -0.1485 0.1937 0.0, -0.1485 0.1937 0.002, -0.1498 0.2039 0.0, -0.1498 0.2039 0.002, -0.1537 0.2134 0.0, -0.1537 0.2134 0.002, -0.16 0.2216 0.0, -0.16 0.2216 0.002, -0.1681 0.2278 0.0, -0.1681 0.2278 0.002, -0.1776 0.2317 0.0, -0.1776 0.2317 0.002, -0.1878 0.2331 0.0, -0.1878 0.2331 0.002, -0.198 0.2317 0.0, -0.198 0.2317 0.002, -0.2075 0.2278 0.0, -0.2075 0.2278 0.002, -0.2156 0.2216 0.0, -0.2156 0.2216 0.002, -0.2219 0.2134 0.0, -0.2219 0.2134 0.002, -0.2258 0.2039 0.0, -0.2258 0.2039 0.002, -0.2272 0.1937 0.0, -0.2272 0.1937 0.002, -0.2258 0.1835 0.0, -0.2258 0.1835 0.002, -0.2219 0.174 0.0, -0.2219 0.174 0.002, -0.2156 0.1659 0.0, -0.2156 0.1659 0.002, -0.2075 0.1596 0.0, -0.2075 0.1596 0.002, -0.198 0.1557 0.0, -0.198 0.1557 0.002, -0.1878 0.1544 0.0, -0.1878 0.1544 0.002, -0.1776 0.1557 0.0, -0.1776 0.1557 0.002, -0.1681 0.1596 0.0, -0.1681 0.1596 0.002, -0.16 0.1659 0.0, -0.16 0.1659 0.002, -0.1537 0.174 0.0, -0.1537 0.174 0.002, -0.1498 0.1835 0.0, -0.1498 0.1835 0.002, -0.1498 0.1835 0.002
            ]
        }
        coordIndex [
            0,1,2,-1,2,1,3,-1,2,3,4,-1,4,3,5,-1,4,5,6,-1,6,5,7,-1,6,7,8,-1,8,7,9,-1,8,9,10,-1,10,9,11,-1,10,11,12,-1,12,11,13,-1,12,13,14,-1,14,13,15,-1,14,15,16,-1,16,15,17,-1,16,17,18,-1,18,17,19,-1,18,19,20,-1,20,19,21,-1,20,21,22,-1,22,21,23,-1,22,23,24,-1,24,23,25,-1,24,25,26,-1,26,25,27,-1,26,27,28,-1,28,27,29,-1,28,29,30,-1,30,29,31,-1,30,31,32,-1,32,31,33,-1,32,33,34,-1,34,33,35,-1,34,35,36,-1,36,35,37,-1,36,37,38,-1,38,37,39,-1,38,39,40,-1,40,39,41,-1,40,41,42,-1,42,41,43,-1,42,43,44,-1,44,43,45,-1,44,45,46,-1,46,45,47,-1,46,47,0,-1,0,47,1,-1,
        ]
    }
}
Shape{
    appearance Appearance {
        material  Material 	{
            diffuseColor 0.25098039215686274 0.25098039215686274 0.25098039215686274
            specularColor 0.12549019607843137 0.12549019607843137 0.12549019607843137
            ambientIntensity 0.2
            transparency 0
            shininess 0.5
        }
    }
    geometry IndexedFaceSet {
        ccw TRUE
        solid FALSE
        coord DEF co Coordinate {
            point [
                0.2559 -0.2559 -0.126, 0.2559 -0.1711 -0.126, 0.2559 -0.1711 -0.098, 0.2559 0.0438 -0.0755, 0.2559 0.0489 -0.0755, 0.2559 0.0489 -0.071, 0.2559 0.0268 -0.0916, 0.2559 0.0262 -0.0917, 0.2559 0.0302 -0.0917, 0.2559 0.0615 -0.0661, 0.2559 0.0598 -0.0617, 0.2559 0.054 -0.0617, 0.2559 -0.0361 -0.0483, 0.2559 -0.0337 -0.05, 0.2559 -0.0071 -0.05, 0.2559 -0.0311 -0.0517, 0.2559 -0.0273 -0.056, 0.2559 -0.0249 -0.0607, 0.2559 -0.0243 -0.0609, 0.2559 -0.0209 -0.0626, 0.2559 -0.0574 -0.0485, 0.2559 -0.0522 -0.0465, 0.2559 -0.1711 -0.0229, 0.2559 -0.0071 -0.0229, 0.2559 -0.0465 -0.0458, 0.2559 -0.0418 -0.0463, 0.2559 -0.0854 -0.0677, 0.2559 -0.1711 -0.05, 0.2559 -0.086 -0.071, 0.2559 -0.1711 -0.071, 0.2559 -0.0862 -0.0722, 0.2559 -0.0597 -0.05, 0.2559 -0.0602 -0.0503, 0.2559 -0.0835 -0.0637, 0.2559 -0.0809 -0.0605, 0.2559 -0.08 -0.0596, 0.2559 -0.0762 -0.057, 0.2559 -0.0719 -0.0555, 0.2559 -0.0678 -0.055, 0.2559 -0.0629 -0.0525, 0.2559 -0.0665 -0.0551, 0.2559 -0.0652 -0.0553, 0.2559 -0.0743 -0.0908, 0.2559 -0.0783 -0.0887, 0.2559 -0.1711 -0.0917, 0.2559 -0.0815 -0.0859, 0.2559 -0.0819 -0.0855, 0.2559 -0.0843 -0.0818, 0.2559 -0.0858 -0.0775, 0.2559 -0.0863 -0.0735, 0.2559 -0.0724 -0.0914, 0.2559 -0.0722 -0.0917, 0.2559 -0.0712 -0.0938, 0.2559 -0.0695 -0.0959, 0.2559 -0.0071 -0.098, 0.2559 -0.0568 -0.098, 0.2559 -0.0071 -0.126, 0.2559 -0.0588 -0.0988, 0.2559 -0.0616 -0.0991, 0.2559 -0.062 -0.0991, 0.2559 -0.0647 -0.0987, 0.2559 -0.0663 -0.098, 0.2559 -0.0673 -0.0976, 0.2559 -0.0071 -0.0917, 0.2559 -0.0509 -0.0917, 0.2559 -0.0509 -0.0917, 0.2559 -0.0522 -0.0942, 0.2559 -0.054 -0.0962, 0.2559 -0.0563 -0.0978, 0.2559 -0.0178 -0.0865, 0.2559 -0.021 -0.0891, 0.2559 -0.0156 -0.0834, 0.2559 -0.0363 -0.0849, 0.2559 -0.0355 -0.0846, 0.2559 -0.0342 -0.0782, 0.2559 -0.053 -0.0801, 0.2559 -0.0378 -0.0721, 0.2559 -0.055 -0.0783, 0.2559 -0.0574 -0.077, 0.2559 -0.0178 -0.0652, 0.2559 -0.0155 -0.0685, 0.2559 -0.0071 -0.071, 0.2559 -0.0145 -0.071, 0.2559 -0.0141 -0.072, 0.2559 -0.0207 -0.0748, 0.2559 -0.0213 -0.0726, 0.2559 -0.0222 -0.071, 0.2559 -0.0788 -0.071, 0.2559 -0.037 -0.0854, 0.2559 -0.0347 -0.0845, 0.2559 -0.0346 -0.0845, 0.2559 -0.0342 -0.0846, 0.2559 -0.0782 -0.0778, 0.2559 -0.0768 -0.0801, 0.2559 -0.071 -0.0813, 0.2559 -0.0747 -0.0822, 0.2559 -0.0723 -0.0837, 0.2559 -0.0668 -0.0775, 0.2559 -0.0691 -0.0791, 0.2559 -0.0791 -0.0733, 0.2559 -0.079 -0.075, 0.2559 -0.0245 -0.0908, 0.2559 -0.0282 -0.0916, 0.2559 -0.0349 -0.0916, 0.2559 -0.0355 -0.0915, 0.2559 -0.0363 -0.0912, 0.2559 -0.037 -0.0907, 0.2559 -0.0373 -0.0904, 0.2559 -0.0643 -0.0765, 0.2559 -0.0616 -0.0762, 0.2559 -0.0602 -0.0763, 0.2559 -0.0136 -0.0756, 0.2559 -0.0136 -0.0761, 0.2559 -0.0142 -0.0798, 0.2559 -0.0382 -0.0881, 0.2559 -0.0382 -0.0877, 0.2559 -0.0502 -0.0866, 0.2559 -0.038 -0.0868, 0.2559 -0.0376 -0.086, 0.2559 -0.023 -0.0818, 0.2559 -0.0217 -0.08, 0.2559 -0.021 -0.078, 0.2559 -0.0207 -0.0758, 0.2559 -0.0378 -0.0897, 0.2559 -0.0381 -0.0889, 0.2559 -0.0502 -0.0889, 0.2559 -0.0502 -0.0877, 0.2559 -0.034 -0.0846, 0.2559 -0.0289 -0.0846, 0.2559 -0.0269 -0.0843, 0.2559 -0.0248 -0.0833, 0.2559 -0.0232 -0.082, 0.2559 -0.0352 -0.0572, 0.2559 -0.0359 -0.0566, 0.2559 -0.0617 -0.0636, 0.2559 -0.0327 -0.0603, 0.2559 -0.0625 -0.0631, 0.2559 -0.0651 -0.0622, 0.2559 -0.0223 -0.0706, 0.2559 -0.0237 -0.0691, 0.2559 -0.0296 -0.0669, 0.2559 -0.0254 -0.0679, 0.2559 -0.0274 -0.0671, 0.2559 -0.0305 -0.0669, 0.2559 -0.0311 -0.0641, 0.2559 -0.0391 -0.0544, 0.2559 -0.0427 -0.0531, 0.2559 -0.06 -0.0601, 0.2559 -0.0464 -0.0526, 0.2559 -0.0717 -0.0626, 0.2559 -0.0742 -0.0639, 0.2559 -0.0689 -0.0619, 0.2559 -0.0762 -0.0657, 0.2559 -0.0778 -0.068, 0.2559 -0.0506 -0.0532, 0.2559 -0.0543 -0.0547, 0.2559 -0.0575 -0.057, 0.2559 -0.0677 -0.0619, 0.2559 -0.0788 -0.0705, 0.2559 0.0638 -0.0661, 0.2559 0.054 -0.071, 0.2559 0.2559 -0.071, 0.2559 0.2559 -0.05, 0.2559 0.0577 -0.0501, 0.2559 0.054 -0.05, 0.2559 0.0554 -0.0501, 0.2559 0.054 -0.054, 0.2559 0.0516 -0.0661, 0.2559 0.0493 -0.0661, 0.2559 0.0532 -0.0617, 0.2559 0.0324 -0.0643, 0.2559 0.0324 -0.0661, 0.2559 0.0339 -0.071, 0.2559 0.032 -0.052, 0.2559 0.0339 -0.05, 0.2559 0.032 -0.0501, 0.2559 0.0302 -0.05, 0.2559 0.0302 -0.0501, 0.2559 0.0258 -0.0589, 0.2559 0.0258 -0.0643, 0.2559 0.0302 -0.0589, 0.2559 0.0302 -0.0643, 0.2559 0.0316 -0.0589, 0.2559 0.0316 -0.0571, 0.2559 0.0258 -0.052, 0.2559 0.0258 -0.0571, 0.2559 0.0302 -0.052, 0.2559 0.0302 -0.0571, 0.2559 0.0302 -0.071, 0.2559 0.0302 -0.0661, 0.2559 0.0229 -0.071, 0.2559 0.0238 -0.0501, 0.2559 0.0229 -0.05, 0.2559 0.0238 -0.0661, 0.2559 0.0206 -0.0505, 0.2559 0.0189 -0.05, 0.2559 0.0185 -0.05, 0.2559 0.0206 -0.0527, 0.2559 0.0134 -0.066, 0.2559 0.0119 -0.0653, 0.2559 0.0093 -0.071, 0.2559 0.0106 -0.0642, 0.2559 0.0188 -0.0519, 0.2559 0.0168 -0.0517, 0.2559 0.0108 -0.0583, 0.2559 0.0115 -0.0618, 0.2559 0.0123 -0.0629, 0.2559 0.0126 -0.0632, 0.2559 0.0137 -0.0639, 0.2559 0.0172 -0.0645, 0.2559 0.019 -0.0642, 0.2559 0.0206 -0.0635, 0.2559 0.0206 -0.0655, 0.2559 0.0203 -0.0656, 0.2559 0.0148 -0.0644, 0.2559 0.0164 -0.0646, 0.2559 0.0124 -0.0535, 0.2559 0.0116 -0.0547, 0.2559 0.0135 -0.0526, 0.2559 0.0148 -0.052, 0.2559 0.0162 -0.0517, 0.2559 0.011 -0.0561, 0.2559 0.0204 -0.0526, 0.2559 0.0108 -0.0589, 0.2559 0.011 -0.0605, 0.2559 0.0186 -0.0662, 0.2559 0.0161 -0.0664, 0.2559 0.0152 -0.0664, 0.2559 0.0168 -0.0498, 0.2559 0.0229 -0.0229, 0.2559 0.0168 -0.0498, 0.2559 0.0093 -0.0229, 0.2559 0.0157 -0.05, 0.2559 0.0093 -0.05, 0.2559 0.0097 -0.0537, 0.2559 0.0109 -0.0522, 0.2559 0.0113 -0.0518, 0.2559 0.0128 -0.0508, 0.2559 0.0145 -0.0501, 0.2559 0.0096 -0.0627, 0.2559 0.0093 -0.0621, 0.2559 0.0083 -0.071, 0.2559 0.0083 -0.05, 0.2559 0.009 -0.0555, 0.2559 0.0093 -0.0547, 0.2559 0.0089 -0.061, 0.2559 0.0086 -0.0584, 0.2559 0.0086 -0.0576, 0.2559 0.0484 -0.0589, 0.2559 0.048 -0.0608, 0.2559 0.0472 -0.0625, 0.2559 0.046 -0.0639, 0.2559 0.0428 -0.05, 0.2559 0.0428 -0.0505, 0.2559 0.0489 -0.05, 0.2559 0.0444 -0.0511, 0.2559 0.0476 -0.0542, 0.2559 0.0482 -0.0557, 0.2559 0.0485 -0.0579, 0.2559 0.046 -0.0522, 0.2559 0.0466 -0.0528, 0.2559 0.0444 -0.0651, 0.2559 0.0428 -0.0657, 0.2559 0.0428 -0.071, 0.2559 0.0426 -0.0658, 0.2559 0.0398 -0.0661, 0.2559 0.0354 -0.0661, 0.2559 0.0354 -0.0501, 0.2559 0.04 -0.0501, 0.2559 0.0424 -0.0504, 0.2559 0.0155 -0.0914, 0.2559 0.0147 -0.0917, 0.2559 0.0172 -0.0915, 0.2559 0.0156 -0.0815, 0.2559 0.0149 -0.0815, 0.2559 0.0138 -0.0847, 0.2559 0.0162 -0.0909, 0.2559 0.0108 -0.0862, 0.2559 0.0113 -0.0856, 0.2559 0.0111 -0.0828, 0.2559 0.0121 -0.0852, 0.2559 0.0125 -0.082, 0.2559 0.0138 -0.0816, 0.2559 0.0125 -0.0917, 0.2559 0.0124 -0.0917, 0.2559 0.0093 -0.0917, 0.2559 0.0117 -0.0914, 0.2559 0.011 -0.0909, 0.2559 0.0108 -0.0907, 0.2559 0.0104 -0.0901, 0.2559 0.0101 -0.0894, 0.2559 0.01 -0.0885, 0.2559 0.0101 -0.0875, 0.2559 0.0172 -0.0898, 0.2559 0.0171 -0.0898, 0.2559 0.0168 -0.0902, 0.2559 0.0115 -0.0807, 0.2559 0.0111 -0.0809, 0.2559 0.0103 -0.0868, 0.2559 0.0225 -0.085, 0.2559 0.0222 -0.0846, 0.2559 0.0192 -0.0842, 0.2559 0.022 -0.084, 0.2559 0.019 -0.0825, 0.2559 0.0219 -0.0832, 0.2559 0.0172 -0.0843, 0.2559 0.0171 -0.0834, 0.2559 0.0169 -0.0827, 0.2559 0.0167 -0.0822, 0.2559 0.013 -0.0801, 0.2559 0.0151 -0.0798, 0.2559 0.0165 -0.08, 0.2559 0.0228 -0.0853, 0.2559 0.0219 -0.0891, 0.2559 0.0229 -0.0853, 0.2559 0.0226 -0.0895, 0.2559 0.0229 -0.0896, 0.2559 0.0173 -0.0803, 0.2559 0.0179 -0.0807, 0.2559 0.0226 -0.0813, 0.2559 0.0164 -0.0819, 0.2559 0.016 -0.0817, 0.2559 0.022 -0.0825, 0.2559 0.0223 -0.0818, 0.2559 0.0187 -0.0816, 0.2559 0.0183 -0.081, 0.2559 0.0136 -0.0918, 0.2559 0.0093 -0.098, 0.2559 0.0147 -0.0917, 0.2559 0.0229 -0.098, 0.2559 0.0219 -0.0911, 0.2559 0.0192 -0.0915, 0.2559 0.0229 -0.0915, 0.2559 0.0229 -0.0917, 0.2559 0.0233 -0.0916, 0.2559 0.0237 -0.0917, 0.2559 0.025 -0.0918, 0.2559 0.0291 -0.0803, 0.2559 0.0291 -0.0823, 0.2559 0.0232 -0.0807, 0.2559 0.0237 -0.0804, 0.2559 0.0229 -0.0811, 0.2559 0.0296 -0.0892, 0.2559 0.0293 -0.0899, 0.2559 0.0289 -0.0904, 0.2559 0.0248 -0.08, 0.2559 0.0264 -0.0798, 0.2559 0.0278 -0.08, 0.2559 0.029 -0.0865, 0.2559 0.0294 -0.0871, 0.2559 0.0296 -0.0877, 0.2559 0.0297 -0.0884, 0.2559 0.0284 -0.0909, 0.2559 0.0279 -0.0912, 0.2559 0.0262 -0.0815, 0.2559 0.0256 -0.0815, 0.2559 0.024 -0.083, 0.2559 0.0251 -0.0816, 0.2559 0.0246 -0.0819, 0.2559 0.024 -0.0833, 0.2559 0.0241 -0.0836, 0.2559 0.0242 -0.0838, 0.2559 0.0244 -0.0841, 0.2559 0.0252 -0.0845, 0.2559 0.0276 -0.0816, 0.2559 0.0264 -0.085, 0.2559 0.0287 -0.0821, 0.2559 0.0272 -0.0854, 0.2559 0.0285 -0.0861, 0.2559 0.0243 -0.0822, 0.2559 0.0241 -0.0824, 0.2559 0.024 -0.0827, 0.2559 0.0239 -0.09, 0.2559 0.025 -0.0865, 0.2559 0.0238 -0.086, 0.2559 0.0252 -0.0902, 0.2559 0.0253 -0.0902, 0.2559 0.0263 -0.0871, 0.2559 0.0263 -0.09, 0.2559 0.0276 -0.0886, 0.2559 0.0276 -0.0884, 0.2559 0.0269 -0.0899, 0.2559 0.027 -0.0897, 0.2559 0.0273 -0.0895, 0.2559 0.0274 -0.0893, 0.2559 0.0275 -0.089, 0.2559 0.0275 -0.0881, 0.2559 0.0273 -0.0878, 0.2559 0.0271 -0.0875, 0.2559 0.0396 -0.0801, 0.2559 0.0417 -0.0801, 0.2559 0.0428 -0.0917, 0.2559 0.0359 -0.0887, 0.2559 0.0362 -0.0896, 0.2559 0.0362 -0.0896, 0.2559 0.0339 -0.0829, 0.2559 0.0365 -0.0887, 0.2559 0.0363 -0.0892, 0.2559 0.0339 -0.0917, 0.2559 0.0339 -0.0883, 0.2559 0.0307 -0.0801, 0.2559 0.0329 -0.0801, 0.2559 0.0352 -0.0915, 0.2559 0.0351 -0.0917, 0.2559 0.0343 -0.0936, 0.2559 0.0302 -0.098, 0.2559 0.0311 -0.0968, 0.2559 0.0311 -0.095, 0.2559 0.0315 -0.0951, 0.2559 0.0322 -0.0952, 0.2559 0.0323 -0.0952, 0.2559 0.0328 -0.0951, 0.2559 0.0332 -0.095, 0.2559 0.0335 -0.0947, 0.2559 0.0339 -0.0943, 0.2559 0.0339 -0.0943, 0.2559 0.0339 -0.0966, 0.2559 0.0333 -0.0968, 0.2559 0.0339 -0.098, 0.2559 0.0324 -0.0969, 0.2559 0.032 -0.0969, 0.2559 0.0428 -0.098, 0.2559 0.0347 -0.096, 0.2559 0.0341 -0.0965, 0.2559 0.0371 -0.0917, 0.2559 0.0365 -0.0933, 0.2559 0.0356 -0.095, 0.2559 0.0521 -0.0755, 0.2559 0.0521 -0.0774, 0.2559 0.0524 -0.0897, 0.2559 0.054 -0.0917, 0.2559 0.0524 -0.0915, 0.2559 0.0489 -0.0917, 0.2559 0.0459 -0.0843, 0.2559 0.0459 -0.0897, 0.2559 0.0489 -0.0843, 0.2559 0.0489 -0.0897, 0.2559 0.0516 -0.0843, 0.2559 0.0516 -0.0825, 0.2559 0.0489 -0.0825, 0.2559 0.0489 -0.0774, 0.2559 0.0459 -0.0825, 0.2559 0.0459 -0.0774, 0.2559 0.0489 -0.0915, 0.2559 0.0438 -0.0915, 0.2559 0.0694 -0.0915, 0.2559 0.0685 -0.0843, 0.2559 0.0681 -0.0862, 0.2559 0.0799 -0.0872, 0.2559 0.0732 -0.0872, 0.2559 0.0717 -0.0915, 0.2559 0.0838 -0.0915, 0.2559 0.2559 -0.0917, 0.2559 0.0777 -0.0755, 0.2559 0.0755 -0.0755, 0.2559 0.0673 -0.0879, 0.2559 0.0661 -0.0893, 0.2559 0.0644 -0.0905, 0.2559 0.0685 -0.0833, 0.2559 0.0682 -0.0811, 0.2559 0.0661 -0.0776, 0.2559 0.0667 -0.0782, 0.2559 0.0676 -0.0796, 0.2559 0.0555 -0.0755, 0.2559 0.0555 -0.0915, 0.2559 0.0599 -0.0915, 0.2559 0.0815 -0.0915, 0.2559 0.06 -0.0755, 0.2559 0.0625 -0.0758, 0.2559 0.0644 -0.0765, 0.2559 0.0626 -0.0912, 0.2559 0.2559 -0.098, 0.2559 0.054 -0.098, 0.2559 0.0489 -0.098, 0.2559 0.2559 -0.0229, 0.2559 0.054 -0.0229, 0.2559 0.0489 -0.0229, 0.2559 0.0428 -0.0229, 0.2559 0.0339 -0.0229, 0.2559 0.0302 -0.0229, 0.2559 0.2559 -0.126, 0.2559 0.054 -0.126, 0.2559 0.0489 -0.126, 0.2559 0.0428 -0.126, 0.2559 0.0339 -0.126, 0.2559 0.0302 -0.126, 0.2559 0.0229 -0.126, 0.2559 0.0093 -0.126, 0.2559 0.0083 -0.126, 0.2559 0.0083 -0.098, 0.2559 0.0083 -0.0917, 0.2559 0.0081 -0.0897, 0.2559 0.0081 -0.0915, 0.2559 -0.0005 -0.0915, 0.2559 0.0077 -0.0774, 0.2559 -0.0005 -0.0755, 0.2559 0.0077 -0.0755, 0.2559 0.0016 -0.0843, 0.2559 0.0016 -0.0897, 0.2559 0.0073 -0.0843, 0.2559 0.0073 -0.0825, 0.2559 0.0016 -0.0825, 0.2559 0.0016 -0.0774, 0.2559 0.0016 -0.0501, 0.2559 0.0016 -0.0643, 0.2559 0.0079 -0.0643, 0.2559 -0.0005 -0.0661, 0.2559 -0.0005 -0.0501, 0.2559 0.0079 -0.0661, 0.2559 0.0083 -0.0229, 0.2559 -0.2559 -0.098, 0.2559 -0.2559 -0.0917, 0.2559 -0.2559 -0.071, 0.2559 -0.2559 -0.05, 0.2559 -0.2559 -0.0229, 0.2559 0.2559 0.0, 0.2559 0.054 0.0, 0.2559 0.0489 0.0, 0.2559 0.0428 0.0, 0.2559 0.0339 0.0, 0.2559 0.0302 0.0, 0.2559 0.0229 0.0, 0.2559 0.0093 0.0, 0.2559 0.0083 0.0, 0.2559 -0.0071 0.0, 0.2559 -0.1711 0.0, 0.2559 -0.2559 0.0, 0.2283 -0.2559 -0.126, -0.2559 -0.2559 0.0, -0.2559 -0.2559 -0.126, -0.0787 -0.2559 -0.126, 0.0787 -0.2559 -0.126, -0.2559 -0.2283 -0.126, -0.2559 0.2559 0.0, -0.2559 0.2559 -0.126, -0.2559 0.0787 -0.126, -0.2559 -0.0787 -0.126, 0.2283 0.2559 -0.126, 0.0787 0.2559 -0.126, -0.0787 0.2559 -0.126, -0.0787 -0.2283 -0.126, -0.1174 0.1735 -0.126, -0.1212 0.1808 -0.126, -0.1716 0.1982 -0.126, -0.179 0.1948 -0.126, -0.1857 0.1901 -0.126, -0.1914 0.1841 -0.126, -0.1958 0.1772 -0.126, -0.1989 0.1453 -0.126, -0.1958 0.1377 -0.126, -0.1263 0.1277 -0.126, -0.1212 0.1342 -0.126, -0.0787 0.0787 -0.126, -0.1174 0.1415 -0.126, -0.1263 0.1872 -0.126, -0.1325 0.1926 -0.126, -0.1396 0.1967 -0.126, -0.2004 0.1534 -0.126, -0.1989 0.1696 -0.126, -0.2004 0.1616 -0.126, -0.2006 0.1575 -0.126, -0.1914 0.1308 -0.126, -0.1857 0.1249 -0.126, -0.179 0.1201 -0.126, -0.1473 0.1156 -0.126, -0.1396 0.1182 -0.126, -0.1325 0.1223 -0.126, -0.1473 0.1994 -0.126, -0.1554 0.2006 -0.126, -0.1636 0.2002 -0.126, -0.1716 0.1167 -0.126, -0.1636 0.1148 -0.126, -0.1554 0.1144 -0.126, -0.1151 0.1493 -0.126, -0.1144 0.1575 -0.126, -0.1151 0.1656 -0.126, 0.025 0.1926 -0.126, 0.0179 0.1967 -0.126, -0.0141 0.1982 -0.126, -0.0216 0.1948 -0.126, -0.0282 0.1901 -0.126, -0.0339 0.1841 -0.126, -0.0383 0.1772 -0.126, 0.04 0.1735 -0.126, 0.0363 0.1808 -0.126, 0.0312 0.1872 -0.126, -0.0414 0.1453 -0.126, -0.0383 0.1377 -0.126, 0.025 0.1223 -0.126, 0.0787 0.0787 -0.126, 0.0179 0.1182 -0.126, 0.0102 0.1156 -0.126, 0.0312 0.1277 -0.126, 0.0363 0.1342 -0.126, 0.04 0.1415 -0.126, 0.0102 0.1994 -0.126, 0.0021 0.2006 -0.126, -0.0061 0.2002 -0.126, -0.0429 0.1534 -0.126, -0.0339 0.1308 -0.126, -0.0282 0.1249 -0.126, -0.0216 0.1201 -0.126, -0.0414 0.1696 -0.126, -0.0429 0.1616 -0.126, -0.0431 0.1575 -0.126, -0.0141 0.1167 -0.126, -0.0061 0.1148 -0.126, 0.0021 0.1144 -0.126, 0.0423 0.1493 -0.126, 0.0431 0.1575 -0.126, 0.0423 0.1656 -0.126, 0.1161 0.1453 -0.126, 0.1191 0.1377 -0.126, 0.1887 0.1277 -0.126, 0.1938 0.1342 -0.126, 0.2283 0.0787 -0.126, 0.1975 0.1415 -0.126, 0.1145 0.1534 -0.126, 0.1975 0.1735 -0.126, 0.1938 0.1808 -0.126, 0.1434 0.1982 -0.126, 0.1359 0.1948 -0.126, 0.1236 0.1308 -0.126, 0.1292 0.1249 -0.126, 0.1359 0.1201 -0.126, 0.1676 0.1156 -0.126, 0.1754 0.1182 -0.126, 0.1825 0.1223 -0.126, 0.1998 0.1493 -0.126, 0.2006 0.1575 -0.126, 0.1998 0.1656 -0.126, 0.1887 0.1872 -0.126, 0.1825 0.1926 -0.126, 0.1754 0.1967 -0.126, 0.1292 0.1901 -0.126, 0.1236 0.1841 -0.126, 0.1191 0.1772 -0.126, 0.1161 0.1696 -0.126, 0.1145 0.1616 -0.126, 0.1144 0.1575 -0.126, 0.1434 0.1167 -0.126, 0.1513 0.1148 -0.126, 0.1595 0.1144 -0.126, 0.1676 0.1994 -0.126, 0.1595 0.2006 -0.126, 0.1513 0.2002 -0.126, -0.1989 -0.0122 -0.126, -0.1958 -0.0198 -0.126, -0.2004 -0.0041 -0.126, -0.1914 -0.0267 -0.126, -0.1857 -0.0326 -0.126, -0.179 -0.0373 -0.126, -0.1174 0.016 -0.126, -0.1212 0.0233 -0.126, -0.1263 0.0298 -0.126, -0.1325 0.0351 -0.126, -0.1396 0.0392 -0.126, -0.1396 -0.0392 -0.126, -0.1325 -0.0351 -0.126, -0.0787 -0.0787 -0.126, -0.1473 -0.0419 -0.126, -0.1263 -0.0298 -0.126, -0.1212 -0.0233 -0.126, -0.1174 -0.016 -0.126, -0.1151 -0.0082 -0.126, -0.1144 0.0 -0.126, -0.1151 0.0082 -0.126, -0.1716 -0.0408 -0.126, -0.1636 -0.0427 -0.126, -0.1554 -0.0431 -0.126, -0.1716 0.0408 -0.126, -0.179 0.0373 -0.126, -0.1958 0.0198 -0.126, -0.1989 0.0122 -0.126, -0.2004 0.0041 -0.126, -0.2006 -0.0 -0.126, -0.1473 0.0419 -0.126, -0.1554 0.0431 -0.126, -0.1636 0.0427 -0.126, -0.1857 0.0326 -0.126, -0.1914 0.0267 -0.126, -0.0414 -0.0122 -0.126, -0.0383 -0.0198 -0.126, 0.04 0.016 -0.126, 0.0363 0.0233 -0.126, -0.0339 -0.0267 -0.126, -0.0282 -0.0326 -0.126, -0.0216 -0.0373 -0.126, 0.0102 -0.0419 -0.126, 0.0179 -0.0392 -0.126, 0.0787 -0.0787 -0.126, 0.025 -0.0351 -0.126, 0.0312 0.0298 -0.126, 0.025 0.0351 -0.126, 0.0179 0.0392 -0.126, -0.0061 0.0427 -0.126, 0.0021 0.0431 -0.126, 0.0102 0.0419 -0.126, -0.0141 -0.0408 -0.126, -0.0061 -0.0427 -0.126, 0.0021 -0.0431 -0.126, -0.0141 0.0408 -0.126, -0.0216 0.0373 -0.126, -0.0282 0.0326 -0.126, 0.0312 -0.0298 -0.126, 0.0363 -0.0233 -0.126, 0.04 -0.016 -0.126, -0.0339 0.0267 -0.126, -0.0383 0.0198 -0.126, -0.0414 0.0122 -0.126, -0.0429 0.0041 -0.126, -0.0431 -0.0 -0.126, -0.0429 -0.0041 -0.126, 0.0423 -0.0082 -0.126, 0.0431 0.0 -0.126, 0.0423 0.0082 -0.126, 0.1161 -0.0122 -0.126, 0.1191 -0.0198 -0.126, 0.1191 0.0198 -0.126, 0.1161 0.0122 -0.126, 0.1975 -0.016 -0.126, 0.1998 -0.0082 -0.126, 0.2283 -0.0787 -0.126, 0.2006 0.0 -0.126, 0.1998 0.0082 -0.126, 0.1975 0.016 -0.126, 0.1938 0.0233 -0.126, 0.1145 0.0041 -0.126, 0.1144 -0.0 -0.126, 0.1145 -0.0041 -0.126, 0.1236 -0.0267 -0.126, 0.1292 -0.0326 -0.126, 0.1359 -0.0373 -0.126, 0.1887 0.0298 -0.126, 0.1825 0.0351 -0.126, 0.1754 0.0392 -0.126, 0.1754 -0.0392 -0.126, 0.1825 -0.0351 -0.126, 0.1676 -0.0419 -0.126, 0.1887 -0.0298 -0.126, 0.1938 -0.0233 -0.126, 0.1434 0.0408 -0.126, 0.1359 0.0373 -0.126, 0.1434 -0.0408 -0.126, 0.1513 -0.0427 -0.126, 0.1595 -0.0431 -0.126, 0.1676 0.0419 -0.126, 0.1595 0.0431 -0.126, 0.1513 0.0427 -0.126, 0.1292 0.0326 -0.126, 0.1236 0.0267 -0.126, -0.2004 -0.1616 -0.126, -0.1989 -0.1696 -0.126, -0.1958 -0.1772 -0.126, -0.1914 -0.1841 -0.126, -0.1396 -0.1967 -0.126, -0.1325 -0.1926 -0.126, -0.1716 -0.1167 -0.126, -0.179 -0.1201 -0.126, -0.1857 -0.1249 -0.126, -0.1914 -0.1308 -0.126, -0.1958 -0.1377 -0.126, -0.1857 -0.1901 -0.126, -0.179 -0.1948 -0.126, -0.1716 -0.1982 -0.126, -0.1263 -0.1872 -0.126, -0.1212 -0.1808 -0.126, -0.1174 -0.1735 -0.126, -0.1174 -0.1415 -0.126, -0.1212 -0.1342 -0.126, -0.1263 -0.1277 -0.126, -0.1325 -0.1223 -0.126, -0.1396 -0.1182 -0.126, -0.1989 -0.1453 -0.126, -0.2004 -0.1534 -0.126, -0.2006 -0.1575 -0.126, -0.1636 -0.2002 -0.126, -0.1554 -0.2006 -0.126, -0.1473 -0.1994 -0.126, -0.1473 -0.1156 -0.126, -0.1554 -0.1144 -0.126, -0.1636 -0.1148 -0.126, -0.1151 -0.1656 -0.126, -0.1144 -0.1575 -0.126, -0.1151 -0.1493 -0.126, -0.0429 -0.1616 -0.126, -0.0414 -0.1696 -0.126, -0.0383 -0.1772 -0.126, -0.0339 -0.1841 -0.126, -0.0282 -0.1901 -0.126, -0.0216 -0.1948 -0.126, -0.0141 -0.1982 -0.126, -0.0061 -0.2002 -0.126, 0.0021 -0.2006 -0.126, 0.0787 -0.2283 -0.126, 0.0102 -0.1994 -0.126, 0.0179 -0.1967 -0.126, -0.0141 -0.1167 -0.126, -0.0216 -0.1201 -0.126, -0.0282 -0.1249 -0.126, -0.0339 -0.1308 -0.126, -0.0383 -0.1377 -0.126, 0.025 -0.1926 -0.126, 0.0312 -0.1872 -0.126, 0.0363 -0.1808 -0.126, -0.0414 -0.1453 -0.126, -0.0429 -0.1534 -0.126, -0.0431 -0.1575 -0.126, 0.0363 -0.1342 -0.126, 0.0312 -0.1277 -0.126, 0.025 -0.1223 -0.126, 0.0179 -0.1182 -0.126, 0.04 -0.1735 -0.126, 0.0423 -0.1656 -0.126, 0.0431 -0.1575 -0.126, 0.0423 -0.1493 -0.126, 0.04 -0.1415 -0.126, 0.0102 -0.1156 -0.126, 0.0021 -0.1144 -0.126, -0.0061 -0.1148 -0.126, 0.1434 -0.1982 -0.126, 0.1513 -0.2002 -0.126, 0.1754 -0.1967 -0.126, 0.1825 -0.1926 -0.126, 0.2283 -0.2283 -0.126, 0.1191 -0.1772 -0.126, 0.1236 -0.1841 -0.126, 0.1676 -0.1994 -0.126, 0.1144 -0.1575 -0.126, 0.1145 -0.1616 -0.126, 0.1161 -0.1696 -0.126, 0.1887 -0.1872 -0.126, 0.1938 -0.1808 -0.126, 0.1975 -0.1735 -0.126, 0.1434 -0.1167 -0.126, 0.1359 -0.1201 -0.126, 0.1292 -0.1249 -0.126, 0.1236 -0.1308 -0.126, 0.1145 -0.1534 -0.126, 0.1595 -0.2006 -0.126, 0.1998 -0.1656 -0.126, 0.2006 -0.1575 -0.126, 0.1998 -0.1493 -0.126, 0.1975 -0.1415 -0.126, 0.1938 -0.1342 -0.126, 0.1887 -0.1277 -0.126, 0.1825 -0.1223 -0.126, 0.1754 -0.1182 -0.126, 0.1191 -0.1377 -0.126, 0.1161 -0.1453 -0.126, 0.1292 -0.1901 -0.126, 0.1359 -0.1948 -0.126, 0.1676 -0.1156 -0.126, 0.1595 -0.1144 -0.126, 0.1513 -0.1148 -0.126, 0.2559 0.0787 -0.126, 0.2559 -0.0787 -0.126, 0.2559 -0.2283 -0.126, -0.2075 0.2278 0.0, -0.198 0.2317 0.0, -0.1498 0.2039 0.0, -0.1537 0.2134 0.0, -0.16 0.2216 0.0, -0.1537 0.174 0.0, -0.1498 0.1835 0.0, -0.1485 0.1937 0.0, -0.16 0.1659 0.0, -0.1681 0.1596 0.0, -0.1776 0.1557 0.0, -0.1878 0.1544 0.0, -0.198 0.1557 0.0, -0.2075 0.1596 0.0, -0.2156 0.1659 0.0, -0.1878 0.2331 0.0, -0.1776 0.2317 0.0, -0.1681 0.2278 0.0, -0.2258 0.2039 0.0, -0.2219 0.2134 0.0, -0.2156 0.2216 0.0, -0.2219 0.174 0.0, -0.2258 0.1835 0.0, -0.2272 0.1937 0.0, -0.2272 0.1937 0.0
            ]
        }
        coordIndex [
            0,1,2,-1,3,4,5,-1,6,7,8,-1,9,10,11,-1,12,13,14,-1,14,13,15,-1,14,15,16,-1,16,17,14,-1,14,17,18,-1,14,18,19,-1,20,21,22,-1,22,21,23,-1,23,21,24,-1,23,24,25,-1,26,27,28,-1,28,27,29,-1,28,29,30,-1,20,22,31,-1,31,22,27,-1,31,27,32,-1,26,33,27,-1,27,33,34,-1,27,34,35,-1,35,36,27,-1,27,36,37,-1,27,37,32,-1,32,37,38,-1,32,38,39,-1,39,38,40,-1,39,40,41,-1,42,43,44,-1,44,43,45,-1,44,45,46,-1,46,47,44,-1,44,47,48,-1,44,48,29,-1,29,48,49,-1,29,49,30,-1,50,42,51,-1,51,42,44,-1,51,44,52,-1,52,44,53,-1,54,55,56,-1,56,55,57,-1,57,58,56,-1,56,58,59,-1,56,59,1,-1,1,59,60,-1,1,60,2,-1,2,60,61,-1,2,61,44,-1,44,61,62,-1,44,62,53,-1,63,64,54,-1,54,64,65,-1,54,65,66,-1,66,67,54,-1,54,67,68,-1,54,68,55,-1,69,70,63,-1,69,63,71,-1,72,73,74,-1,75,76,77,-1,77,76,78,-1,19,79,14,-1,14,79,80,-1,14,80,81,-1,81,80,82,-1,81,82,83,-1,84,85,76,-1,76,85,86,-1,76,86,87,-1,72,74,88,-1,73,89,74,-1,74,89,90,-1,74,90,91,-1,92,93,94,-1,94,93,95,-1,94,95,96,-1,97,87,98,-1,98,87,99,-1,98,99,94,-1,94,99,100,-1,94,100,92,-1,70,101,63,-1,63,101,102,-1,63,102,64,-1,64,102,103,-1,64,103,104,-1,104,105,64,-1,64,105,106,-1,64,106,107,-1,97,108,87,-1,87,108,109,-1,87,109,76,-1,76,109,110,-1,76,110,78,-1,83,111,81,-1,81,111,112,-1,81,112,63,-1,63,112,113,-1,63,113,71,-1,114,115,116,-1,116,115,117,-1,116,117,74,-1,74,117,118,-1,74,118,88,-1,119,120,74,-1,74,120,121,-1,74,121,76,-1,76,121,122,-1,76,122,84,-1,107,123,64,-1,64,123,124,-1,64,124,125,-1,125,124,114,-1,125,114,126,-1,126,114,116,-1,91,127,74,-1,74,127,128,-1,74,128,129,-1,129,130,74,-1,74,130,131,-1,74,131,119,-1,132,133,134,-1,132,134,135,-1,86,134,87,-1,87,134,136,-1,87,136,137,-1,138,139,140,-1,140,139,141,-1,140,141,142,-1,138,140,86,-1,86,140,143,-1,86,143,134,-1,134,143,144,-1,134,144,135,-1,133,145,134,-1,134,145,146,-1,134,146,147,-1,147,146,148,-1,149,150,151,-1,151,150,152,-1,151,152,153,-1,154,155,148,-1,148,155,156,-1,148,156,147,-1,137,157,87,-1,87,157,151,-1,87,151,158,-1,158,151,153,-1,159,9,160,-1,161,162,163,-1,163,162,164,-1,163,164,165,-1,165,164,166,-1,167,168,5,-1,9,11,160,-1,160,11,169,-1,160,169,167,-1,170,171,172,-1,173,174,175,-1,175,174,176,-1,175,176,177,-1,178,179,180,-1,180,179,181,-1,180,181,182,-1,182,181,170,-1,182,170,183,-1,184,185,186,-1,186,185,187,-1,186,187,173,-1,172,171,188,-1,188,171,189,-1,188,189,190,-1,177,176,191,-1,191,176,192,-1,191,192,193,-1,194,192,195,-1,195,192,196,-1,189,193,190,-1,190,193,192,-1,190,192,197,-1,197,192,194,-1,198,199,200,-1,200,199,201,-1,202,203,204,-1,205,206,197,-1,197,206,207,-1,197,207,208,-1,209,210,197,-1,197,210,211,-1,197,211,190,-1,190,211,212,-1,190,212,213,-1,208,214,197,-1,197,214,215,-1,197,215,209,-1,216,217,218,-1,218,217,219,-1,203,220,204,-1,204,220,219,-1,204,219,221,-1,221,219,217,-1,202,204,222,-1,222,204,223,-1,222,223,197,-1,197,223,224,-1,197,224,205,-1,213,225,190,-1,190,225,226,-1,190,226,200,-1,200,226,227,-1,200,227,198,-1,228,229,230,-1,230,229,231,-1,230,231,232,-1,233,234,235,-1,235,236,233,-1,233,236,237,-1,233,237,238,-1,201,239,200,-1,200,239,240,-1,200,240,241,-1,242,243,233,-1,233,243,244,-1,233,244,234,-1,240,245,241,-1,241,245,246,-1,241,246,242,-1,242,246,247,-1,242,247,243,-1,248,249,5,-1,5,249,250,-1,5,250,251,-1,252,253,254,-1,254,253,255,-1,256,257,254,-1,254,257,258,-1,255,259,254,-1,254,259,260,-1,254,260,256,-1,166,164,168,-1,168,164,254,-1,168,254,5,-1,5,254,258,-1,5,258,248,-1,261,262,263,-1,263,262,264,-1,265,266,172,-1,172,266,174,-1,172,174,170,-1,170,174,173,-1,170,173,183,-1,183,173,187,-1,266,267,174,-1,174,267,268,-1,174,268,252,-1,252,268,269,-1,252,269,253,-1,270,271,272,-1,273,274,275,-1,270,272,276,-1,277,278,279,-1,279,278,280,-1,279,280,281,-1,281,280,275,-1,281,275,282,-1,282,275,274,-1,283,284,285,-1,285,284,286,-1,285,286,287,-1,287,288,285,-1,285,288,289,-1,285,289,290,-1,291,292,200,-1,293,294,272,-1,272,294,295,-1,272,295,276,-1,296,200,297,-1,297,200,292,-1,297,292,279,-1,279,292,298,-1,279,298,277,-1,299,300,301,-1,301,300,302,-1,301,302,303,-1,303,302,304,-1,305,306,275,-1,275,306,307,-1,275,307,308,-1,296,309,200,-1,200,309,310,-1,200,310,311,-1,312,313,314,-1,314,313,315,-1,314,315,316,-1,317,318,319,-1,308,320,275,-1,275,320,321,-1,275,321,273,-1,304,322,303,-1,303,322,323,-1,303,323,324,-1,324,323,319,-1,324,319,325,-1,325,319,318,-1,326,327,328,-1,328,327,329,-1,328,329,271,-1,312,299,313,-1,313,299,301,-1,313,301,330,-1,330,301,331,-1,330,331,332,-1,332,331,333,-1,332,333,334,-1,334,333,335,-1,336,335,329,-1,329,335,333,-1,329,333,271,-1,271,333,331,-1,271,331,272,-1,337,338,8,-1,339,340,190,-1,311,317,200,-1,200,317,319,-1,200,319,190,-1,190,319,341,-1,190,341,339,-1,342,343,8,-1,8,343,344,-1,340,345,190,-1,190,345,346,-1,190,346,188,-1,188,346,347,-1,188,347,337,-1,348,349,338,-1,338,349,350,-1,338,350,8,-1,8,350,351,-1,8,351,342,-1,344,352,8,-1,8,352,353,-1,8,353,6,-1,354,355,356,-1,356,355,357,-1,356,357,358,-1,356,359,354,-1,354,359,360,-1,354,360,361,-1,361,362,354,-1,354,362,363,-1,354,363,364,-1,364,363,365,-1,364,365,366,-1,366,365,367,-1,366,367,338,-1,338,367,368,-1,338,368,348,-1,369,370,358,-1,358,370,371,-1,358,371,356,-1,372,373,316,-1,316,373,374,-1,316,374,314,-1,372,375,373,-1,373,375,376,-1,373,376,377,-1,377,376,378,-1,377,379,380,-1,378,381,377,-1,377,381,382,-1,377,382,383,-1,383,384,377,-1,377,384,385,-1,377,385,379,-1,380,386,377,-1,377,386,387,-1,377,387,388,-1,389,390,263,-1,263,390,391,-1,392,393,394,-1,264,265,263,-1,263,265,172,-1,263,172,389,-1,389,172,395,-1,389,395,396,-1,396,395,392,-1,396,392,397,-1,397,392,394,-1,398,399,8,-1,8,399,400,-1,337,8,188,-1,188,8,400,-1,188,400,172,-1,172,400,401,-1,172,401,395,-1,402,399,403,-1,403,399,398,-1,403,398,404,-1,405,406,407,-1,408,409,8,-1,336,329,7,-1,7,329,405,-1,7,405,8,-1,8,405,407,-1,8,407,408,-1,409,410,8,-1,8,410,411,-1,8,411,412,-1,412,413,8,-1,8,413,414,-1,8,414,398,-1,398,414,415,-1,398,415,404,-1,416,417,418,-1,418,417,419,-1,418,419,405,-1,405,419,420,-1,405,420,406,-1,421,422,418,-1,418,422,423,-1,418,423,416,-1,424,425,421,-1,421,425,426,-1,421,426,422,-1,167,5,160,-1,160,5,4,-1,160,4,427,-1,427,428,160,-1,160,428,429,-1,160,429,430,-1,430,429,431,-1,430,431,432,-1,433,434,435,-1,435,434,436,-1,435,436,437,-1,437,436,429,-1,437,429,438,-1,438,429,428,-1,438,428,439,-1,439,428,440,-1,439,440,441,-1,441,440,442,-1,431,443,432,-1,432,443,444,-1,432,444,391,-1,391,444,3,-1,391,3,263,-1,263,3,5,-1,263,5,261,-1,261,5,251,-1,445,446,447,-1,448,449,450,-1,451,452,453,-1,453,452,161,-1,163,159,161,-1,161,159,160,-1,161,160,453,-1,453,160,454,-1,447,455,445,-1,445,455,456,-1,445,456,457,-1,446,445,458,-1,458,445,454,-1,458,454,459,-1,460,461,454,-1,454,461,462,-1,454,462,459,-1,463,160,464,-1,464,160,430,-1,464,430,465,-1,465,430,452,-1,465,452,466,-1,466,452,451,-1,463,467,160,-1,160,467,468,-1,160,468,454,-1,454,468,469,-1,454,469,460,-1,457,470,445,-1,445,470,465,-1,445,465,450,-1,450,465,466,-1,450,466,448,-1,471,452,472,-1,472,452,430,-1,472,430,473,-1,473,430,432,-1,473,432,421,-1,421,432,391,-1,421,391,424,-1,424,391,390,-1,162,474,164,-1,164,474,475,-1,164,475,254,-1,254,475,476,-1,254,476,252,-1,252,476,477,-1,252,477,174,-1,174,477,478,-1,174,478,176,-1,176,478,479,-1,176,479,192,-1,192,479,229,-1,192,229,196,-1,196,229,228,-1,480,471,481,-1,481,471,472,-1,481,472,482,-1,482,472,473,-1,482,473,483,-1,483,473,421,-1,483,421,484,-1,484,421,418,-1,484,418,485,-1,485,418,405,-1,485,405,486,-1,486,405,329,-1,486,329,487,-1,487,329,327,-1,487,327,488,-1,488,327,489,-1,488,489,56,-1,326,283,327,-1,327,283,285,-1,327,285,489,-1,489,285,490,-1,491,492,490,-1,490,492,493,-1,290,291,285,-1,285,291,200,-1,285,200,490,-1,490,200,241,-1,490,241,491,-1,491,241,494,-1,56,489,54,-1,54,489,490,-1,54,490,63,-1,63,490,493,-1,63,493,81,-1,81,493,495,-1,81,495,241,-1,241,495,496,-1,241,496,494,-1,497,498,499,-1,499,498,491,-1,499,491,500,-1,500,491,494,-1,500,494,501,-1,501,494,502,-1,503,504,505,-1,506,507,14,-1,14,507,503,-1,14,503,242,-1,242,503,505,-1,242,505,241,-1,241,505,508,-1,241,508,81,-1,81,508,506,-1,81,506,14,-1,238,232,233,-1,233,232,231,-1,233,231,242,-1,242,231,509,-1,242,509,14,-1,14,509,23,-1,14,23,12,-1,12,23,25,-1,0,2,510,-1,510,2,44,-1,510,44,511,-1,511,44,29,-1,511,29,512,-1,512,29,27,-1,512,27,513,-1,513,27,22,-1,513,22,514,-1,474,515,475,-1,475,515,516,-1,475,516,476,-1,476,516,517,-1,476,517,477,-1,477,517,518,-1,477,518,478,-1,478,518,519,-1,478,519,479,-1,479,519,520,-1,479,520,229,-1,229,520,521,-1,229,521,231,-1,231,521,522,-1,231,522,509,-1,509,522,523,-1,509,523,23,-1,23,523,524,-1,23,524,22,-1,22,524,525,-1,22,525,514,-1,514,525,526,-1,527,0,526,-1,528,529,530,-1,528,530,526,-1,526,530,531,-1,526,531,527,-1,532,529,528,-1,533,534,535,-1,533,535,528,-1,528,535,536,-1,528,536,532,-1,480,537,515,-1,515,537,538,-1,515,538,533,-1,533,538,539,-1,533,539,534,-1,529,532,540,-1,539,541,542,-1,534,543,544,-1,544,545,534,-1,534,545,546,-1,534,546,547,-1,548,549,535,-1,550,551,552,-1,552,551,553,-1,542,554,539,-1,539,554,555,-1,539,555,556,-1,548,535,557,-1,547,558,534,-1,534,558,559,-1,534,559,535,-1,535,559,560,-1,535,560,557,-1,549,561,535,-1,535,561,562,-1,535,562,563,-1,564,565,552,-1,552,565,566,-1,552,566,550,-1,556,567,539,-1,539,567,568,-1,539,568,534,-1,534,568,569,-1,534,569,543,-1,563,570,535,-1,535,570,571,-1,535,571,552,-1,552,571,572,-1,552,572,564,-1,553,573,552,-1,552,573,574,-1,552,574,539,-1,539,574,575,-1,539,575,541,-1,576,577,538,-1,539,578,579,-1,579,580,539,-1,539,580,581,-1,539,581,582,-1,583,584,538,-1,538,584,585,-1,538,585,576,-1,586,587,552,-1,588,589,590,-1,590,589,591,-1,588,592,589,-1,589,592,593,-1,589,593,594,-1,577,595,538,-1,538,595,596,-1,538,596,539,-1,539,596,597,-1,539,597,578,-1,586,552,598,-1,587,599,552,-1,552,599,600,-1,552,600,601,-1,582,602,539,-1,539,602,603,-1,539,603,552,-1,552,603,604,-1,552,604,598,-1,601,605,552,-1,552,605,606,-1,552,606,589,-1,589,606,607,-1,589,607,591,-1,594,608,589,-1,589,608,609,-1,589,609,538,-1,538,609,610,-1,538,610,583,-1,611,612,589,-1,613,614,615,-1,615,614,616,-1,611,589,617,-1,537,618,619,-1,538,620,621,-1,612,622,589,-1,589,622,623,-1,589,623,624,-1,625,626,615,-1,615,626,627,-1,615,627,613,-1,616,628,615,-1,615,628,629,-1,615,629,537,-1,537,629,630,-1,537,630,618,-1,619,631,537,-1,537,631,632,-1,537,632,633,-1,621,634,538,-1,538,634,635,-1,538,635,636,-1,636,637,538,-1,538,637,638,-1,538,638,589,-1,589,638,639,-1,589,639,617,-1,624,640,589,-1,589,640,641,-1,589,641,615,-1,615,641,642,-1,615,642,625,-1,633,643,537,-1,537,643,644,-1,537,644,538,-1,538,644,645,-1,538,645,620,-1,646,647,536,-1,646,536,648,-1,647,649,536,-1,536,649,650,-1,536,650,651,-1,552,652,653,-1,653,654,552,-1,552,654,655,-1,552,655,656,-1,657,658,659,-1,657,659,660,-1,658,661,659,-1,659,661,662,-1,659,662,663,-1,663,664,659,-1,659,664,665,-1,659,665,552,-1,552,665,666,-1,552,666,652,-1,651,667,536,-1,536,667,668,-1,536,668,659,-1,659,668,669,-1,659,669,660,-1,670,671,535,-1,672,673,535,-1,535,673,674,-1,535,674,536,-1,536,674,675,-1,536,675,648,-1,656,676,552,-1,552,676,677,-1,552,677,535,-1,535,677,678,-1,535,678,670,-1,671,679,535,-1,535,679,680,-1,535,680,672,-1,681,682,659,-1,589,683,684,-1,682,685,659,-1,659,685,686,-1,659,686,687,-1,688,689,690,-1,690,689,691,-1,684,692,589,-1,589,692,693,-1,589,693,694,-1,695,552,696,-1,696,552,589,-1,696,589,697,-1,697,589,694,-1,687,698,659,-1,659,698,699,-1,659,699,690,-1,690,699,700,-1,690,700,688,-1,695,701,552,-1,552,701,702,-1,552,702,703,-1,691,704,690,-1,690,704,705,-1,690,705,706,-1,703,707,552,-1,552,707,708,-1,552,708,709,-1,709,710,552,-1,552,710,711,-1,552,711,659,-1,659,711,712,-1,659,712,681,-1,706,713,690,-1,690,713,714,-1,690,714,589,-1,589,714,715,-1,589,715,683,-1,716,717,690,-1,718,719,589,-1,720,721,722,-1,722,721,723,-1,722,723,615,-1,723,724,615,-1,615,724,725,-1,615,725,726,-1,719,727,589,-1,589,727,728,-1,589,728,690,-1,690,728,729,-1,690,729,716,-1,717,730,690,-1,690,730,731,-1,690,731,732,-1,726,733,615,-1,615,733,734,-1,615,734,735,-1,736,737,722,-1,736,722,738,-1,737,739,722,-1,722,739,740,-1,722,740,720,-1,741,742,589,-1,732,743,690,-1,690,743,744,-1,690,744,722,-1,722,744,745,-1,722,745,738,-1,735,746,615,-1,615,746,747,-1,615,747,589,-1,589,747,748,-1,589,748,741,-1,742,749,589,-1,589,749,750,-1,589,750,718,-1,751,752,532,-1,532,752,753,-1,532,753,754,-1,755,756,540,-1,757,758,536,-1,758,759,536,-1,536,759,760,-1,536,760,761,-1,754,762,532,-1,532,762,763,-1,532,763,764,-1,756,765,540,-1,540,765,766,-1,540,766,767,-1,659,768,769,-1,769,770,659,-1,659,770,771,-1,659,771,772,-1,761,773,536,-1,536,773,774,-1,536,774,532,-1,532,774,775,-1,532,775,751,-1,764,776,532,-1,532,776,777,-1,532,777,540,-1,540,777,778,-1,540,778,755,-1,772,779,659,-1,659,779,780,-1,659,780,536,-1,536,780,781,-1,536,781,757,-1,767,782,540,-1,540,782,783,-1,540,783,659,-1,659,783,784,-1,659,784,768,-1,785,786,540,-1,540,786,787,-1,540,787,788,-1,788,789,540,-1,540,789,790,-1,540,790,791,-1,791,792,540,-1,540,792,793,-1,540,793,794,-1,794,793,795,-1,794,795,796,-1,659,797,798,-1,798,799,659,-1,659,799,800,-1,659,800,801,-1,796,802,794,-1,794,802,803,-1,794,803,804,-1,801,805,659,-1,659,805,806,-1,659,806,540,-1,540,806,807,-1,540,807,785,-1,808,809,690,-1,690,809,810,-1,690,810,811,-1,804,812,794,-1,794,812,813,-1,794,813,814,-1,814,815,690,-1,690,815,816,-1,690,816,808,-1,811,817,690,-1,690,817,818,-1,690,818,659,-1,659,818,819,-1,659,819,797,-1,820,821,794,-1,822,823,824,-1,794,825,826,-1,822,824,827,-1,828,829,794,-1,794,829,830,-1,794,830,825,-1,823,831,824,-1,824,831,832,-1,824,832,833,-1,834,835,690,-1,690,835,836,-1,690,836,837,-1,814,690,794,-1,794,690,838,-1,794,838,828,-1,794,821,824,-1,824,821,839,-1,824,839,827,-1,833,840,824,-1,824,840,841,-1,824,841,722,-1,841,842,722,-1,722,842,843,-1,722,843,844,-1,844,845,722,-1,722,845,846,-1,722,846,847,-1,837,848,690,-1,690,848,849,-1,690,849,838,-1,826,850,794,-1,794,850,851,-1,794,851,820,-1,847,852,722,-1,722,852,853,-1,722,853,690,-1,690,853,854,-1,690,854,834,-1,529,540,530,-1,530,540,794,-1,530,794,531,-1,531,794,824,-1,531,824,527,-1,537,480,615,-1,615,480,855,-1,615,855,722,-1,722,855,856,-1,722,856,824,-1,824,856,857,-1,824,857,527,-1,527,857,0,-1,858,859,533,-1,860,515,861,-1,861,515,862,-1,863,526,864,-1,864,526,515,-1,864,515,865,-1,865,515,860,-1,863,866,526,-1,526,866,867,-1,526,867,528,-1,528,867,868,-1,528,868,869,-1,869,870,528,-1,528,870,871,-1,528,871,872,-1,859,873,533,-1,533,873,874,-1,533,874,515,-1,515,874,875,-1,515,875,862,-1,876,877,533,-1,533,877,878,-1,533,878,858,-1,872,879,528,-1,528,879,880,-1,528,880,533,-1,533,880,881,-1,533,881,876,-1,
        ]
    }
}
Shape{
    appearance Appearance {
        material  Material 	{
            diffuseColor 1.0 1.0 1.0
            specularColor 0.5019607843137255 0.5019607843137255 0.5019607843137255
            ambientIntensity 0.2
            transparency 0
            shininess 0.5
        }
    }
    geometry IndexedFaceSet {
        ccw TRUE
        solid FALSE
        coord DEF co Coordinate {
            point [
                -0.1575 0.1575 -0.2047, -0.1484 0.1575 -0.2039, -0.1486 0.1558 -0.2039, -0.1498 0.1526 -0.2039, -0.1509 0.1512 -0.2039, -0.1491 0.1541 -0.2039, -0.1537 0.1492 -0.2039, -0.1553 0.1487 -0.2039, -0.1522 0.1501 -0.2039, -0.1588 0.1485 -0.2039, -0.1604 0.1489 -0.2039, -0.157 0.1484 -0.2039, -0.1634 0.1506 -0.2039, -0.1646 0.1519 -0.2039, -0.162 0.1496 -0.2039, -0.1662 0.1549 -0.2039, -0.1665 0.1566 -0.2039, -0.1655 0.1533 -0.2039, -0.1655 0.1616 -0.2039, -0.1646 0.1631 -0.2039, -0.1662 0.16 -0.2039, -0.1665 0.1583 -0.2039, -0.162 0.1653 -0.2039, -0.1604 0.1661 -0.2039, -0.1634 0.1643 -0.2039, -0.157 0.1665 -0.2039, -0.1553 0.1663 -0.2039, -0.1588 0.1665 -0.2039, -0.1522 0.1649 -0.2039, -0.1509 0.1637 -0.2039, -0.1537 0.1657 -0.2039, -0.1491 0.1609 -0.2039, -0.1486 0.1592 -0.2039, -0.1498 0.1624 -0.2039, -0.1753 0.1592 -0.2015, -0.1746 0.1625 -0.2015, -0.1734 0.1657 -0.2015, -0.1715 0.1685 -0.2015, -0.1692 0.171 -0.2015, -0.1664 0.173 -0.2015, -0.1633 0.1744 -0.2015, -0.16 0.1752 -0.2015, -0.1566 0.1753 -0.2015, -0.1533 0.1748 -0.2015, -0.1501 0.1737 -0.2015, -0.1471 0.172 -0.2015, -0.1446 0.1698 -0.2015, -0.1425 0.1671 -0.2015, -0.1409 0.1641 -0.2015, -0.1399 0.1609 -0.2015, -0.1396 0.1575 -0.2015, -0.1399 0.1541 -0.2015, -0.1409 0.1508 -0.2015, -0.1425 0.1478 -0.2015, -0.1446 0.1452 -0.2015, -0.1471 0.1429 -0.2015, -0.1501 0.1412 -0.2015, -0.1533 0.1401 -0.2015, -0.1566 0.1396 -0.2015, -0.16 0.1398 -0.2015, -0.1633 0.1406 -0.2015, -0.1664 0.142 -0.2015, -0.1692 0.144 -0.2015, -0.1715 0.1464 -0.2015, -0.1734 0.1493 -0.2015, -0.1746 0.1524 -0.2015, -0.1753 0.1558 -0.2015, -0.1835 0.16 -0.1976, -0.1825 0.1648 -0.1976, -0.1807 0.1694 -0.1976, -0.178 0.1736 -0.1976, -0.1746 0.1772 -0.1976, -0.1705 0.1801 -0.1976, -0.166 0.1821 -0.1976, -0.1612 0.1833 -0.1976, -0.1562 0.1835 -0.1976, -0.1513 0.1828 -0.1976, -0.1466 0.1812 -0.1976, -0.1423 0.1787 -0.1976, -0.1386 0.1755 -0.1976, -0.1355 0.1716 -0.1976, -0.1333 0.1672 -0.1976, -0.1319 0.1624 -0.1976, -0.1314 0.1575 -0.1976, -0.1319 0.1525 -0.1976, -0.1333 0.1478 -0.1976, -0.1355 0.1434 -0.1976, -0.1386 0.1395 -0.1976, -0.1423 0.1362 -0.1976, -0.1466 0.1338 -0.1976, -0.1513 0.1321 -0.1976, -0.1562 0.1314 -0.1976, -0.1612 0.1317 -0.1976, -0.166 0.1328 -0.1976, -0.1705 0.1349 -0.1976, -0.1746 0.1378 -0.1976, -0.178 0.1414 -0.1976, -0.1807 0.1455 -0.1976, -0.1825 0.1501 -0.1976, -0.1835 0.155 -0.1976, -0.1908 0.1607 -0.1923, -0.1896 0.1669 -0.1923, -0.1872 0.1728 -0.1923, -0.1838 0.1782 -0.1923, -0.1794 0.1828 -0.1923, -0.1742 0.1865 -0.1923, -0.1684 0.1891 -0.1923, -0.1622 0.1906 -0.1923, -0.1559 0.1909 -0.1923, -0.1496 0.19 -0.1923, -0.1436 0.1879 -0.1923, -0.1381 0.1848 -0.1923, -0.1332 0.1806 -0.1923, -0.1293 0.1756 -0.1923, -0.1264 0.1699 -0.1923, -0.1246 0.1638 -0.1923, -0.124 0.1575 -0.1923, -0.1246 0.1511 -0.1923, -0.1264 0.145 -0.1923, -0.1293 0.1394 -0.1923, -0.1332 0.1344 -0.1923, -0.1381 0.1302 -0.1923, -0.1436 0.127 -0.1923, -0.1496 0.1249 -0.1923, -0.1559 0.124 -0.1923, -0.1622 0.1243 -0.1923, -0.1684 0.1258 -0.1923, -0.1742 0.1285 -0.1923, -0.1794 0.1322 -0.1923, -0.1838 0.1368 -0.1923, -0.1872 0.1421 -0.1923, -0.1896 0.148 -0.1923, -0.1908 0.1543 -0.1923, -0.1971 0.1613 -0.1857, -0.1957 0.1687 -0.1857, -0.1929 0.1757 -0.1857, -0.1888 0.1821 -0.1857, -0.1836 0.1876 -0.1857, -0.1774 0.192 -0.1857, -0.1705 0.1951 -0.1857, -0.1631 0.1969 -0.1857, -0.1556 0.1973 -0.1857, -0.1481 0.1962 -0.1857, -0.1409 0.1937 -0.1857, -0.1344 0.1899 -0.1857, -0.1287 0.185 -0.1857, -0.124 0.179 -0.1857, -0.1205 0.1723 -0.1857, -0.1184 0.165 -0.1857, -0.1177 0.1575 -0.1857, -0.1184 0.1499 -0.1857, -0.1205 0.1427 -0.1857, -0.124 0.136 -0.1857, -0.1287 0.13 -0.1857, -0.1344 0.125 -0.1857, -0.1409 0.1213 -0.1857, -0.1481 0.1188 -0.1857, -0.1556 0.1177 -0.1857, -0.1631 0.1181 -0.1857, -0.1705 0.1199 -0.1857, -0.1774 0.123 -0.1857, -0.1836 0.1274 -0.1857, -0.1888 0.1329 -0.1857, -0.1929 0.1392 -0.1857, -0.1957 0.1463 -0.1857, -0.1971 0.1537 -0.1857, -0.2022 0.1617 -0.1781, -0.2006 0.1701 -0.1781, -0.1974 0.178 -0.1781, -0.1928 0.1852 -0.1781, -0.1869 0.1914 -0.1781, -0.1799 0.1964 -0.1781, -0.1722 0.1999 -0.1781, -0.1639 0.2019 -0.1781, -0.1553 0.2023 -0.1781, -0.1469 0.2011 -0.1781, -0.1388 0.1983 -0.1781, -0.1314 0.194 -0.1781, -0.125 0.1885 -0.1781, -0.1197 0.1817 -0.1781, -0.1158 0.1742 -0.1781, -0.1134 0.166 -0.1781, -0.1126 0.1575 -0.1781, -0.1134 0.149 -0.1781, -0.1158 0.1408 -0.1781, -0.1197 0.1332 -0.1781, -0.125 0.1265 -0.1781, -0.1314 0.1209 -0.1781, -0.1388 0.1166 -0.1781, -0.1469 0.1139 -0.1781, -0.1553 0.1126 -0.1781, -0.1639 0.113 -0.1781, -0.1722 0.1151 -0.1781, -0.1799 0.1186 -0.1781, -0.1869 0.1236 -0.1781, -0.1928 0.1297 -0.1781, -0.1974 0.1369 -0.1781, -0.2006 0.1448 -0.1781, -0.2022 0.1532 -0.1781, -0.2058 0.1621 -0.1698, -0.2041 0.1712 -0.1698, -0.2006 0.1797 -0.1698, -0.1956 0.1875 -0.1698, -0.1893 0.1942 -0.1698, -0.1817 0.1995 -0.1698, -0.1734 0.2033 -0.1698, -0.1644 0.2055 -0.1698, -0.1552 0.206 -0.1698, -0.146 0.2046 -0.1698, -0.1373 0.2016 -0.1698, -0.1293 0.197 -0.1698, -0.1224 0.191 -0.1698, -0.1166 0.1837 -0.1698, -0.1124 0.1755 -0.1698, -0.1098 0.1667 -0.1698, -0.1089 0.1575 -0.1698, -0.1098 0.1483 -0.1698, -0.1124 0.1394 -0.1698, -0.1166 0.1312 -0.1698, -0.1224 0.124 -0.1698, -0.1293 0.1179 -0.1698, -0.1373 0.1133 -0.1698, -0.146 0.1103 -0.1698, -0.1552 0.109 -0.1698, -0.1644 0.1094 -0.1698, -0.1734 0.1116 -0.1698, -0.1817 0.1154 -0.1698, -0.1893 0.1208 -0.1698, -0.1956 0.1275 -0.1698, -0.2006 0.1352 -0.1698, -0.2041 0.1438 -0.1698, -0.2058 0.1529 -0.1698, -0.2079 0.1623 -0.1609, -0.2061 0.1717 -0.1609, -0.2025 0.1807 -0.1609, -0.1973 0.1888 -0.1609, -0.1906 0.1958 -0.1609, -0.1828 0.2013 -0.1609, -0.174 0.2053 -0.1609, -0.1647 0.2076 -0.1609, -0.1551 0.2081 -0.1609, -0.1455 0.2067 -0.1609, -0.1364 0.2036 -0.1609, -0.1281 0.1987 -0.1609, -0.1208 0.1924 -0.1609, -0.1149 0.1849 -0.1609, -0.1105 0.1763 -0.1609, -0.1077 0.1671 -0.1609, -0.1068 0.1575 -0.1609, -0.1077 0.1479 -0.1609, -0.1105 0.1387 -0.1609, -0.1149 0.1301 -0.1609, -0.1208 0.1225 -0.1609, -0.1281 0.1162 -0.1609, -0.1364 0.1114 -0.1609, -0.1455 0.1083 -0.1609, -0.1551 0.1069 -0.1609, -0.1647 0.1073 -0.1609, -0.174 0.1096 -0.1609, -0.1828 0.1136 -0.1609, -0.1906 0.1192 -0.1609, -0.1973 0.1262 -0.1609, -0.2025 0.1343 -0.1609, -0.2061 0.1432 -0.1609, -0.2079 0.1527 -0.1609, -0.2084 0.1623 -0.1518, -0.2066 0.1719 -0.1518, -0.2029 0.1809 -0.1518, -0.1977 0.1891 -0.1518, -0.191 0.1961 -0.1518, -0.1831 0.2018 -0.1518, -0.1742 0.2058 -0.1518, -0.1648 0.2081 -0.1518, -0.155 0.2086 -0.1518, -0.1454 0.2072 -0.1518, -0.1362 0.204 -0.1518, -0.1278 0.1991 -0.1518, -0.1205 0.1928 -0.1518, -0.1144 0.1851 -0.1518, -0.11 0.1765 -0.1518, -0.1073 0.1672 -0.1518, -0.1063 0.1575 -0.1518, -0.1073 0.1478 -0.1518, -0.11 0.1385 -0.1518, -0.1144 0.1298 -0.1518, -0.1205 0.1222 -0.1518, -0.1278 0.1158 -0.1518, -0.1362 0.111 -0.1518, -0.1454 0.1078 -0.1518, -0.155 0.1064 -0.1518, -0.1648 0.1068 -0.1518, -0.1742 0.1091 -0.1518, -0.1831 0.1132 -0.1518, -0.191 0.1188 -0.1518, -0.1977 0.1259 -0.1518, -0.2029 0.134 -0.1518, -0.2066 0.1431 -0.1518, -0.2084 0.1526 -0.1518, -0.2073 0.1622 -0.1428, -0.2055 0.1716 -0.1428, -0.202 0.1804 -0.1428, -0.1968 0.1884 -0.1428, -0.1902 0.1953 -0.1428, -0.1825 0.2008 -0.1428, -0.1738 0.2048 -0.1428, -0.1646 0.207 -0.1428, -0.1551 0.2075 -0.1428, -0.1457 0.2061 -0.1428, -0.1367 0.203 -0.1428, -0.1285 0.1982 -0.1428, -0.1213 0.192 -0.1428, -0.1154 0.1845 -0.1428, -0.111 0.1761 -0.1428, -0.1083 0.1669 -0.1428, -0.1074 0.1575 -0.1428, -0.1083 0.148 -0.1428, -0.111 0.1389 -0.1428, -0.1154 0.1304 -0.1428, -0.1213 0.123 -0.1428, -0.1285 0.1167 -0.1428, -0.1367 0.112 -0.1428, -0.1457 0.1089 -0.1428, -0.1551 0.1075 -0.1428, -0.1646 0.108 -0.1428, -0.1738 0.1102 -0.1428, -0.1825 0.1141 -0.1428, -0.1902 0.1197 -0.1428, -0.1968 0.1266 -0.1428, -0.202 0.1346 -0.1428, -0.2055 0.1434 -0.1428, -0.2073 0.1527 -0.1428, -0.2046 0.162 -0.1341, -0.2029 0.1708 -0.1341, -0.1996 0.1792 -0.1341, -0.1947 0.1867 -0.1341, -0.1885 0.1933 -0.1341, -0.1811 0.1985 -0.1341, -0.173 0.2022 -0.1341, -0.1642 0.2043 -0.1341, -0.1552 0.2048 -0.1341, -0.1463 0.2035 -0.1341, -0.1378 0.2005 -0.1341, -0.13 0.196 -0.1341, -0.1232 0.1901 -0.1341, -0.1177 0.1831 -0.1341, -0.1135 0.1751 -0.1341, -0.111 0.1664 -0.1341, -0.1101 0.1575 -0.1341, -0.111 0.1485 -0.1341, -0.1135 0.1399 -0.1341, -0.1177 0.1319 -0.1341, -0.1232 0.1248 -0.1341, -0.13 0.1189 -0.1341, -0.1378 0.1144 -0.1341, -0.1463 0.1115 -0.1341, -0.1552 0.1102 -0.1341, -0.1642 0.1106 -0.1341, -0.173 0.1128 -0.1341, -0.1811 0.1165 -0.1341, -0.1885 0.1217 -0.1341, -0.1947 0.1282 -0.1341, -0.1996 0.1358 -0.1341, -0.2029 0.1441 -0.1341, -0.2046 0.153 -0.1341, -0.2004 0.1534 -0.126, -0.2006 0.1575 -0.126, -0.2004 0.1616 -0.126, -0.1989 0.1696 -0.126, -0.1958 0.1772 -0.126, -0.1914 0.1841 -0.126, -0.1857 0.1901 -0.126, -0.179 0.1948 -0.126, -0.1716 0.1982 -0.126, -0.1636 0.2002 -0.126, -0.1554 0.2006 -0.126, -0.1473 0.1994 -0.126, -0.1396 0.1967 -0.126, -0.1325 0.1926 -0.126, -0.1263 0.1872 -0.126, -0.1212 0.1808 -0.126, -0.1174 0.1735 -0.126, -0.1151 0.1656 -0.126, -0.1144 0.1575 -0.126, -0.1151 0.1493 -0.126, -0.1174 0.1415 -0.126, -0.1212 0.1342 -0.126, -0.1263 0.1277 -0.126, -0.1325 0.1223 -0.126, -0.1396 0.1182 -0.126, -0.1473 0.1156 -0.126, -0.1554 0.1144 -0.126, -0.1636 0.1148 -0.126, -0.1716 0.1167 -0.126, -0.179 0.1201 -0.126, -0.1857 0.1249 -0.126, -0.1914 0.1308 -0.126, -0.1958 0.1377 -0.126, -0.1989 0.1453 -0.126, -0.1575 0.0 -0.2047, -0.1484 0.0 -0.2039, -0.1486 -0.0017 -0.2039, -0.1498 -0.0049 -0.2039, -0.1509 -0.0063 -0.2039, -0.1491 -0.0034 -0.2039, -0.1537 -0.0083 -0.2039, -0.1553 -0.0088 -0.2039, -0.1522 -0.0074 -0.2039, -0.1588 -0.009 -0.2039, -0.1604 -0.0086 -0.2039, -0.157 -0.0091 -0.2039, -0.1634 -0.0069 -0.2039, -0.1646 -0.0056 -0.2039, -0.162 -0.0079 -0.2039, -0.1662 -0.0026 -0.2039, -0.1665 -0.0009 -0.2039, -0.1655 -0.0042 -0.2039, -0.1655 0.0042 -0.2039, -0.1646 0.0056 -0.2039, -0.1662 0.0026 -0.2039, -0.1665 0.0009 -0.2039, -0.162 0.0079 -0.2039, -0.1604 0.0086 -0.2039, -0.1634 0.0069 -0.2039, -0.157 0.0091 -0.2039, -0.1553 0.0088 -0.2039, -0.1588 0.009 -0.2039, -0.1522 0.0074 -0.2039, -0.1509 0.0063 -0.2039, -0.1537 0.0083 -0.2039, -0.1491 0.0034 -0.2039, -0.1486 0.0017 -0.2039, -0.1498 0.0049 -0.2039, -0.1753 0.0017 -0.2015, -0.1746 0.005 -0.2015, -0.1734 0.0082 -0.2015, -0.1715 0.011 -0.2015, -0.1692 0.0135 -0.2015, -0.1664 0.0155 -0.2015, -0.1633 0.0169 -0.2015, -0.16 0.0177 -0.2015, -0.1566 0.0178 -0.2015, -0.1533 0.0174 -0.2015, -0.1501 0.0163 -0.2015, -0.1471 0.0146 -0.2015, -0.1446 0.0123 -0.2015, -0.1425 0.0097 -0.2015, -0.1409 0.0066 -0.2015, -0.1399 0.0034 -0.2015, -0.1396 0.0 -0.2015, -0.1399 -0.0034 -0.2015, -0.1409 -0.0066 -0.2015, -0.1425 -0.0097 -0.2015, -0.1446 -0.0123 -0.2015, -0.1471 -0.0146 -0.2015, -0.1501 -0.0163 -0.2015, -0.1533 -0.0174 -0.2015, -0.1566 -0.0178 -0.2015, -0.16 -0.0177 -0.2015, -0.1633 -0.0169 -0.2015, -0.1664 -0.0155 -0.2015, -0.1692 -0.0135 -0.2015, -0.1715 -0.011 -0.2015, -0.1734 -0.0082 -0.2015, -0.1746 -0.005 -0.2015, -0.1753 -0.0017 -0.2015, -0.1835 0.0025 -0.1976, -0.1825 0.0073 -0.1976, -0.1807 0.012 -0.1976, -0.178 0.0161 -0.1976, -0.1746 0.0197 -0.1976, -0.1705 0.0226 -0.1976, -0.166 0.0247 -0.1976, -0.1612 0.0258 -0.1976, -0.1562 0.0261 -0.1976, -0.1513 0.0254 -0.1976, -0.1466 0.0237 -0.1976, -0.1423 0.0213 -0.1976, -0.1386 0.018 -0.1976, -0.1355 0.0141 -0.1976, -0.1333 0.0097 -0.1976, -0.1319 0.0049 -0.1976, -0.1314 0.0 -0.1976, -0.1319 -0.0049 -0.1976, -0.1333 -0.0097 -0.1976, -0.1355 -0.0141 -0.1976, -0.1386 -0.018 -0.1976, -0.1423 -0.0213 -0.1976, -0.1466 -0.0237 -0.1976, -0.1513 -0.0254 -0.1976, -0.1562 -0.0261 -0.1976, -0.1612 -0.0258 -0.1976, -0.166 -0.0247 -0.1976, -0.1705 -0.0226 -0.1976, -0.1746 -0.0197 -0.1976, -0.178 -0.0161 -0.1976, -0.1807 -0.012 -0.1976, -0.1825 -0.0073 -0.1976, -0.1835 -0.0025 -0.1976, -0.1908 0.0032 -0.1923, -0.1896 0.0094 -0.1923, -0.1872 0.0153 -0.1923, -0.1838 0.0207 -0.1923, -0.1794 0.0253 -0.1923, -0.1742 0.029 -0.1923, -0.1684 0.0316 -0.1923, -0.1622 0.0331 -0.1923, -0.1559 0.0334 -0.1923, -0.1496 0.0325 -0.1923, -0.1436 0.0305 -0.1923, -0.1381 0.0273 -0.1923, -0.1332 0.0231 -0.1923, -0.1293 0.0181 -0.1923, -0.1264 0.0124 -0.1923, -0.1246 0.0063 -0.1923, -0.124 0.0 -0.1923, -0.1246 -0.0063 -0.1923, -0.1264 -0.0124 -0.1923, -0.1293 -0.0181 -0.1923, -0.1332 -0.0231 -0.1923, -0.1381 -0.0273 -0.1923, -0.1436 -0.0305 -0.1923, -0.1496 -0.0325 -0.1923, -0.1559 -0.0334 -0.1923, -0.1622 -0.0331 -0.1923, -0.1684 -0.0316 -0.1923, -0.1742 -0.029 -0.1923, -0.1794 -0.0253 -0.1923, -0.1838 -0.0207 -0.1923, -0.1872 -0.0153 -0.1923, -0.1896 -0.0094 -0.1923, -0.1908 -0.0032 -0.1923, -0.1971 0.0038 -0.1857, -0.1957 0.0112 -0.1857, -0.1929 0.0182 -0.1857, -0.1888 0.0246 -0.1857, -0.1836 0.0301 -0.1857, -0.1774 0.0345 -0.1857, -0.1705 0.0376 -0.1857, -0.1631 0.0394 -0.1857, -0.1556 0.0398 -0.1857, -0.1481 0.0387 -0.1857, -0.1409 0.0362 -0.1857, -0.1344 0.0324 -0.1857, -0.1287 0.0275 -0.1857, -0.124 0.0215 -0.1857, -0.1205 0.0148 -0.1857, -0.1184 0.0075 -0.1857, -0.1177 0.0 -0.1857, -0.1184 -0.0075 -0.1857, -0.1205 -0.0148 -0.1857, -0.124 -0.0215 -0.1857, -0.1287 -0.0275 -0.1857, -0.1344 -0.0324 -0.1857, -0.1409 -0.0362 -0.1857, -0.1481 -0.0387 -0.1857, -0.1556 -0.0398 -0.1857, -0.1631 -0.0394 -0.1857, -0.1705 -0.0376 -0.1857, -0.1774 -0.0345 -0.1857, -0.1836 -0.0301 -0.1857, -0.1888 -0.0246 -0.1857, -0.1929 -0.0182 -0.1857, -0.1957 -0.0112 -0.1857, -0.1971 -0.0038 -0.1857, -0.2022 0.0043 -0.1781, -0.2006 0.0126 -0.1781, -0.1974 0.0206 -0.1781, -0.1928 0.0277 -0.1781, -0.1869 0.0339 -0.1781, -0.1799 0.0389 -0.1781, -0.1722 0.0424 -0.1781, -0.1639 0.0444 -0.1781, -0.1553 0.0448 -0.1781, -0.1469 0.0436 -0.1781, -0.1388 0.0408 -0.1781, -0.1314 0.0366 -0.1781, -0.125 0.031 -0.1781, -0.1197 0.0243 -0.1781, -0.1158 0.0167 -0.1781, -0.1134 0.0085 -0.1781, -0.1126 0.0 -0.1781, -0.1134 -0.0085 -0.1781, -0.1158 -0.0167 -0.1781, -0.1197 -0.0243 -0.1781, -0.125 -0.031 -0.1781, -0.1314 -0.0366 -0.1781, -0.1388 -0.0408 -0.1781, -0.1469 -0.0436 -0.1781, -0.1553 -0.0448 -0.1781, -0.1639 -0.0444 -0.1781, -0.1722 -0.0424 -0.1781, -0.1799 -0.0389 -0.1781, -0.1869 -0.0339 -0.1781, -0.1928 -0.0277 -0.1781, -0.1974 -0.0206 -0.1781, -0.2006 -0.0126 -0.1781, -0.2022 -0.0043 -0.1781, -0.2058 0.0046 -0.1698, -0.2041 0.0137 -0.1698, -0.2006 0.0222 -0.1698, -0.1956 0.03 -0.1698, -0.1893 0.0367 -0.1698, -0.1817 0.042 -0.1698, -0.1734 0.0459 -0.1698, -0.1644 0.048 -0.1698, -0.1552 0.0485 -0.1698, -0.146 0.0472 -0.1698, -0.1373 0.0442 -0.1698, -0.1293 0.0395 -0.1698, -0.1224 0.0335 -0.1698, -0.1166 0.0262 -0.1698, -0.1124 0.018 -0.1698, -0.1098 0.0092 -0.1698, -0.1089 0.0 -0.1698, -0.1098 -0.0092 -0.1698, -0.1124 -0.018 -0.1698, -0.1166 -0.0262 -0.1698, -0.1224 -0.0335 -0.1698, -0.1293 -0.0395 -0.1698, -0.1373 -0.0442 -0.1698, -0.146 -0.0472 -0.1698, -0.1552 -0.0485 -0.1698, -0.1644 -0.048 -0.1698, -0.1734 -0.0459 -0.1698, -0.1817 -0.042 -0.1698, -0.1893 -0.0367 -0.1698, -0.1956 -0.03 -0.1698, -0.2006 -0.0222 -0.1698, -0.2041 -0.0137 -0.1698, -0.2058 -0.0046 -0.1698, -0.2079 0.0048 -0.1609, -0.2061 0.0143 -0.1609, -0.2025 0.0232 -0.1609, -0.1973 0.0313 -0.1609, -0.1906 0.0383 -0.1609, -0.1828 0.0439 -0.1609, -0.174 0.0479 -0.1609, -0.1647 0.0501 -0.1609, -0.1551 0.0506 -0.1609, -0.1455 0.0492 -0.1609, -0.1364 0.0461 -0.1609, -0.1281 0.0413 -0.1609, -0.1208 0.035 -0.1609, -0.1149 0.0274 -0.1609, -0.1105 0.0188 -0.1609, -0.1077 0.0096 -0.1609, -0.1068 0.0 -0.1609, -0.1077 -0.0096 -0.1609, -0.1105 -0.0188 -0.1609, -0.1149 -0.0274 -0.1609, -0.1208 -0.035 -0.1609, -0.1281 -0.0413 -0.1609, -0.1364 -0.0461 -0.1609, -0.1455 -0.0492 -0.1609, -0.1551 -0.0506 -0.1609, -0.1647 -0.0501 -0.1609, -0.174 -0.0479 -0.1609, -0.1828 -0.0439 -0.1609, -0.1906 -0.0383 -0.1609, -0.1973 -0.0313 -0.1609, -0.2025 -0.0232 -0.1609, -0.2061 -0.0143 -0.1609, -0.2079 -0.0048 -0.1609, -0.2084 0.0049 -0.1518, -0.2066 0.0144 -0.1518, -0.2029 0.0234 -0.1518, -0.1977 0.0316 -0.1518, -0.191 0.0387 -0.1518, -0.1831 0.0443 -0.1518, -0.1742 0.0483 -0.1518, -0.1648 0.0506 -0.1518, -0.155 0.0511 -0.1518, -0.1454 0.0497 -0.1518, -0.1362 0.0465 -0.1518, -0.1278 0.0417 -0.1518, -0.1205 0.0353 -0.1518, -0.1144 0.0277 -0.1518, -0.11 0.019 -0.1518, -0.1073 0.0097 -0.1518, -0.1063 0.0 -0.1518, -0.1073 -0.0097 -0.1518, -0.11 -0.019 -0.1518, -0.1144 -0.0277 -0.1518, -0.1205 -0.0353 -0.1518, -0.1278 -0.0417 -0.1518, -0.1362 -0.0465 -0.1518, -0.1454 -0.0497 -0.1518, -0.155 -0.0511 -0.1518, -0.1648 -0.0506 -0.1518, -0.1742 -0.0483 -0.1518, -0.1831 -0.0443 -0.1518, -0.191 -0.0387 -0.1518, -0.1977 -0.0316 -0.1518, -0.2029 -0.0234 -0.1518, -0.2066 -0.0144 -0.1518, -0.2084 -0.0049 -0.1518, -0.2073 0.0048 -0.1428, -0.2055 0.0141 -0.1428, -0.202 0.0229 -0.1428, -0.1968 0.0309 -0.1428, -0.1902 0.0378 -0.1428, -0.1825 0.0433 -0.1428, -0.1738 0.0473 -0.1428, -0.1646 0.0495 -0.1428, -0.1551 0.05 -0.1428, -0.1457 0.0486 -0.1428, -0.1367 0.0455 -0.1428, -0.1285 0.0408 -0.1428, -0.1213 0.0345 -0.1428, -0.1154 0.0271 -0.1428, -0.111 0.0186 -0.1428, -0.1083 0.0095 -0.1428, -0.1074 0.0 -0.1428, -0.1083 -0.0095 -0.1428, -0.111 -0.0186 -0.1428, -0.1154 -0.0271 -0.1428, -0.1213 -0.0345 -0.1428, -0.1285 -0.0408 -0.1428, -0.1367 -0.0455 -0.1428, -0.1457 -0.0486 -0.1428, -0.1551 -0.05 -0.1428, -0.1646 -0.0495 -0.1428, -0.1738 -0.0473 -0.1428, -0.1825 -0.0433 -0.1428, -0.1902 -0.0378 -0.1428, -0.1968 -0.0309 -0.1428, -0.202 -0.0229 -0.1428, -0.2055 -0.0141 -0.1428, -0.2073 -0.0048 -0.1428, -0.2046 0.0045 -0.1341, -0.2029 0.0133 -0.1341, -0.1996 0.0217 -0.1341, -0.1947 0.0293 -0.1341, -0.1885 0.0358 -0.1341, -0.1811 0.041 -0.1341, -0.173 0.0447 -0.1341, -0.1642 0.0468 -0.1341, -0.1552 0.0473 -0.1341, -0.1463 0.046 -0.1341, -0.1378 0.0431 -0.1341, -0.13 0.0386 -0.1341, -0.1232 0.0327 -0.1341, -0.1177 0.0256 -0.1341, -0.1135 0.0176 -0.1341, -0.111 0.009 -0.1341, -0.1101 0.0 -0.1341, -0.111 -0.009 -0.1341, -0.1135 -0.0176 -0.1341, -0.1177 -0.0256 -0.1341, -0.1232 -0.0327 -0.1341, -0.13 -0.0386 -0.1341, -0.1378 -0.0431 -0.1341, -0.1463 -0.046 -0.1341, -0.1552 -0.0473 -0.1341, -0.1642 -0.0468 -0.1341, -0.173 -0.0447 -0.1341, -0.1811 -0.041 -0.1341, -0.1885 -0.0358 -0.1341, -0.1947 -0.0293 -0.1341, -0.1996 -0.0217 -0.1341, -0.2029 -0.0133 -0.1341, -0.2046 -0.0045 -0.1341, -0.2004 -0.0041 -0.126, -0.2006 -0.0 -0.126, -0.2004 0.0041 -0.126, -0.1989 0.0122 -0.126, -0.1958 0.0198 -0.126, -0.1914 0.0267 -0.126, -0.1857 0.0326 -0.126, -0.179 0.0373 -0.126, -0.1716 0.0408 -0.126, -0.1636 0.0427 -0.126, -0.1554 0.0431 -0.126, -0.1473 0.0419 -0.126, -0.1396 0.0392 -0.126, -0.1325 0.0351 -0.126, -0.1263 0.0298 -0.126, -0.1212 0.0233 -0.126, -0.1174 0.016 -0.126, -0.1151 0.0082 -0.126, -0.1144 0.0 -0.126, -0.1151 -0.0082 -0.126, -0.1174 -0.016 -0.126, -0.1212 -0.0233 -0.126, -0.1263 -0.0298 -0.126, -0.1325 -0.0351 -0.126, -0.1396 -0.0392 -0.126, -0.1473 -0.0419 -0.126, -0.1554 -0.0431 -0.126, -0.1636 -0.0427 -0.126, -0.1716 -0.0408 -0.126, -0.179 -0.0373 -0.126, -0.1857 -0.0326 -0.126, -0.1914 -0.0267 -0.126, -0.1958 -0.0198 -0.126, -0.1989 -0.0122 -0.126, -0.1575 -0.1575 -0.2047, -0.1484 -0.1575 -0.2039, -0.1486 -0.1592 -0.2039, -0.1498 -0.1624 -0.2039, -0.1509 -0.1637 -0.2039, -0.1491 -0.1609 -0.2039, -0.1537 -0.1657 -0.2039, -0.1553 -0.1663 -0.2039, -0.1522 -0.1649 -0.2039, -0.1588 -0.1665 -0.2039, -0.1604 -0.1661 -0.2039, -0.157 -0.1665 -0.2039, -0.1634 -0.1643 -0.2039, -0.1646 -0.1631 -0.2039, -0.162 -0.1653 -0.2039, -0.1662 -0.16 -0.2039, -0.1665 -0.1583 -0.2039, -0.1655 -0.1616 -0.2039, -0.1655 -0.1533 -0.2039, -0.1646 -0.1519 -0.2039, -0.1662 -0.1549 -0.2039, -0.1665 -0.1566 -0.2039, -0.162 -0.1496 -0.2039, -0.1604 -0.1489 -0.2039, -0.1634 -0.1506 -0.2039, -0.157 -0.1484 -0.2039, -0.1553 -0.1487 -0.2039, -0.1588 -0.1485 -0.2039, -0.1522 -0.1501 -0.2039, -0.1509 -0.1512 -0.2039, -0.1537 -0.1492 -0.2039, -0.1491 -0.1541 -0.2039, -0.1486 -0.1558 -0.2039, -0.1498 -0.1526 -0.2039, -0.1753 -0.1558 -0.2015, -0.1746 -0.1524 -0.2015, -0.1734 -0.1493 -0.2015, -0.1715 -0.1464 -0.2015, -0.1692 -0.144 -0.2015, -0.1664 -0.142 -0.2015, -0.1633 -0.1406 -0.2015, -0.16 -0.1398 -0.2015, -0.1566 -0.1396 -0.2015, -0.1533 -0.1401 -0.2015, -0.1501 -0.1412 -0.2015, -0.1471 -0.1429 -0.2015, -0.1446 -0.1452 -0.2015, -0.1425 -0.1478 -0.2015, -0.1409 -0.1508 -0.2015, -0.1399 -0.1541 -0.2015, -0.1396 -0.1575 -0.2015, -0.1399 -0.1609 -0.2015, -0.1409 -0.1641 -0.2015, -0.1425 -0.1671 -0.2015, -0.1446 -0.1698 -0.2015, -0.1471 -0.172 -0.2015, -0.1501 -0.1737 -0.2015, -0.1533 -0.1748 -0.2015, -0.1566 -0.1753 -0.2015, -0.16 -0.1752 -0.2015, -0.1633 -0.1744 -0.2015, -0.1664 -0.173 -0.2015, -0.1692 -0.171 -0.2015, -0.1715 -0.1685 -0.2015, -0.1734 -0.1657 -0.2015, -0.1746 -0.1625 -0.2015, -0.1753 -0.1592 -0.2015, -0.1835 -0.155 -0.1976, -0.1825 -0.1501 -0.1976, -0.1807 -0.1455 -0.1976, -0.178 -0.1414 -0.1976, -0.1746 -0.1378 -0.1976, -0.1705 -0.1349 -0.1976, -0.166 -0.1328 -0.1976, -0.1612 -0.1317 -0.1976, -0.1562 -0.1314 -0.1976, -0.1513 -0.1321 -0.1976, -0.1466 -0.1338 -0.1976, -0.1423 -0.1362 -0.1976, -0.1386 -0.1395 -0.1976, -0.1355 -0.1434 -0.1976, -0.1333 -0.1478 -0.1976, -0.1319 -0.1525 -0.1976, -0.1314 -0.1575 -0.1976, -0.1319 -0.1624 -0.1976, -0.1333 -0.1672 -0.1976, -0.1355 -0.1716 -0.1976, -0.1386 -0.1755 -0.1976, -0.1423 -0.1787 -0.1976, -0.1466 -0.1812 -0.1976, -0.1513 -0.1828 -0.1976, -0.1562 -0.1835 -0.1976, -0.1612 -0.1833 -0.1976, -0.166 -0.1821 -0.1976, -0.1705 -0.1801 -0.1976, -0.1746 -0.1772 -0.1976, -0.178 -0.1736 -0.1976, -0.1807 -0.1694 -0.1976, -0.1825 -0.1648 -0.1976, -0.1835 -0.16 -0.1976, -0.1908 -0.1543 -0.1923, -0.1896 -0.148 -0.1923, -0.1872 -0.1421 -0.1923, -0.1838 -0.1368 -0.1923, -0.1794 -0.1322 -0.1923, -0.1742 -0.1285 -0.1923, -0.1684 -0.1258 -0.1923, -0.1622 -0.1243 -0.1923, -0.1559 -0.124 -0.1923, -0.1496 -0.1249 -0.1923, -0.1436 -0.127 -0.1923, -0.1381 -0.1302 -0.1923, -0.1332 -0.1344 -0.1923, -0.1293 -0.1394 -0.1923, -0.1264 -0.145 -0.1923, -0.1246 -0.1511 -0.1923, -0.124 -0.1575 -0.1923, -0.1246 -0.1638 -0.1923, -0.1264 -0.1699 -0.1923, -0.1293 -0.1756 -0.1923, -0.1332 -0.1806 -0.1923, -0.1381 -0.1848 -0.1923, -0.1436 -0.1879 -0.1923, -0.1496 -0.19 -0.1923, -0.1559 -0.1909 -0.1923, -0.1622 -0.1906 -0.1923, -0.1684 -0.1891 -0.1923, -0.1742 -0.1865 -0.1923, -0.1794 -0.1828 -0.1923, -0.1838 -0.1782 -0.1923, -0.1872 -0.1728 -0.1923, -0.1896 -0.1669 -0.1923, -0.1908 -0.1607 -0.1923, -0.1971 -0.1537 -0.1857, -0.1957 -0.1463 -0.1857, -0.1929 -0.1392 -0.1857, -0.1888 -0.1329 -0.1857, -0.1836 -0.1274 -0.1857, -0.1774 -0.123 -0.1857, -0.1705 -0.1199 -0.1857, -0.1631 -0.1181 -0.1857, -0.1556 -0.1177 -0.1857, -0.1481 -0.1188 -0.1857, -0.1409 -0.1213 -0.1857, -0.1344 -0.125 -0.1857, -0.1287 -0.13 -0.1857, -0.124 -0.136 -0.1857, -0.1205 -0.1427 -0.1857, -0.1184 -0.1499 -0.1857, -0.1177 -0.1575 -0.1857, -0.1184 -0.165 -0.1857, -0.1205 -0.1723 -0.1857, -0.124 -0.179 -0.1857, -0.1287 -0.185 -0.1857, -0.1344 -0.1899 -0.1857, -0.1409 -0.1937 -0.1857, -0.1481 -0.1962 -0.1857, -0.1556 -0.1973 -0.1857, -0.1631 -0.1969 -0.1857, -0.1705 -0.1951 -0.1857, -0.1774 -0.192 -0.1857, -0.1836 -0.1876 -0.1857, -0.1888 -0.1821 -0.1857, -0.1929 -0.1757 -0.1857, -0.1957 -0.1687 -0.1857, -0.1971 -0.1613 -0.1857, -0.2022 -0.1532 -0.1781, -0.2006 -0.1448 -0.1781, -0.1974 -0.1369 -0.1781, -0.1928 -0.1297 -0.1781, -0.1869 -0.1236 -0.1781, -0.1799 -0.1186 -0.1781, -0.1722 -0.1151 -0.1781, -0.1639 -0.113 -0.1781, -0.1553 -0.1126 -0.1781, -0.1469 -0.1139 -0.1781, -0.1388 -0.1166 -0.1781, -0.1314 -0.1209 -0.1781, -0.125 -0.1265 -0.1781, -0.1197 -0.1332 -0.1781, -0.1158 -0.1408 -0.1781, -0.1134 -0.149 -0.1781, -0.1126 -0.1575 -0.1781, -0.1134 -0.166 -0.1781, -0.1158 -0.1742 -0.1781, -0.1197 -0.1817 -0.1781, -0.125 -0.1885 -0.1781, -0.1314 -0.194 -0.1781, -0.1388 -0.1983 -0.1781, -0.1469 -0.2011 -0.1781, -0.1553 -0.2023 -0.1781, -0.1639 -0.2019 -0.1781, -0.1722 -0.1999 -0.1781, -0.1799 -0.1964 -0.1781, -0.1869 -0.1914 -0.1781, -0.1928 -0.1852 -0.1781, -0.1974 -0.178 -0.1781, -0.2006 -0.1701 -0.1781, -0.2022 -0.1617 -0.1781, -0.2058 -0.1529 -0.1698, -0.2041 -0.1438 -0.1698, -0.2006 -0.1352 -0.1698, -0.1956 -0.1275 -0.1698, -0.1893 -0.1208 -0.1698, -0.1817 -0.1154 -0.1698, -0.1734 -0.1116 -0.1698, -0.1644 -0.1094 -0.1698, -0.1552 -0.109 -0.1698, -0.146 -0.1103 -0.1698, -0.1373 -0.1133 -0.1698, -0.1293 -0.1179 -0.1698, -0.1224 -0.124 -0.1698, -0.1166 -0.1312 -0.1698, -0.1124 -0.1394 -0.1698, -0.1098 -0.1483 -0.1698, -0.1089 -0.1575 -0.1698, -0.1098 -0.1667 -0.1698, -0.1124 -0.1755 -0.1698, -0.1166 -0.1837 -0.1698, -0.1224 -0.191 -0.1698, -0.1293 -0.197 -0.1698, -0.1373 -0.2016 -0.1698, -0.146 -0.2046 -0.1698, -0.1552 -0.206 -0.1698, -0.1644 -0.2055 -0.1698, -0.1734 -0.2033 -0.1698, -0.1817 -0.1995 -0.1698, -0.1893 -0.1942 -0.1698, -0.1956 -0.1875 -0.1698, -0.2006 -0.1797 -0.1698, -0.2041 -0.1712 -0.1698, -0.2058 -0.1621 -0.1698, -0.2079 -0.1527 -0.1609, -0.2061 -0.1432 -0.1609, -0.2025 -0.1343 -0.1609, -0.1973 -0.1262 -0.1609, -0.1906 -0.1192 -0.1609, -0.1828 -0.1136 -0.1609, -0.174 -0.1096 -0.1609, -0.1647 -0.1073 -0.1609, -0.1551 -0.1069 -0.1609, -0.1455 -0.1083 -0.1609, -0.1364 -0.1114 -0.1609, -0.1281 -0.1162 -0.1609, -0.1208 -0.1225 -0.1609, -0.1149 -0.1301 -0.1609, -0.1105 -0.1387 -0.1609, -0.1077 -0.1479 -0.1609, -0.1068 -0.1575 -0.1609, -0.1077 -0.1671 -0.1609, -0.1105 -0.1763 -0.1609, -0.1149 -0.1849 -0.1609, -0.1208 -0.1924 -0.1609, -0.1281 -0.1987 -0.1609, -0.1364 -0.2036 -0.1609, -0.1455 -0.2067 -0.1609, -0.1551 -0.2081 -0.1609, -0.1647 -0.2076 -0.1609, -0.174 -0.2053 -0.1609, -0.1828 -0.2013 -0.1609, -0.1906 -0.1958 -0.1609, -0.1973 -0.1888 -0.1609, -0.2025 -0.1807 -0.1609, -0.2061 -0.1717 -0.1609, -0.2079 -0.1623 -0.1609, -0.2084 -0.1526 -0.1518, -0.2066 -0.1431 -0.1518, -0.2029 -0.134 -0.1518, -0.1977 -0.1259 -0.1518, -0.191 -0.1188 -0.1518, -0.1831 -0.1132 -0.1518, -0.1742 -0.1091 -0.1518, -0.1648 -0.1068 -0.1518, -0.155 -0.1064 -0.1518, -0.1454 -0.1078 -0.1518, -0.1362 -0.111 -0.1518, -0.1278 -0.1158 -0.1518, -0.1205 -0.1222 -0.1518, -0.1144 -0.1298 -0.1518, -0.11 -0.1385 -0.1518, -0.1073 -0.1478 -0.1518, -0.1063 -0.1575 -0.1518, -0.1073 -0.1672 -0.1518, -0.11 -0.1765 -0.1518, -0.1144 -0.1851 -0.1518, -0.1205 -0.1928 -0.1518, -0.1278 -0.1991 -0.1518, -0.1362 -0.204 -0.1518, -0.1454 -0.2072 -0.1518, -0.155 -0.2086 -0.1518, -0.1648 -0.2081 -0.1518, -0.1742 -0.2058 -0.1518, -0.1831 -0.2018 -0.1518, -0.191 -0.1961 -0.1518, -0.1977 -0.1891 -0.1518, -0.2029 -0.1809 -0.1518, -0.2066 -0.1719 -0.1518, -0.2084 -0.1623 -0.1518, -0.2073 -0.1527 -0.1428, -0.2055 -0.1434 -0.1428, -0.202 -0.1346 -0.1428, -0.1968 -0.1266 -0.1428, -0.1902 -0.1197 -0.1428, -0.1825 -0.1141 -0.1428, -0.1738 -0.1102 -0.1428, -0.1646 -0.108 -0.1428, -0.1551 -0.1075 -0.1428, -0.1457 -0.1089 -0.1428, -0.1367 -0.112 -0.1428, -0.1285 -0.1167 -0.1428, -0.1213 -0.123 -0.1428, -0.1154 -0.1304 -0.1428, -0.111 -0.1389 -0.1428, -0.1083 -0.148 -0.1428, -0.1074 -0.1575 -0.1428, -0.1083 -0.1669 -0.1428, -0.111 -0.1761 -0.1428, -0.1154 -0.1845 -0.1428, -0.1213 -0.192 -0.1428, -0.1285 -0.1982 -0.1428, -0.1367 -0.203 -0.1428, -0.1457 -0.2061 -0.1428, -0.1551 -0.2075 -0.1428, -0.1646 -0.207 -0.1428, -0.1738 -0.2048 -0.1428, -0.1825 -0.2008 -0.1428, -0.1902 -0.1953 -0.1428, -0.1968 -0.1884 -0.1428, -0.202 -0.1804 -0.1428, -0.2055 -0.1716 -0.1428, -0.2073 -0.1622 -0.1428, -0.2046 -0.153 -0.1341, -0.2029 -0.1441 -0.1341, -0.1996 -0.1358 -0.1341, -0.1947 -0.1282 -0.1341, -0.1885 -0.1217 -0.1341, -0.1811 -0.1165 -0.1341, -0.173 -0.1128 -0.1341, -0.1642 -0.1106 -0.1341, -0.1552 -0.1102 -0.1341, -0.1463 -0.1115 -0.1341, -0.1378 -0.1144 -0.1341, -0.13 -0.1189 -0.1341, -0.1232 -0.1248 -0.1341, -0.1177 -0.1319 -0.1341, -0.1135 -0.1399 -0.1341, -0.111 -0.1485 -0.1341, -0.1101 -0.1575 -0.1341, -0.111 -0.1664 -0.1341, -0.1135 -0.1751 -0.1341, -0.1177 -0.1831 -0.1341, -0.1232 -0.1901 -0.1341, -0.13 -0.196 -0.1341, -0.1378 -0.2005 -0.1341, -0.1463 -0.2035 -0.1341, -0.1552 -0.2048 -0.1341, -0.1642 -0.2043 -0.1341, -0.173 -0.2022 -0.1341, -0.1811 -0.1985 -0.1341, -0.1885 -0.1933 -0.1341, -0.1947 -0.1867 -0.1341, -0.1996 -0.1792 -0.1341, -0.2029 -0.1708 -0.1341, -0.2046 -0.162 -0.1341, -0.2004 -0.1616 -0.126, -0.2006 -0.1575 -0.126, -0.2004 -0.1534 -0.126, -0.1989 -0.1453 -0.126, -0.1958 -0.1377 -0.126, -0.1914 -0.1308 -0.126, -0.1857 -0.1249 -0.126, -0.179 -0.1201 -0.126, -0.1716 -0.1167 -0.126, -0.1636 -0.1148 -0.126, -0.1554 -0.1144 -0.126, -0.1473 -0.1156 -0.126, -0.1396 -0.1182 -0.126, -0.1325 -0.1223 -0.126, -0.1263 -0.1277 -0.126, -0.1212 -0.1342 -0.126, -0.1174 -0.1415 -0.126, -0.1151 -0.1493 -0.126, -0.1144 -0.1575 -0.126, -0.1151 -0.1656 -0.126, -0.1174 -0.1735 -0.126, -0.1212 -0.1808 -0.126, -0.1263 -0.1872 -0.126, -0.1325 -0.1926 -0.126, -0.1396 -0.1967 -0.126, -0.1473 -0.1994 -0.126, -0.1554 -0.2006 -0.126, -0.1636 -0.2002 -0.126, -0.1716 -0.1982 -0.126, -0.179 -0.1948 -0.126, -0.1857 -0.1901 -0.126, -0.1914 -0.1841 -0.126, -0.1958 -0.1772 -0.126, -0.1989 -0.1696 -0.126, -0.0 0.1575 -0.2047, 0.0091 0.1575 -0.2039, 0.0089 0.1558 -0.2039, 0.0076 0.1526 -0.2039, 0.0066 0.1512 -0.2039, 0.0084 0.1541 -0.2039, 0.0038 0.1492 -0.2039, 0.0021 0.1487 -0.2039, 0.0053 0.1501 -0.2039, -0.0013 0.1485 -0.2039, -0.003 0.1489 -0.2039, 0.0004 0.1484 -0.2039, -0.0059 0.1506 -0.2039, -0.0071 0.1519 -0.2039, -0.0045 0.1496 -0.2039, -0.0087 0.1549 -0.2039, -0.009 0.1566 -0.2039, -0.0081 0.1533 -0.2039, -0.0081 0.1616 -0.2039, -0.0071 0.1631 -0.2039, -0.0087 0.16 -0.2039, -0.009 0.1583 -0.2039, -0.0045 0.1653 -0.2039, -0.003 0.1661 -0.2039, -0.0059 0.1643 -0.2039, 0.0004 0.1665 -0.2039, 0.0021 0.1663 -0.2039, -0.0013 0.1665 -0.2039, 0.0053 0.1649 -0.2039, 0.0066 0.1637 -0.2039, 0.0038 0.1657 -0.2039, 0.0084 0.1609 -0.2039, 0.0089 0.1592 -0.2039, 0.0076 0.1624 -0.2039, -0.0178 0.1592 -0.2015, -0.0171 0.1625 -0.2015, -0.0159 0.1657 -0.2015, -0.014 0.1685 -0.2015, -0.0117 0.171 -0.2015, -0.0089 0.173 -0.2015, -0.0058 0.1744 -0.2015, -0.0025 0.1752 -0.2015, 0.0008 0.1753 -0.2015, 0.0042 0.1748 -0.2015, 0.0074 0.1737 -0.2015, 0.0104 0.172 -0.2015, 0.0129 0.1698 -0.2015, 0.015 0.1671 -0.2015, 0.0166 0.1641 -0.2015, 0.0175 0.1609 -0.2015, 0.0179 0.1575 -0.2015, 0.0175 0.1541 -0.2015, 0.0166 0.1508 -0.2015, 0.015 0.1478 -0.2015, 0.0129 0.1452 -0.2015, 0.0104 0.1429 -0.2015, 0.0074 0.1412 -0.2015, 0.0042 0.1401 -0.2015, 0.0008 0.1396 -0.2015, -0.0025 0.1398 -0.2015, -0.0058 0.1406 -0.2015, -0.0089 0.142 -0.2015, -0.0117 0.144 -0.2015, -0.014 0.1464 -0.2015, -0.0159 0.1493 -0.2015, -0.0171 0.1524 -0.2015, -0.0178 0.1558 -0.2015, -0.026 0.16 -0.1976, -0.025 0.1648 -0.1976, -0.0232 0.1694 -0.1976, -0.0205 0.1736 -0.1976, -0.0171 0.1772 -0.1976, -0.013 0.1801 -0.1976, -0.0085 0.1821 -0.1976, -0.0037 0.1833 -0.1976, 0.0012 0.1835 -0.1976, 0.0062 0.1828 -0.1976, 0.0108 0.1812 -0.1976, 0.0151 0.1787 -0.1976, 0.0189 0.1755 -0.1976, 0.0219 0.1716 -0.1976, 0.0242 0.1672 -0.1976, 0.0256 0.1624 -0.1976, 0.0261 0.1575 -0.1976, 0.0256 0.1525 -0.1976, 0.0242 0.1478 -0.1976, 0.0219 0.1434 -0.1976, 0.0189 0.1395 -0.1976, 0.0151 0.1362 -0.1976, 0.0108 0.1338 -0.1976, 0.0062 0.1321 -0.1976, 0.0012 0.1314 -0.1976, -0.0037 0.1317 -0.1976, -0.0085 0.1328 -0.1976, -0.013 0.1349 -0.1976, -0.0171 0.1378 -0.1976, -0.0205 0.1414 -0.1976, -0.0232 0.1455 -0.1976, -0.025 0.1501 -0.1976, -0.026 0.155 -0.1976, -0.0333 0.1607 -0.1923, -0.0321 0.1669 -0.1923, -0.0298 0.1728 -0.1923, -0.0263 0.1782 -0.1923, -0.0219 0.1828 -0.1923, -0.0167 0.1865 -0.1923, -0.011 0.1891 -0.1923, -0.0048 0.1906 -0.1923, 0.0016 0.1909 -0.1923, 0.0079 0.19 -0.1923, 0.0139 0.1879 -0.1923, 0.0194 0.1848 -0.1923, 0.0242 0.1806 -0.1923, 0.0282 0.1756 -0.1923, 0.0311 0.1699 -0.1923, 0.0329 0.1638 -0.1923, 0.0335 0.1575 -0.1923, 0.0329 0.1511 -0.1923, 0.0311 0.145 -0.1923, 0.0282 0.1394 -0.1923, 0.0242 0.1344 -0.1923, 0.0194 0.1302 -0.1923, 0.0139 0.127 -0.1923, 0.0079 0.1249 -0.1923, 0.0016 0.124 -0.1923, -0.0048 0.1243 -0.1923, -0.011 0.1258 -0.1923, -0.0167 0.1285 -0.1923, -0.0219 0.1322 -0.1923, -0.0263 0.1368 -0.1923, -0.0298 0.1421 -0.1923, -0.0321 0.148 -0.1923, -0.0333 0.1543 -0.1923, -0.0396 0.1613 -0.1857, -0.0382 0.1687 -0.1857, -0.0354 0.1757 -0.1857, -0.0313 0.1821 -0.1857, -0.0261 0.1876 -0.1857, -0.0199 0.192 -0.1857, -0.013 0.1951 -0.1857, -0.0057 0.1969 -0.1857, 0.0019 0.1973 -0.1857, 0.0094 0.1962 -0.1857, 0.0165 0.1937 -0.1857, 0.0231 0.1899 -0.1857, 0.0288 0.185 -0.1857, 0.0335 0.179 -0.1857, 0.037 0.1723 -0.1857, 0.0391 0.165 -0.1857, 0.0398 0.1575 -0.1857, 0.0391 0.1499 -0.1857, 0.037 0.1427 -0.1857, 0.0335 0.136 -0.1857, 0.0288 0.13 -0.1857, 0.0231 0.125 -0.1857, 0.0165 0.1213 -0.1857, 0.0094 0.1188 -0.1857, 0.0019 0.1177 -0.1857, -0.0057 0.1181 -0.1857, -0.013 0.1199 -0.1857, -0.0199 0.123 -0.1857, -0.0261 0.1274 -0.1857, -0.0313 0.1329 -0.1857, -0.0354 0.1392 -0.1857, -0.0382 0.1463 -0.1857, -0.0396 0.1537 -0.1857, -0.0447 0.1617 -0.1781, -0.0431 0.1701 -0.1781, -0.0399 0.178 -0.1781, -0.0353 0.1852 -0.1781, -0.0294 0.1914 -0.1781, -0.0224 0.1964 -0.1781, -0.0147 0.1999 -0.1781, -0.0064 0.2019 -0.1781, 0.0021 0.2023 -0.1781, 0.0106 0.2011 -0.1781, 0.0186 0.1983 -0.1781, 0.026 0.194 -0.1781, 0.0325 0.1885 -0.1781, 0.0378 0.1817 -0.1781, 0.0417 0.1742 -0.1781, 0.0441 0.166 -0.1781, 0.0449 0.1575 -0.1781, 0.0441 0.149 -0.1781, 0.0417 0.1408 -0.1781, 0.0378 0.1332 -0.1781, 0.0325 0.1265 -0.1781, 0.026 0.1209 -0.1781, 0.0186 0.1166 -0.1781, 0.0106 0.1139 -0.1781, 0.0021 0.1126 -0.1781, -0.0064 0.113 -0.1781, -0.0147 0.1151 -0.1781, -0.0224 0.1186 -0.1781, -0.0294 0.1236 -0.1781, -0.0353 0.1297 -0.1781, -0.0399 0.1369 -0.1781, -0.0431 0.1448 -0.1781, -0.0447 0.1532 -0.1781, -0.0483 0.1621 -0.1698, -0.0466 0.1712 -0.1698, -0.0431 0.1797 -0.1698, -0.0382 0.1875 -0.1698, -0.0318 0.1942 -0.1698, -0.0243 0.1995 -0.1698, -0.0159 0.2033 -0.1698, -0.0069 0.2055 -0.1698, 0.0023 0.206 -0.1698, 0.0114 0.2046 -0.1698, 0.0202 0.2016 -0.1698, 0.0282 0.197 -0.1698, 0.0351 0.191 -0.1698, 0.0408 0.1837 -0.1698, 0.0451 0.1755 -0.1698, 0.0477 0.1667 -0.1698, 0.0485 0.1575 -0.1698, 0.0477 0.1483 -0.1698, 0.0451 0.1394 -0.1698, 0.0408 0.1312 -0.1698, 0.0351 0.124 -0.1698, 0.0282 0.1179 -0.1698, 0.0202 0.1133 -0.1698, 0.0114 0.1103 -0.1698, 0.0023 0.109 -0.1698, -0.0069 0.1094 -0.1698, -0.0159 0.1116 -0.1698, -0.0243 0.1154 -0.1698, -0.0318 0.1208 -0.1698, -0.0382 0.1275 -0.1698, -0.0431 0.1352 -0.1698, -0.0466 0.1438 -0.1698, -0.0483 0.1529 -0.1698, -0.0504 0.1623 -0.1609, -0.0486 0.1717 -0.1609, -0.045 0.1807 -0.1609, -0.0398 0.1888 -0.1609, -0.0332 0.1958 -0.1609, -0.0253 0.2013 -0.1609, -0.0166 0.2053 -0.1609, -0.0072 0.2076 -0.1609, 0.0024 0.2081 -0.1609, 0.0119 0.2067 -0.1609, 0.021 0.2036 -0.1609, 0.0294 0.1987 -0.1609, 0.0367 0.1924 -0.1609, 0.0426 0.1849 -0.1609, 0.047 0.1763 -0.1609, 0.0497 0.1671 -0.1609, 0.0506 0.1575 -0.1609, 0.0497 0.1479 -0.1609, 0.047 0.1387 -0.1609, 0.0426 0.1301 -0.1609, 0.0367 0.1225 -0.1609, 0.0294 0.1162 -0.1609, 0.021 0.1114 -0.1609, 0.0119 0.1083 -0.1609, 0.0024 0.1069 -0.1609, -0.0072 0.1073 -0.1609, -0.0166 0.1096 -0.1609, -0.0253 0.1136 -0.1609, -0.0332 0.1192 -0.1609, -0.0398 0.1262 -0.1609, -0.045 0.1343 -0.1609, -0.0486 0.1432 -0.1609, -0.0504 0.1527 -0.1609, -0.0509 0.1623 -0.1518, -0.0491 0.1719 -0.1518, -0.0455 0.1809 -0.1518, -0.0402 0.1891 -0.1518, -0.0335 0.1961 -0.1518, -0.0256 0.2018 -0.1518, -0.0167 0.2058 -0.1518, -0.0073 0.2081 -0.1518, 0.0024 0.2086 -0.1518, 0.0121 0.2072 -0.1518, 0.0212 0.204 -0.1518, 0.0297 0.1991 -0.1518, 0.037 0.1928 -0.1518, 0.043 0.1851 -0.1518, 0.0475 0.1765 -0.1518, 0.0502 0.1672 -0.1518, 0.0512 0.1575 -0.1518, 0.0502 0.1478 -0.1518, 0.0475 0.1385 -0.1518, 0.043 0.1298 -0.1518, 0.037 0.1222 -0.1518, 0.0297 0.1158 -0.1518, 0.0212 0.111 -0.1518, 0.0121 0.1078 -0.1518, 0.0024 0.1064 -0.1518, -0.0073 0.1068 -0.1518, -0.0167 0.1091 -0.1518, -0.0256 0.1132 -0.1518, -0.0335 0.1188 -0.1518, -0.0402 0.1259 -0.1518, -0.0455 0.134 -0.1518, -0.0491 0.1431 -0.1518, -0.0509 0.1526 -0.1518, -0.0498 0.1622 -0.1428, -0.048 0.1716 -0.1428, -0.0445 0.1804 -0.1428, -0.0393 0.1884 -0.1428, -0.0328 0.1953 -0.1428, -0.025 0.2008 -0.1428, -0.0164 0.2048 -0.1428, -0.0071 0.207 -0.1428, 0.0024 0.2075 -0.1428, 0.0118 0.2061 -0.1428, 0.0208 0.203 -0.1428, 0.029 0.1982 -0.1428, 0.0362 0.192 -0.1428, 0.0421 0.1845 -0.1428, 0.0465 0.1761 -0.1428, 0.0491 0.1669 -0.1428, 0.05 0.1575 -0.1428, 0.0491 0.148 -0.1428, 0.0465 0.1389 -0.1428, 0.0421 0.1304 -0.1428, 0.0362 0.123 -0.1428, 0.029 0.1167 -0.1428, 0.0208 0.112 -0.1428, 0.0118 0.1089 -0.1428, 0.0024 0.1075 -0.1428, -0.0071 0.108 -0.1428, -0.0164 0.1102 -0.1428, -0.025 0.1141 -0.1428, -0.0328 0.1197 -0.1428, -0.0393 0.1266 -0.1428, -0.0445 0.1346 -0.1428, -0.048 0.1434 -0.1428, -0.0498 0.1527 -0.1428, -0.0471 0.162 -0.1341, -0.0454 0.1708 -0.1341, -0.0421 0.1792 -0.1341, -0.0372 0.1867 -0.1341, -0.031 0.1933 -0.1341, -0.0237 0.1985 -0.1341, -0.0155 0.2022 -0.1341, -0.0067 0.2043 -0.1341, 0.0023 0.2048 -0.1341, 0.0112 0.2035 -0.1341, 0.0197 0.2005 -0.1341, 0.0275 0.196 -0.1341, 0.0343 0.1901 -0.1341, 0.0398 0.1831 -0.1341, 0.0439 0.1751 -0.1341, 0.0465 0.1664 -0.1341, 0.0473 0.1575 -0.1341, 0.0465 0.1485 -0.1341, 0.0439 0.1399 -0.1341, 0.0398 0.1319 -0.1341, 0.0343 0.1248 -0.1341, 0.0275 0.1189 -0.1341, 0.0197 0.1144 -0.1341, 0.0112 0.1115 -0.1341, 0.0023 0.1102 -0.1341, -0.0067 0.1106 -0.1341, -0.0155 0.1128 -0.1341, -0.0237 0.1165 -0.1341, -0.031 0.1217 -0.1341, -0.0372 0.1282 -0.1341, -0.0421 0.1358 -0.1341, -0.0454 0.1441 -0.1341, -0.0471 0.153 -0.1341, -0.0429 0.1534 -0.126, -0.0431 0.1575 -0.126, -0.0429 0.1616 -0.126, -0.0414 0.1696 -0.126, -0.0383 0.1772 -0.126, -0.0339 0.1841 -0.126, -0.0282 0.1901 -0.126, -0.0216 0.1948 -0.126, -0.0141 0.1982 -0.126, -0.0061 0.2002 -0.126, 0.0021 0.2006 -0.126, 0.0102 0.1994 -0.126, 0.0179 0.1967 -0.126, 0.025 0.1926 -0.126, 0.0312 0.1872 -0.126, 0.0363 0.1808 -0.126, 0.04 0.1735 -0.126, 0.0423 0.1656 -0.126, 0.0431 0.1575 -0.126, 0.0423 0.1493 -0.126, 0.04 0.1415 -0.126, 0.0363 0.1342 -0.126, 0.0312 0.1277 -0.126, 0.025 0.1223 -0.126, 0.0179 0.1182 -0.126, 0.0102 0.1156 -0.126, 0.0021 0.1144 -0.126, -0.0061 0.1148 -0.126, -0.0141 0.1167 -0.126, -0.0216 0.1201 -0.126, -0.0282 0.1249 -0.126, -0.0339 0.1308 -0.126, -0.0383 0.1377 -0.126, -0.0414 0.1453 -0.126, -0.0 0.0 -0.2047, 0.0091 0.0 -0.2039, 0.0089 -0.0017 -0.2039, 0.0076 -0.0049 -0.2039, 0.0066 -0.0063 -0.2039, 0.0084 -0.0034 -0.2039, 0.0038 -0.0083 -0.2039, 0.0021 -0.0088 -0.2039, 0.0053 -0.0074 -0.2039, -0.0013 -0.009 -0.2039, -0.003 -0.0086 -0.2039, 0.0004 -0.0091 -0.2039, -0.0059 -0.0069 -0.2039, -0.0071 -0.0056 -0.2039, -0.0045 -0.0079 -0.2039, -0.0087 -0.0026 -0.2039, -0.009 -0.0009 -0.2039, -0.0081 -0.0042 -0.2039, -0.0081 0.0042 -0.2039, -0.0071 0.0056 -0.2039, -0.0087 0.0026 -0.2039, -0.009 0.0009 -0.2039, -0.0045 0.0079 -0.2039, -0.003 0.0086 -0.2039, -0.0059 0.0069 -0.2039, 0.0004 0.0091 -0.2039, 0.0021 0.0088 -0.2039, -0.0013 0.009 -0.2039, 0.0053 0.0074 -0.2039, 0.0066 0.0063 -0.2039, 0.0038 0.0083 -0.2039, 0.0084 0.0034 -0.2039, 0.0089 0.0017 -0.2039, 0.0076 0.0049 -0.2039, -0.0178 0.0017 -0.2015, -0.0171 0.005 -0.2015, -0.0159 0.0082 -0.2015, -0.014 0.011 -0.2015, -0.0117 0.0135 -0.2015, -0.0089 0.0155 -0.2015, -0.0058 0.0169 -0.2015, -0.0025 0.0177 -0.2015, 0.0008 0.0178 -0.2015, 0.0042 0.0174 -0.2015, 0.0074 0.0163 -0.2015, 0.0104 0.0146 -0.2015, 0.0129 0.0123 -0.2015, 0.015 0.0097 -0.2015, 0.0166 0.0066 -0.2015, 0.0175 0.0034 -0.2015, 0.0179 0.0 -0.2015, 0.0175 -0.0034 -0.2015, 0.0166 -0.0066 -0.2015, 0.015 -0.0097 -0.2015, 0.0129 -0.0123 -0.2015, 0.0104 -0.0146 -0.2015, 0.0074 -0.0163 -0.2015, 0.0042 -0.0174 -0.2015, 0.0008 -0.0178 -0.2015, -0.0025 -0.0177 -0.2015, -0.0058 -0.0169 -0.2015, -0.0089 -0.0155 -0.2015, -0.0117 -0.0135 -0.2015, -0.014 -0.011 -0.2015, -0.0159 -0.0082 -0.2015, -0.0171 -0.005 -0.2015, -0.0178 -0.0017 -0.2015, -0.026 0.0025 -0.1976, -0.025 0.0073 -0.1976, -0.0232 0.012 -0.1976, -0.0205 0.0161 -0.1976, -0.0171 0.0197 -0.1976, -0.013 0.0226 -0.1976, -0.0085 0.0247 -0.1976, -0.0037 0.0258 -0.1976, 0.0012 0.0261 -0.1976, 0.0062 0.0254 -0.1976, 0.0108 0.0237 -0.1976, 0.0151 0.0213 -0.1976, 0.0189 0.018 -0.1976, 0.0219 0.0141 -0.1976, 0.0242 0.0097 -0.1976, 0.0256 0.0049 -0.1976, 0.0261 0.0 -0.1976, 0.0256 -0.0049 -0.1976, 0.0242 -0.0097 -0.1976, 0.0219 -0.0141 -0.1976, 0.0189 -0.018 -0.1976, 0.0151 -0.0213 -0.1976, 0.0108 -0.0237 -0.1976, 0.0062 -0.0254 -0.1976, 0.0012 -0.0261 -0.1976, -0.0037 -0.0258 -0.1976, -0.0085 -0.0247 -0.1976, -0.013 -0.0226 -0.1976, -0.0171 -0.0197 -0.1976, -0.0205 -0.0161 -0.1976, -0.0232 -0.012 -0.1976, -0.025 -0.0073 -0.1976, -0.026 -0.0025 -0.1976, -0.0333 0.0032 -0.1923, -0.0321 0.0094 -0.1923, -0.0298 0.0153 -0.1923, -0.0263 0.0207 -0.1923, -0.0219 0.0253 -0.1923, -0.0167 0.029 -0.1923, -0.011 0.0316 -0.1923, -0.0048 0.0331 -0.1923, 0.0016 0.0334 -0.1923, 0.0079 0.0325 -0.1923, 0.0139 0.0305 -0.1923, 0.0194 0.0273 -0.1923, 0.0242 0.0231 -0.1923, 0.0282 0.0181 -0.1923, 0.0311 0.0124 -0.1923, 0.0329 0.0063 -0.1923, 0.0335 0.0 -0.1923, 0.0329 -0.0063 -0.1923, 0.0311 -0.0124 -0.1923, 0.0282 -0.0181 -0.1923, 0.0242 -0.0231 -0.1923, 0.0194 -0.0273 -0.1923, 0.0139 -0.0305 -0.1923, 0.0079 -0.0325 -0.1923, 0.0016 -0.0334 -0.1923, -0.0048 -0.0331 -0.1923, -0.011 -0.0316 -0.1923, -0.0167 -0.029 -0.1923, -0.0219 -0.0253 -0.1923, -0.0263 -0.0207 -0.1923, -0.0298 -0.0153 -0.1923, -0.0321 -0.0094 -0.1923, -0.0333 -0.0032 -0.1923, -0.0396 0.0038 -0.1857, -0.0382 0.0112 -0.1857, -0.0354 0.0182 -0.1857, -0.0313 0.0246 -0.1857, -0.0261 0.0301 -0.1857, -0.0199 0.0345 -0.1857, -0.013 0.0376 -0.1857, -0.0057 0.0394 -0.1857, 0.0019 0.0398 -0.1857, 0.0094 0.0387 -0.1857, 0.0165 0.0362 -0.1857, 0.0231 0.0324 -0.1857, 0.0288 0.0275 -0.1857, 0.0335 0.0215 -0.1857, 0.037 0.0148 -0.1857, 0.0391 0.0075 -0.1857, 0.0398 0.0 -0.1857, 0.0391 -0.0075 -0.1857, 0.037 -0.0148 -0.1857, 0.0335 -0.0215 -0.1857, 0.0288 -0.0275 -0.1857, 0.0231 -0.0324 -0.1857, 0.0165 -0.0362 -0.1857, 0.0094 -0.0387 -0.1857, 0.0019 -0.0398 -0.1857, -0.0057 -0.0394 -0.1857, -0.013 -0.0376 -0.1857, -0.0199 -0.0345 -0.1857, -0.0261 -0.0301 -0.1857, -0.0313 -0.0246 -0.1857, -0.0354 -0.0182 -0.1857, -0.0382 -0.0112 -0.1857, -0.0396 -0.0038 -0.1857, -0.0447 0.0043 -0.1781, -0.0431 0.0126 -0.1781, -0.0399 0.0206 -0.1781, -0.0353 0.0277 -0.1781, -0.0294 0.0339 -0.1781, -0.0224 0.0389 -0.1781, -0.0147 0.0424 -0.1781, -0.0064 0.0444 -0.1781, 0.0021 0.0448 -0.1781, 0.0106 0.0436 -0.1781, 0.0186 0.0408 -0.1781, 0.026 0.0366 -0.1781, 0.0325 0.031 -0.1781, 0.0378 0.0243 -0.1781, 0.0417 0.0167 -0.1781, 0.0441 0.0085 -0.1781, 0.0449 0.0 -0.1781, 0.0441 -0.0085 -0.1781, 0.0417 -0.0167 -0.1781, 0.0378 -0.0243 -0.1781, 0.0325 -0.031 -0.1781, 0.026 -0.0366 -0.1781, 0.0186 -0.0408 -0.1781, 0.0106 -0.0436 -0.1781, 0.0021 -0.0448 -0.1781, -0.0064 -0.0444 -0.1781, -0.0147 -0.0424 -0.1781, -0.0224 -0.0389 -0.1781, -0.0294 -0.0339 -0.1781, -0.0353 -0.0277 -0.1781, -0.0399 -0.0206 -0.1781, -0.0431 -0.0126 -0.1781, -0.0447 -0.0043 -0.1781, -0.0483 0.0046 -0.1698, -0.0466 0.0137 -0.1698, -0.0431 0.0222 -0.1698, -0.0382 0.03 -0.1698, -0.0318 0.0367 -0.1698, -0.0243 0.042 -0.1698, -0.0159 0.0459 -0.1698, -0.0069 0.048 -0.1698, 0.0023 0.0485 -0.1698, 0.0114 0.0472 -0.1698, 0.0202 0.0442 -0.1698, 0.0282 0.0395 -0.1698, 0.0351 0.0335 -0.1698, 0.0408 0.0262 -0.1698, 0.0451 0.018 -0.1698, 0.0477 0.0092 -0.1698, 0.0485 0.0 -0.1698, 0.0477 -0.0092 -0.1698, 0.0451 -0.018 -0.1698, 0.0408 -0.0262 -0.1698, 0.0351 -0.0335 -0.1698, 0.0282 -0.0395 -0.1698, 0.0202 -0.0442 -0.1698, 0.0114 -0.0472 -0.1698, 0.0023 -0.0485 -0.1698, -0.0069 -0.048 -0.1698, -0.0159 -0.0459 -0.1698, -0.0243 -0.042 -0.1698, -0.0318 -0.0367 -0.1698, -0.0382 -0.03 -0.1698, -0.0431 -0.0222 -0.1698, -0.0466 -0.0137 -0.1698, -0.0483 -0.0046 -0.1698, -0.0504 0.0048 -0.1609, -0.0486 0.0143 -0.1609, -0.045 0.0232 -0.1609, -0.0398 0.0313 -0.1609, -0.0332 0.0383 -0.1609, -0.0253 0.0439 -0.1609, -0.0166 0.0479 -0.1609, -0.0072 0.0501 -0.1609, 0.0024 0.0506 -0.1609, 0.0119 0.0492 -0.1609, 0.021 0.0461 -0.1609, 0.0294 0.0413 -0.1609, 0.0367 0.035 -0.1609, 0.0426 0.0274 -0.1609, 0.047 0.0188 -0.1609, 0.0497 0.0096 -0.1609, 0.0506 0.0 -0.1609, 0.0497 -0.0096 -0.1609, 0.047 -0.0188 -0.1609, 0.0426 -0.0274 -0.1609, 0.0367 -0.035 -0.1609, 0.0294 -0.0413 -0.1609, 0.021 -0.0461 -0.1609, 0.0119 -0.0492 -0.1609, 0.0024 -0.0506 -0.1609, -0.0072 -0.0501 -0.1609, -0.0166 -0.0479 -0.1609, -0.0253 -0.0439 -0.1609, -0.0332 -0.0383 -0.1609, -0.0398 -0.0313 -0.1609, -0.045 -0.0232 -0.1609, -0.0486 -0.0143 -0.1609, -0.0504 -0.0048 -0.1609, -0.0509 0.0049 -0.1518, -0.0491 0.0144 -0.1518, -0.0455 0.0234 -0.1518, -0.0402 0.0316 -0.1518, -0.0335 0.0387 -0.1518, -0.0256 0.0443 -0.1518, -0.0167 0.0483 -0.1518, -0.0073 0.0506 -0.1518, 0.0024 0.0511 -0.1518, 0.0121 0.0497 -0.1518, 0.0212 0.0465 -0.1518, 0.0297 0.0417 -0.1518, 0.037 0.0353 -0.1518, 0.043 0.0277 -0.1518, 0.0475 0.019 -0.1518, 0.0502 0.0097 -0.1518, 0.0512 0.0 -0.1518, 0.0502 -0.0097 -0.1518, 0.0475 -0.019 -0.1518, 0.043 -0.0277 -0.1518, 0.037 -0.0353 -0.1518, 0.0297 -0.0417 -0.1518, 0.0212 -0.0465 -0.1518, 0.0121 -0.0497 -0.1518, 0.0024 -0.0511 -0.1518, -0.0073 -0.0506 -0.1518, -0.0167 -0.0483 -0.1518, -0.0256 -0.0443 -0.1518, -0.0335 -0.0387 -0.1518, -0.0402 -0.0316 -0.1518, -0.0455 -0.0234 -0.1518, -0.0491 -0.0144 -0.1518, -0.0509 -0.0049 -0.1518, -0.0498 0.0048 -0.1428, -0.048 0.0141 -0.1428, -0.0445 0.0229 -0.1428, -0.0393 0.0309 -0.1428, -0.0328 0.0378 -0.1428, -0.025 0.0433 -0.1428, -0.0164 0.0473 -0.1428, -0.0071 0.0495 -0.1428, 0.0024 0.05 -0.1428, 0.0118 0.0486 -0.1428, 0.0208 0.0455 -0.1428, 0.029 0.0408 -0.1428, 0.0362 0.0345 -0.1428, 0.0421 0.0271 -0.1428, 0.0465 0.0186 -0.1428, 0.0491 0.0095 -0.1428, 0.05 0.0 -0.1428, 0.0491 -0.0095 -0.1428, 0.0465 -0.0186 -0.1428, 0.0421 -0.0271 -0.1428, 0.0362 -0.0345 -0.1428, 0.029 -0.0408 -0.1428, 0.0208 -0.0455 -0.1428, 0.0118 -0.0486 -0.1428, 0.0024 -0.05 -0.1428, -0.0071 -0.0495 -0.1428, -0.0164 -0.0473 -0.1428, -0.025 -0.0433 -0.1428, -0.0328 -0.0378 -0.1428, -0.0393 -0.0309 -0.1428, -0.0445 -0.0229 -0.1428, -0.048 -0.0141 -0.1428, -0.0498 -0.0048 -0.1428, -0.0471 0.0045 -0.1341, -0.0454 0.0133 -0.1341, -0.0421 0.0217 -0.1341, -0.0372 0.0293 -0.1341, -0.031 0.0358 -0.1341, -0.0237 0.041 -0.1341, -0.0155 0.0447 -0.1341, -0.0067 0.0468 -0.1341, 0.0023 0.0473 -0.1341, 0.0112 0.046 -0.1341, 0.0197 0.0431 -0.1341, 0.0275 0.0386 -0.1341, 0.0343 0.0327 -0.1341, 0.0398 0.0256 -0.1341, 0.0439 0.0176 -0.1341, 0.0465 0.009 -0.1341, 0.0473 0.0 -0.1341, 0.0465 -0.009 -0.1341, 0.0439 -0.0176 -0.1341, 0.0398 -0.0256 -0.1341, 0.0343 -0.0327 -0.1341, 0.0275 -0.0386 -0.1341, 0.0197 -0.0431 -0.1341, 0.0112 -0.046 -0.1341, 0.0023 -0.0473 -0.1341, -0.0067 -0.0468 -0.1341, -0.0155 -0.0447 -0.1341, -0.0237 -0.041 -0.1341, -0.031 -0.0358 -0.1341, -0.0372 -0.0293 -0.1341, -0.0421 -0.0217 -0.1341, -0.0454 -0.0133 -0.1341, -0.0471 -0.0045 -0.1341, -0.0429 -0.0041 -0.126, -0.0431 -0.0 -0.126, -0.0429 0.0041 -0.126, -0.0414 0.0122 -0.126, -0.0383 0.0198 -0.126, -0.0339 0.0267 -0.126, -0.0282 0.0326 -0.126, -0.0216 0.0373 -0.126, -0.0141 0.0408 -0.126, -0.0061 0.0427 -0.126, 0.0021 0.0431 -0.126, 0.0102 0.0419 -0.126, 0.0179 0.0392 -0.126, 0.025 0.0351 -0.126, 0.0312 0.0298 -0.126, 0.0363 0.0233 -0.126, 0.04 0.016 -0.126, 0.0423 0.0082 -0.126, 0.0431 0.0 -0.126, 0.0423 -0.0082 -0.126, 0.04 -0.016 -0.126, 0.0363 -0.0233 -0.126, 0.0312 -0.0298 -0.126, 0.025 -0.0351 -0.126, 0.0179 -0.0392 -0.126, 0.0102 -0.0419 -0.126, 0.0021 -0.0431 -0.126, -0.0061 -0.0427 -0.126, -0.0141 -0.0408 -0.126, -0.0216 -0.0373 -0.126, -0.0282 -0.0326 -0.126, -0.0339 -0.0267 -0.126, -0.0383 -0.0198 -0.126, -0.0414 -0.0122 -0.126, -0.0 -0.1575 -0.2047, 0.0091 -0.1575 -0.2039, 0.0089 -0.1592 -0.2039, 0.0076 -0.1624 -0.2039, 0.0066 -0.1637 -0.2039, 0.0084 -0.1609 -0.2039, 0.0038 -0.1657 -0.2039, 0.0021 -0.1663 -0.2039, 0.0053 -0.1649 -0.2039, -0.0013 -0.1665 -0.2039, -0.003 -0.1661 -0.2039, 0.0004 -0.1665 -0.2039, -0.0059 -0.1643 -0.2039, -0.0071 -0.1631 -0.2039, -0.0045 -0.1653 -0.2039, -0.0087 -0.16 -0.2039, -0.009 -0.1583 -0.2039, -0.0081 -0.1616 -0.2039, -0.0081 -0.1533 -0.2039, -0.0071 -0.1519 -0.2039, -0.0087 -0.1549 -0.2039, -0.009 -0.1566 -0.2039, -0.0045 -0.1496 -0.2039, -0.003 -0.1489 -0.2039, -0.0059 -0.1506 -0.2039, 0.0004 -0.1484 -0.2039, 0.0021 -0.1487 -0.2039, -0.0013 -0.1485 -0.2039, 0.0053 -0.1501 -0.2039, 0.0066 -0.1512 -0.2039, 0.0038 -0.1492 -0.2039, 0.0084 -0.1541 -0.2039, 0.0089 -0.1558 -0.2039, 0.0076 -0.1526 -0.2039, -0.0178 -0.1558 -0.2015, -0.0171 -0.1524 -0.2015, -0.0159 -0.1493 -0.2015, -0.014 -0.1464 -0.2015, -0.0117 -0.144 -0.2015, -0.0089 -0.142 -0.2015, -0.0058 -0.1406 -0.2015, -0.0025 -0.1398 -0.2015, 0.0008 -0.1396 -0.2015, 0.0042 -0.1401 -0.2015, 0.0074 -0.1412 -0.2015, 0.0104 -0.1429 -0.2015, 0.0129 -0.1452 -0.2015, 0.015 -0.1478 -0.2015, 0.0166 -0.1508 -0.2015, 0.0175 -0.1541 -0.2015, 0.0179 -0.1575 -0.2015, 0.0175 -0.1609 -0.2015, 0.0166 -0.1641 -0.2015, 0.015 -0.1671 -0.2015, 0.0129 -0.1698 -0.2015, 0.0104 -0.172 -0.2015, 0.0074 -0.1737 -0.2015, 0.0042 -0.1748 -0.2015, 0.0008 -0.1753 -0.2015, -0.0025 -0.1752 -0.2015, -0.0058 -0.1744 -0.2015, -0.0089 -0.173 -0.2015, -0.0117 -0.171 -0.2015, -0.014 -0.1685 -0.2015, -0.0159 -0.1657 -0.2015, -0.0171 -0.1625 -0.2015, -0.0178 -0.1592 -0.2015, -0.026 -0.155 -0.1976, -0.025 -0.1501 -0.1976, -0.0232 -0.1455 -0.1976, -0.0205 -0.1414 -0.1976, -0.0171 -0.1378 -0.1976, -0.013 -0.1349 -0.1976, -0.0085 -0.1328 -0.1976, -0.0037 -0.1317 -0.1976, 0.0012 -0.1314 -0.1976, 0.0062 -0.1321 -0.1976, 0.0108 -0.1338 -0.1976, 0.0151 -0.1362 -0.1976, 0.0189 -0.1395 -0.1976, 0.0219 -0.1434 -0.1976, 0.0242 -0.1478 -0.1976, 0.0256 -0.1525 -0.1976, 0.0261 -0.1575 -0.1976, 0.0256 -0.1624 -0.1976, 0.0242 -0.1672 -0.1976, 0.0219 -0.1716 -0.1976, 0.0189 -0.1755 -0.1976, 0.0151 -0.1787 -0.1976, 0.0108 -0.1812 -0.1976, 0.0062 -0.1828 -0.1976, 0.0012 -0.1835 -0.1976, -0.0037 -0.1833 -0.1976, -0.0085 -0.1821 -0.1976, -0.013 -0.1801 -0.1976, -0.0171 -0.1772 -0.1976, -0.0205 -0.1736 -0.1976, -0.0232 -0.1694 -0.1976, -0.025 -0.1648 -0.1976, -0.026 -0.16 -0.1976, -0.0333 -0.1543 -0.1923, -0.0321 -0.148 -0.1923, -0.0298 -0.1421 -0.1923, -0.0263 -0.1368 -0.1923, -0.0219 -0.1322 -0.1923, -0.0167 -0.1285 -0.1923, -0.011 -0.1258 -0.1923, -0.0048 -0.1243 -0.1923, 0.0016 -0.124 -0.1923, 0.0079 -0.1249 -0.1923, 0.0139 -0.127 -0.1923, 0.0194 -0.1302 -0.1923, 0.0242 -0.1344 -0.1923, 0.0282 -0.1394 -0.1923, 0.0311 -0.145 -0.1923, 0.0329 -0.1511 -0.1923, 0.0335 -0.1575 -0.1923, 0.0329 -0.1638 -0.1923, 0.0311 -0.1699 -0.1923, 0.0282 -0.1756 -0.1923, 0.0242 -0.1806 -0.1923, 0.0194 -0.1848 -0.1923, 0.0139 -0.1879 -0.1923, 0.0079 -0.19 -0.1923, 0.0016 -0.1909 -0.1923, -0.0048 -0.1906 -0.1923, -0.011 -0.1891 -0.1923, -0.0167 -0.1865 -0.1923, -0.0219 -0.1828 -0.1923, -0.0263 -0.1782 -0.1923, -0.0298 -0.1728 -0.1923, -0.0321 -0.1669 -0.1923, -0.0333 -0.1607 -0.1923, -0.0396 -0.1537 -0.1857, -0.0382 -0.1463 -0.1857, -0.0354 -0.1392 -0.1857, -0.0313 -0.1329 -0.1857, -0.0261 -0.1274 -0.1857, -0.0199 -0.123 -0.1857, -0.013 -0.1199 -0.1857, -0.0057 -0.1181 -0.1857, 0.0019 -0.1177 -0.1857, 0.0094 -0.1188 -0.1857, 0.0165 -0.1213 -0.1857, 0.0231 -0.125 -0.1857, 0.0288 -0.13 -0.1857, 0.0335 -0.136 -0.1857, 0.037 -0.1427 -0.1857, 0.0391 -0.1499 -0.1857, 0.0398 -0.1575 -0.1857, 0.0391 -0.165 -0.1857, 0.037 -0.1723 -0.1857, 0.0335 -0.179 -0.1857, 0.0288 -0.185 -0.1857, 0.0231 -0.1899 -0.1857, 0.0165 -0.1937 -0.1857, 0.0094 -0.1962 -0.1857, 0.0019 -0.1973 -0.1857, -0.0057 -0.1969 -0.1857, -0.013 -0.1951 -0.1857, -0.0199 -0.192 -0.1857, -0.0261 -0.1876 -0.1857, -0.0313 -0.1821 -0.1857, -0.0354 -0.1757 -0.1857, -0.0382 -0.1687 -0.1857, -0.0396 -0.1613 -0.1857, -0.0447 -0.1532 -0.1781, -0.0431 -0.1448 -0.1781, -0.0399 -0.1369 -0.1781, -0.0353 -0.1297 -0.1781, -0.0294 -0.1236 -0.1781, -0.0224 -0.1186 -0.1781, -0.0147 -0.1151 -0.1781, -0.0064 -0.113 -0.1781, 0.0021 -0.1126 -0.1781, 0.0106 -0.1139 -0.1781, 0.0186 -0.1166 -0.1781, 0.026 -0.1209 -0.1781, 0.0325 -0.1265 -0.1781, 0.0378 -0.1332 -0.1781, 0.0417 -0.1408 -0.1781, 0.0441 -0.149 -0.1781, 0.0449 -0.1575 -0.1781, 0.0441 -0.166 -0.1781, 0.0417 -0.1742 -0.1781, 0.0378 -0.1817 -0.1781, 0.0325 -0.1885 -0.1781, 0.026 -0.194 -0.1781, 0.0186 -0.1983 -0.1781, 0.0106 -0.2011 -0.1781, 0.0021 -0.2023 -0.1781, -0.0064 -0.2019 -0.1781, -0.0147 -0.1999 -0.1781, -0.0224 -0.1964 -0.1781, -0.0294 -0.1914 -0.1781, -0.0353 -0.1852 -0.1781, -0.0399 -0.178 -0.1781, -0.0431 -0.1701 -0.1781, -0.0447 -0.1617 -0.1781, -0.0483 -0.1529 -0.1698, -0.0466 -0.1438 -0.1698, -0.0431 -0.1352 -0.1698, -0.0382 -0.1275 -0.1698, -0.0318 -0.1208 -0.1698, -0.0243 -0.1154 -0.1698, -0.0159 -0.1116 -0.1698, -0.0069 -0.1094 -0.1698, 0.0023 -0.109 -0.1698, 0.0114 -0.1103 -0.1698, 0.0202 -0.1133 -0.1698, 0.0282 -0.1179 -0.1698, 0.0351 -0.124 -0.1698, 0.0408 -0.1312 -0.1698, 0.0451 -0.1394 -0.1698, 0.0477 -0.1483 -0.1698, 0.0485 -0.1575 -0.1698, 0.0477 -0.1667 -0.1698, 0.0451 -0.1755 -0.1698, 0.0408 -0.1837 -0.1698, 0.0351 -0.191 -0.1698, 0.0282 -0.197 -0.1698, 0.0202 -0.2016 -0.1698, 0.0114 -0.2046 -0.1698, 0.0023 -0.206 -0.1698, -0.0069 -0.2055 -0.1698, -0.0159 -0.2033 -0.1698, -0.0243 -0.1995 -0.1698, -0.0318 -0.1942 -0.1698, -0.0382 -0.1875 -0.1698, -0.0431 -0.1797 -0.1698, -0.0466 -0.1712 -0.1698, -0.0483 -0.1621 -0.1698, -0.0504 -0.1527 -0.1609, -0.0486 -0.1432 -0.1609, -0.045 -0.1343 -0.1609, -0.0398 -0.1262 -0.1609, -0.0332 -0.1192 -0.1609, -0.0253 -0.1136 -0.1609, -0.0166 -0.1096 -0.1609, -0.0072 -0.1073 -0.1609, 0.0024 -0.1069 -0.1609, 0.0119 -0.1083 -0.1609, 0.021 -0.1114 -0.1609, 0.0294 -0.1162 -0.1609, 0.0367 -0.1225 -0.1609, 0.0426 -0.1301 -0.1609, 0.047 -0.1387 -0.1609, 0.0497 -0.1479 -0.1609, 0.0506 -0.1575 -0.1609, 0.0497 -0.1671 -0.1609, 0.047 -0.1763 -0.1609, 0.0426 -0.1849 -0.1609, 0.0367 -0.1924 -0.1609, 0.0294 -0.1987 -0.1609, 0.021 -0.2036 -0.1609, 0.0119 -0.2067 -0.1609, 0.0024 -0.2081 -0.1609, -0.0072 -0.2076 -0.1609, -0.0166 -0.2053 -0.1609, -0.0253 -0.2013 -0.1609, -0.0332 -0.1958 -0.1609, -0.0398 -0.1888 -0.1609, -0.045 -0.1807 -0.1609, -0.0486 -0.1717 -0.1609, -0.0504 -0.1623 -0.1609, -0.0509 -0.1526 -0.1518, -0.0491 -0.1431 -0.1518, -0.0455 -0.134 -0.1518, -0.0402 -0.1259 -0.1518, -0.0335 -0.1188 -0.1518, -0.0256 -0.1132 -0.1518, -0.0167 -0.1091 -0.1518, -0.0073 -0.1068 -0.1518, 0.0024 -0.1064 -0.1518, 0.0121 -0.1078 -0.1518, 0.0212 -0.111 -0.1518, 0.0297 -0.1158 -0.1518, 0.037 -0.1222 -0.1518, 0.043 -0.1298 -0.1518, 0.0475 -0.1385 -0.1518, 0.0502 -0.1478 -0.1518, 0.0512 -0.1575 -0.1518, 0.0502 -0.1672 -0.1518, 0.0475 -0.1765 -0.1518, 0.043 -0.1851 -0.1518, 0.037 -0.1928 -0.1518, 0.0297 -0.1991 -0.1518, 0.0212 -0.204 -0.1518, 0.0121 -0.2072 -0.1518, 0.0024 -0.2086 -0.1518, -0.0073 -0.2081 -0.1518, -0.0167 -0.2058 -0.1518, -0.0256 -0.2018 -0.1518, -0.0335 -0.1961 -0.1518, -0.0402 -0.1891 -0.1518, -0.0455 -0.1809 -0.1518, -0.0491 -0.1719 -0.1518, -0.0509 -0.1623 -0.1518, -0.0498 -0.1527 -0.1428, -0.048 -0.1434 -0.1428, -0.0445 -0.1346 -0.1428, -0.0393 -0.1266 -0.1428, -0.0328 -0.1197 -0.1428, -0.025 -0.1141 -0.1428, -0.0164 -0.1102 -0.1428, -0.0071 -0.108 -0.1428, 0.0024 -0.1075 -0.1428, 0.0118 -0.1089 -0.1428, 0.0208 -0.112 -0.1428, 0.029 -0.1167 -0.1428, 0.0362 -0.123 -0.1428, 0.0421 -0.1304 -0.1428, 0.0465 -0.1389 -0.1428, 0.0491 -0.148 -0.1428, 0.05 -0.1575 -0.1428, 0.0491 -0.1669 -0.1428, 0.0465 -0.1761 -0.1428, 0.0421 -0.1845 -0.1428, 0.0362 -0.192 -0.1428, 0.029 -0.1982 -0.1428, 0.0208 -0.203 -0.1428, 0.0118 -0.2061 -0.1428, 0.0024 -0.2075 -0.1428, -0.0071 -0.207 -0.1428, -0.0164 -0.2048 -0.1428, -0.025 -0.2008 -0.1428, -0.0328 -0.1953 -0.1428, -0.0393 -0.1884 -0.1428, -0.0445 -0.1804 -0.1428, -0.048 -0.1716 -0.1428, -0.0498 -0.1622 -0.1428, -0.0471 -0.153 -0.1341, -0.0454 -0.1441 -0.1341, -0.0421 -0.1358 -0.1341, -0.0372 -0.1282 -0.1341, -0.031 -0.1217 -0.1341, -0.0237 -0.1165 -0.1341, -0.0155 -0.1128 -0.1341, -0.0067 -0.1106 -0.1341, 0.0023 -0.1102 -0.1341, 0.0112 -0.1115 -0.1341, 0.0197 -0.1144 -0.1341, 0.0275 -0.1189 -0.1341, 0.0343 -0.1248 -0.1341, 0.0398 -0.1319 -0.1341, 0.0439 -0.1399 -0.1341, 0.0465 -0.1485 -0.1341, 0.0473 -0.1575 -0.1341, 0.0465 -0.1664 -0.1341, 0.0439 -0.1751 -0.1341, 0.0398 -0.1831 -0.1341, 0.0343 -0.1901 -0.1341, 0.0275 -0.196 -0.1341, 0.0197 -0.2005 -0.1341, 0.0112 -0.2035 -0.1341, 0.0023 -0.2048 -0.1341, -0.0067 -0.2043 -0.1341, -0.0155 -0.2022 -0.1341, -0.0237 -0.1985 -0.1341, -0.031 -0.1933 -0.1341, -0.0372 -0.1867 -0.1341, -0.0421 -0.1792 -0.1341, -0.0454 -0.1708 -0.1341, -0.0471 -0.162 -0.1341, -0.0429 -0.1616 -0.126, -0.0431 -0.1575 -0.126, -0.0429 -0.1534 -0.126, -0.0414 -0.1453 -0.126, -0.0383 -0.1377 -0.126, -0.0339 -0.1308 -0.126, -0.0282 -0.1249 -0.126, -0.0216 -0.1201 -0.126, -0.0141 -0.1167 -0.126, -0.0061 -0.1148 -0.126, 0.0021 -0.1144 -0.126, 0.0102 -0.1156 -0.126, 0.0179 -0.1182 -0.126, 0.025 -0.1223 -0.126, 0.0312 -0.1277 -0.126, 0.0363 -0.1342 -0.126, 0.04 -0.1415 -0.126, 0.0423 -0.1493 -0.126, 0.0431 -0.1575 -0.126, 0.0423 -0.1656 -0.126, 0.04 -0.1735 -0.126, 0.0363 -0.1808 -0.126, 0.0312 -0.1872 -0.126, 0.025 -0.1926 -0.126, 0.0179 -0.1967 -0.126, 0.0102 -0.1994 -0.126, 0.0021 -0.2006 -0.126, -0.0061 -0.2002 -0.126, -0.0141 -0.1982 -0.126, -0.0216 -0.1948 -0.126, -0.0282 -0.1901 -0.126, -0.0339 -0.1841 -0.126, -0.0383 -0.1772 -0.126, -0.0414 -0.1696 -0.126, 0.1575 0.1575 -0.2047, 0.1666 0.1575 -0.2039, 0.1664 0.1558 -0.2039, 0.1651 0.1526 -0.2039, 0.164 0.1512 -0.2039, 0.1659 0.1541 -0.2039, 0.1613 0.1492 -0.2039, 0.1596 0.1487 -0.2039, 0.1627 0.1501 -0.2039, 0.1562 0.1485 -0.2039, 0.1545 0.1489 -0.2039, 0.1579 0.1484 -0.2039, 0.1515 0.1506 -0.2039, 0.1503 0.1519 -0.2039, 0.1529 0.1496 -0.2039, 0.1488 0.1549 -0.2039, 0.1484 0.1566 -0.2039, 0.1494 0.1533 -0.2039, 0.1494 0.1616 -0.2039, 0.1503 0.1631 -0.2039, 0.1488 0.16 -0.2039, 0.1484 0.1583 -0.2039, 0.1529 0.1653 -0.2039, 0.1545 0.1661 -0.2039, 0.1515 0.1643 -0.2039, 0.1579 0.1665 -0.2039, 0.1596 0.1663 -0.2039, 0.1562 0.1665 -0.2039, 0.1627 0.1649 -0.2039, 0.164 0.1637 -0.2039, 0.1613 0.1657 -0.2039, 0.1659 0.1609 -0.2039, 0.1664 0.1592 -0.2039, 0.1651 0.1624 -0.2039, 0.1397 0.1592 -0.2015, 0.1403 0.1625 -0.2015, 0.1416 0.1657 -0.2015, 0.1434 0.1685 -0.2015, 0.1458 0.171 -0.2015, 0.1485 0.173 -0.2015, 0.1516 0.1744 -0.2015, 0.1549 0.1752 -0.2015, 0.1583 0.1753 -0.2015, 0.1617 0.1748 -0.2015, 0.1649 0.1737 -0.2015, 0.1678 0.172 -0.2015, 0.1704 0.1698 -0.2015, 0.1725 0.1671 -0.2015, 0.1741 0.1641 -0.2015, 0.175 0.1609 -0.2015, 0.1753 0.1575 -0.2015, 0.175 0.1541 -0.2015, 0.1741 0.1508 -0.2015, 0.1725 0.1478 -0.2015, 0.1704 0.1452 -0.2015, 0.1678 0.1429 -0.2015, 0.1649 0.1412 -0.2015, 0.1617 0.1401 -0.2015, 0.1583 0.1396 -0.2015, 0.1549 0.1398 -0.2015, 0.1516 0.1406 -0.2015, 0.1485 0.142 -0.2015, 0.1458 0.144 -0.2015, 0.1434 0.1464 -0.2015, 0.1416 0.1493 -0.2015, 0.1403 0.1524 -0.2015, 0.1397 0.1558 -0.2015, 0.1315 0.16 -0.1976, 0.1324 0.1648 -0.1976, 0.1343 0.1694 -0.1976, 0.137 0.1736 -0.1976, 0.1404 0.1772 -0.1976, 0.1444 0.1801 -0.1976, 0.1489 0.1821 -0.1976, 0.1538 0.1833 -0.1976, 0.1587 0.1835 -0.1976, 0.1636 0.1828 -0.1976, 0.1683 0.1812 -0.1976, 0.1726 0.1787 -0.1976, 0.1764 0.1755 -0.1976, 0.1794 0.1716 -0.1976, 0.1817 0.1672 -0.1976, 0.1831 0.1624 -0.1976, 0.1836 0.1575 -0.1976, 0.1831 0.1525 -0.1976, 0.1817 0.1478 -0.1976, 0.1794 0.1434 -0.1976, 0.1764 0.1395 -0.1976, 0.1726 0.1362 -0.1976, 0.1683 0.1338 -0.1976, 0.1636 0.1321 -0.1976, 0.1587 0.1314 -0.1976, 0.1538 0.1317 -0.1976, 0.1489 0.1328 -0.1976, 0.1444 0.1349 -0.1976, 0.1404 0.1378 -0.1976, 0.137 0.1414 -0.1976, 0.1343 0.1455 -0.1976, 0.1324 0.1501 -0.1976, 0.1315 0.155 -0.1976, 0.1241 0.1607 -0.1923, 0.1254 0.1669 -0.1923, 0.1277 0.1728 -0.1923, 0.1312 0.1782 -0.1923, 0.1356 0.1828 -0.1923, 0.1407 0.1865 -0.1923, 0.1465 0.1891 -0.1923, 0.1527 0.1906 -0.1923, 0.1591 0.1909 -0.1923, 0.1654 0.19 -0.1923, 0.1714 0.1879 -0.1923, 0.1769 0.1848 -0.1923, 0.1817 0.1806 -0.1923, 0.1856 0.1756 -0.1923, 0.1886 0.1699 -0.1923, 0.1904 0.1638 -0.1923, 0.191 0.1575 -0.1923, 0.1904 0.1511 -0.1923, 0.1886 0.145 -0.1923, 0.1856 0.1394 -0.1923, 0.1817 0.1344 -0.1923, 0.1769 0.1302 -0.1923, 0.1714 0.127 -0.1923, 0.1654 0.1249 -0.1923, 0.1591 0.124 -0.1923, 0.1527 0.1243 -0.1923, 0.1465 0.1258 -0.1923, 0.1407 0.1285 -0.1923, 0.1356 0.1322 -0.1923, 0.1312 0.1368 -0.1923, 0.1277 0.1421 -0.1923, 0.1254 0.148 -0.1923, 0.1241 0.1543 -0.1923, 0.1178 0.1613 -0.1857, 0.1193 0.1687 -0.1857, 0.1221 0.1757 -0.1857, 0.1262 0.1821 -0.1857, 0.1314 0.1876 -0.1857, 0.1376 0.192 -0.1857, 0.1445 0.1951 -0.1857, 0.1518 0.1969 -0.1857, 0.1594 0.1973 -0.1857, 0.1669 0.1962 -0.1857, 0.174 0.1937 -0.1857, 0.1806 0.1899 -0.1857, 0.1863 0.185 -0.1857, 0.191 0.179 -0.1857, 0.1944 0.1723 -0.1857, 0.1966 0.165 -0.1857, 0.1973 0.1575 -0.1857, 0.1966 0.1499 -0.1857, 0.1944 0.1427 -0.1857, 0.191 0.136 -0.1857, 0.1863 0.13 -0.1857, 0.1806 0.125 -0.1857, 0.174 0.1213 -0.1857, 0.1669 0.1188 -0.1857, 0.1594 0.1177 -0.1857, 0.1518 0.1181 -0.1857, 0.1445 0.1199 -0.1857, 0.1376 0.123 -0.1857, 0.1314 0.1274 -0.1857, 0.1262 0.1329 -0.1857, 0.1221 0.1392 -0.1857, 0.1193 0.1463 -0.1857, 0.1178 0.1537 -0.1857, 0.1128 0.1617 -0.1781, 0.1144 0.1701 -0.1781, 0.1176 0.178 -0.1781, 0.1222 0.1852 -0.1781, 0.1281 0.1914 -0.1781, 0.135 0.1964 -0.1781, 0.1428 0.1999 -0.1781, 0.1511 0.2019 -0.1781, 0.1596 0.2023 -0.1781, 0.1681 0.2011 -0.1781, 0.1761 0.1983 -0.1781, 0.1835 0.194 -0.1781, 0.19 0.1885 -0.1781, 0.1952 0.1817 -0.1781, 0.1992 0.1742 -0.1781, 0.2016 0.166 -0.1781, 0.2024 0.1575 -0.1781, 0.2016 0.149 -0.1781, 0.1992 0.1408 -0.1781, 0.1952 0.1332 -0.1781, 0.19 0.1265 -0.1781, 0.1835 0.1209 -0.1781, 0.1761 0.1166 -0.1781, 0.1681 0.1139 -0.1781, 0.1596 0.1126 -0.1781, 0.1511 0.113 -0.1781, 0.1428 0.1151 -0.1781, 0.135 0.1186 -0.1781, 0.1281 0.1236 -0.1781, 0.1222 0.1297 -0.1781, 0.1176 0.1369 -0.1781, 0.1144 0.1448 -0.1781, 0.1128 0.1532 -0.1781, 0.1092 0.1621 -0.1698, 0.1109 0.1712 -0.1698, 0.1143 0.1797 -0.1698, 0.1193 0.1875 -0.1698, 0.1257 0.1942 -0.1698, 0.1332 0.1995 -0.1698, 0.1416 0.2033 -0.1698, 0.1506 0.2055 -0.1698, 0.1598 0.206 -0.1698, 0.1689 0.2046 -0.1698, 0.1776 0.2016 -0.1698, 0.1856 0.197 -0.1698, 0.1926 0.191 -0.1698, 0.1983 0.1837 -0.1698, 0.2025 0.1755 -0.1698, 0.2051 0.1667 -0.1698, 0.206 0.1575 -0.1698, 0.2051 0.1483 -0.1698, 0.2025 0.1394 -0.1698, 0.1983 0.1312 -0.1698, 0.1926 0.124 -0.1698, 0.1856 0.1179 -0.1698, 0.1776 0.1133 -0.1698, 0.1689 0.1103 -0.1698, 0.1598 0.109 -0.1698, 0.1506 0.1094 -0.1698, 0.1416 0.1116 -0.1698, 0.1332 0.1154 -0.1698, 0.1257 0.1208 -0.1698, 0.1193 0.1275 -0.1698, 0.1143 0.1352 -0.1698, 0.1109 0.1438 -0.1698, 0.1092 0.1529 -0.1698, 0.1071 0.1623 -0.1609, 0.1089 0.1717 -0.1609, 0.1125 0.1807 -0.1609, 0.1177 0.1888 -0.1609, 0.1243 0.1958 -0.1609, 0.1322 0.2013 -0.1609, 0.1409 0.2053 -0.1609, 0.1503 0.2076 -0.1609, 0.1599 0.2081 -0.1609, 0.1694 0.2067 -0.1609, 0.1785 0.2036 -0.1609, 0.1869 0.1987 -0.1609, 0.1941 0.1924 -0.1609, 0.2001 0.1849 -0.1609, 0.2045 0.1763 -0.1609, 0.2072 0.1671 -0.1609, 0.2081 0.1575 -0.1609, 0.2072 0.1479 -0.1609, 0.2045 0.1387 -0.1609, 0.2001 0.1301 -0.1609, 0.1941 0.1225 -0.1609, 0.1869 0.1162 -0.1609, 0.1785 0.1114 -0.1609, 0.1694 0.1083 -0.1609, 0.1599 0.1069 -0.1609, 0.1503 0.1073 -0.1609, 0.1409 0.1096 -0.1609, 0.1322 0.1136 -0.1609, 0.1243 0.1192 -0.1609, 0.1177 0.1262 -0.1609, 0.1125 0.1343 -0.1609, 0.1089 0.1432 -0.1609, 0.1071 0.1527 -0.1609, 0.1066 0.1623 -0.1518, 0.1084 0.1719 -0.1518, 0.112 0.1809 -0.1518, 0.1173 0.1891 -0.1518, 0.124 0.1961 -0.1518, 0.1319 0.2018 -0.1518, 0.1408 0.2058 -0.1518, 0.1502 0.2081 -0.1518, 0.1599 0.2086 -0.1518, 0.1695 0.2072 -0.1518, 0.1787 0.204 -0.1518, 0.1872 0.1991 -0.1518, 0.1945 0.1928 -0.1518, 0.2005 0.1851 -0.1518, 0.205 0.1765 -0.1518, 0.2077 0.1672 -0.1518, 0.2086 0.1575 -0.1518, 0.2077 0.1478 -0.1518, 0.205 0.1385 -0.1518, 0.2005 0.1298 -0.1518, 0.1945 0.1222 -0.1518, 0.1872 0.1158 -0.1518, 0.1787 0.111 -0.1518, 0.1695 0.1078 -0.1518, 0.1599 0.1064 -0.1518, 0.1502 0.1068 -0.1518, 0.1408 0.1091 -0.1518, 0.1319 0.1132 -0.1518, 0.124 0.1188 -0.1518, 0.1173 0.1259 -0.1518, 0.112 0.134 -0.1518, 0.1084 0.1431 -0.1518, 0.1066 0.1526 -0.1518, 0.1077 0.1622 -0.1428, 0.1095 0.1716 -0.1428, 0.113 0.1804 -0.1428, 0.1182 0.1884 -0.1428, 0.1247 0.1953 -0.1428, 0.1325 0.2008 -0.1428, 0.1411 0.2048 -0.1428, 0.1504 0.207 -0.1428, 0.1599 0.2075 -0.1428, 0.1693 0.2061 -0.1428, 0.1783 0.203 -0.1428, 0.1865 0.1982 -0.1428, 0.1937 0.192 -0.1428, 0.1996 0.1845 -0.1428, 0.2039 0.1761 -0.1428, 0.2066 0.1669 -0.1428, 0.2075 0.1575 -0.1428, 0.2066 0.148 -0.1428, 0.2039 0.1389 -0.1428, 0.1996 0.1304 -0.1428, 0.1937 0.123 -0.1428, 0.1865 0.1167 -0.1428, 0.1783 0.112 -0.1428, 0.1693 0.1089 -0.1428, 0.1599 0.1075 -0.1428, 0.1504 0.108 -0.1428, 0.1411 0.1102 -0.1428, 0.1325 0.1141 -0.1428, 0.1247 0.1197 -0.1428, 0.1182 0.1266 -0.1428, 0.113 0.1346 -0.1428, 0.1095 0.1434 -0.1428, 0.1077 0.1527 -0.1428, 0.1104 0.162 -0.1341, 0.1121 0.1708 -0.1341, 0.1154 0.1792 -0.1341, 0.1203 0.1867 -0.1341, 0.1265 0.1933 -0.1341, 0.1338 0.1985 -0.1341, 0.142 0.2022 -0.1341, 0.1507 0.2043 -0.1341, 0.1597 0.2048 -0.1341, 0.1686 0.2035 -0.1341, 0.1771 0.2005 -0.1341, 0.1849 0.196 -0.1341, 0.1917 0.1901 -0.1341, 0.1973 0.1831 -0.1341, 0.2014 0.1751 -0.1341, 0.204 0.1664 -0.1341, 0.2048 0.1575 -0.1341, 0.204 0.1485 -0.1341, 0.2014 0.1399 -0.1341, 0.1973 0.1319 -0.1341, 0.1917 0.1248 -0.1341, 0.1849 0.1189 -0.1341, 0.1771 0.1144 -0.1341, 0.1686 0.1115 -0.1341, 0.1597 0.1102 -0.1341, 0.1507 0.1106 -0.1341, 0.142 0.1128 -0.1341, 0.1338 0.1165 -0.1341, 0.1265 0.1217 -0.1341, 0.1203 0.1282 -0.1341, 0.1154 0.1358 -0.1341, 0.1121 0.1441 -0.1341, 0.1104 0.153 -0.1341, 0.1145 0.1534 -0.126, 0.1144 0.1575 -0.126, 0.1145 0.1616 -0.126, 0.1161 0.1696 -0.126, 0.1191 0.1772 -0.126, 0.1236 0.1841 -0.126, 0.1292 0.1901 -0.126, 0.1359 0.1948 -0.126, 0.1434 0.1982 -0.126, 0.1513 0.2002 -0.126, 0.1595 0.2006 -0.126, 0.1676 0.1994 -0.126, 0.1754 0.1967 -0.126, 0.1825 0.1926 -0.126, 0.1887 0.1872 -0.126, 0.1938 0.1808 -0.126, 0.1975 0.1735 -0.126, 0.1998 0.1656 -0.126, 0.2006 0.1575 -0.126, 0.1998 0.1493 -0.126, 0.1975 0.1415 -0.126, 0.1938 0.1342 -0.126, 0.1887 0.1277 -0.126, 0.1825 0.1223 -0.126, 0.1754 0.1182 -0.126, 0.1676 0.1156 -0.126, 0.1595 0.1144 -0.126, 0.1513 0.1148 -0.126, 0.1434 0.1167 -0.126, 0.1359 0.1201 -0.126, 0.1292 0.1249 -0.126, 0.1236 0.1308 -0.126, 0.1191 0.1377 -0.126, 0.1161 0.1453 -0.126, 0.1575 0.0 -0.2047, 0.1666 0.0 -0.2039, 0.1664 -0.0017 -0.2039, 0.1651 -0.0049 -0.2039, 0.164 -0.0063 -0.2039, 0.1659 -0.0034 -0.2039, 0.1613 -0.0083 -0.2039, 0.1596 -0.0088 -0.2039, 0.1627 -0.0074 -0.2039, 0.1562 -0.009 -0.2039, 0.1545 -0.0086 -0.2039, 0.1579 -0.0091 -0.2039, 0.1515 -0.0069 -0.2039, 0.1503 -0.0056 -0.2039, 0.1529 -0.0079 -0.2039, 0.1488 -0.0026 -0.2039, 0.1484 -0.0009 -0.2039, 0.1494 -0.0042 -0.2039, 0.1494 0.0042 -0.2039, 0.1503 0.0056 -0.2039, 0.1488 0.0026 -0.2039, 0.1484 0.0009 -0.2039, 0.1529 0.0079 -0.2039, 0.1545 0.0086 -0.2039, 0.1515 0.0069 -0.2039, 0.1579 0.0091 -0.2039, 0.1596 0.0088 -0.2039, 0.1562 0.009 -0.2039, 0.1627 0.0074 -0.2039, 0.164 0.0063 -0.2039, 0.1613 0.0083 -0.2039, 0.1659 0.0034 -0.2039, 0.1664 0.0017 -0.2039, 0.1651 0.0049 -0.2039, 0.1397 0.0017 -0.2015, 0.1403 0.005 -0.2015, 0.1416 0.0082 -0.2015, 0.1434 0.011 -0.2015, 0.1458 0.0135 -0.2015, 0.1485 0.0155 -0.2015, 0.1516 0.0169 -0.2015, 0.1549 0.0177 -0.2015, 0.1583 0.0178 -0.2015, 0.1617 0.0174 -0.2015, 0.1649 0.0163 -0.2015, 0.1678 0.0146 -0.2015, 0.1704 0.0123 -0.2015, 0.1725 0.0097 -0.2015, 0.1741 0.0066 -0.2015, 0.175 0.0034 -0.2015, 0.1753 0.0 -0.2015, 0.175 -0.0034 -0.2015, 0.1741 -0.0066 -0.2015, 0.1725 -0.0097 -0.2015, 0.1704 -0.0123 -0.2015, 0.1678 -0.0146 -0.2015, 0.1649 -0.0163 -0.2015, 0.1617 -0.0174 -0.2015, 0.1583 -0.0178 -0.2015, 0.1549 -0.0177 -0.2015, 0.1516 -0.0169 -0.2015, 0.1485 -0.0155 -0.2015, 0.1458 -0.0135 -0.2015, 0.1434 -0.011 -0.2015, 0.1416 -0.0082 -0.2015, 0.1403 -0.005 -0.2015, 0.1397 -0.0017 -0.2015, 0.1315 0.0025 -0.1976, 0.1324 0.0073 -0.1976, 0.1343 0.012 -0.1976, 0.137 0.0161 -0.1976, 0.1404 0.0197 -0.1976, 0.1444 0.0226 -0.1976, 0.1489 0.0247 -0.1976, 0.1538 0.0258 -0.1976, 0.1587 0.0261 -0.1976, 0.1636 0.0254 -0.1976, 0.1683 0.0237 -0.1976, 0.1726 0.0213 -0.1976, 0.1764 0.018 -0.1976, 0.1794 0.0141 -0.1976, 0.1817 0.0097 -0.1976, 0.1831 0.0049 -0.1976, 0.1836 0.0 -0.1976, 0.1831 -0.0049 -0.1976, 0.1817 -0.0097 -0.1976, 0.1794 -0.0141 -0.1976, 0.1764 -0.018 -0.1976, 0.1726 -0.0213 -0.1976, 0.1683 -0.0237 -0.1976, 0.1636 -0.0254 -0.1976, 0.1587 -0.0261 -0.1976, 0.1538 -0.0258 -0.1976, 0.1489 -0.0247 -0.1976, 0.1444 -0.0226 -0.1976, 0.1404 -0.0197 -0.1976, 0.137 -0.0161 -0.1976, 0.1343 -0.012 -0.1976, 0.1324 -0.0073 -0.1976, 0.1315 -0.0025 -0.1976, 0.1241 0.0032 -0.1923, 0.1254 0.0094 -0.1923, 0.1277 0.0153 -0.1923, 0.1312 0.0207 -0.1923, 0.1356 0.0253 -0.1923, 0.1407 0.029 -0.1923, 0.1465 0.0316 -0.1923, 0.1527 0.0331 -0.1923, 0.1591 0.0334 -0.1923, 0.1654 0.0325 -0.1923, 0.1714 0.0305 -0.1923, 0.1769 0.0273 -0.1923, 0.1817 0.0231 -0.1923, 0.1856 0.0181 -0.1923, 0.1886 0.0124 -0.1923, 0.1904 0.0063 -0.1923, 0.191 0.0 -0.1923, 0.1904 -0.0063 -0.1923, 0.1886 -0.0124 -0.1923, 0.1856 -0.0181 -0.1923, 0.1817 -0.0231 -0.1923, 0.1769 -0.0273 -0.1923, 0.1714 -0.0305 -0.1923, 0.1654 -0.0325 -0.1923, 0.1591 -0.0334 -0.1923, 0.1527 -0.0331 -0.1923, 0.1465 -0.0316 -0.1923, 0.1407 -0.029 -0.1923, 0.1356 -0.0253 -0.1923, 0.1312 -0.0207 -0.1923, 0.1277 -0.0153 -0.1923, 0.1254 -0.0094 -0.1923, 0.1241 -0.0032 -0.1923, 0.1178 0.0038 -0.1857, 0.1193 0.0112 -0.1857, 0.1221 0.0182 -0.1857, 0.1262 0.0246 -0.1857, 0.1314 0.0301 -0.1857, 0.1376 0.0345 -0.1857, 0.1445 0.0376 -0.1857, 0.1518 0.0394 -0.1857, 0.1594 0.0398 -0.1857, 0.1669 0.0387 -0.1857, 0.174 0.0362 -0.1857, 0.1806 0.0324 -0.1857, 0.1863 0.0275 -0.1857, 0.191 0.0215 -0.1857, 0.1944 0.0148 -0.1857, 0.1966 0.0075 -0.1857, 0.1973 0.0 -0.1857, 0.1966 -0.0075 -0.1857, 0.1944 -0.0148 -0.1857, 0.191 -0.0215 -0.1857, 0.1863 -0.0275 -0.1857, 0.1806 -0.0324 -0.1857, 0.174 -0.0362 -0.1857, 0.1669 -0.0387 -0.1857, 0.1594 -0.0398 -0.1857, 0.1518 -0.0394 -0.1857, 0.1445 -0.0376 -0.1857, 0.1376 -0.0345 -0.1857, 0.1314 -0.0301 -0.1857, 0.1262 -0.0246 -0.1857, 0.1221 -0.0182 -0.1857, 0.1193 -0.0112 -0.1857, 0.1178 -0.0038 -0.1857, 0.1128 0.0043 -0.1781, 0.1144 0.0126 -0.1781, 0.1176 0.0206 -0.1781, 0.1222 0.0277 -0.1781, 0.1281 0.0339 -0.1781, 0.135 0.0389 -0.1781, 0.1428 0.0424 -0.1781, 0.1511 0.0444 -0.1781, 0.1596 0.0448 -0.1781, 0.1681 0.0436 -0.1781, 0.1761 0.0408 -0.1781, 0.1835 0.0366 -0.1781, 0.19 0.031 -0.1781, 0.1952 0.0243 -0.1781, 0.1992 0.0167 -0.1781, 0.2016 0.0085 -0.1781, 0.2024 0.0 -0.1781, 0.2016 -0.0085 -0.1781, 0.1992 -0.0167 -0.1781, 0.1952 -0.0243 -0.1781, 0.19 -0.031 -0.1781, 0.1835 -0.0366 -0.1781, 0.1761 -0.0408 -0.1781, 0.1681 -0.0436 -0.1781, 0.1596 -0.0448 -0.1781, 0.1511 -0.0444 -0.1781, 0.1428 -0.0424 -0.1781, 0.135 -0.0389 -0.1781, 0.1281 -0.0339 -0.1781, 0.1222 -0.0277 -0.1781, 0.1176 -0.0206 -0.1781, 0.1144 -0.0126 -0.1781, 0.1128 -0.0043 -0.1781, 0.1092 0.0046 -0.1698, 0.1109 0.0137 -0.1698, 0.1143 0.0222 -0.1698, 0.1193 0.03 -0.1698, 0.1257 0.0367 -0.1698, 0.1332 0.042 -0.1698, 0.1416 0.0459 -0.1698, 0.1506 0.048 -0.1698, 0.1598 0.0485 -0.1698, 0.1689 0.0472 -0.1698, 0.1776 0.0442 -0.1698, 0.1856 0.0395 -0.1698, 0.1926 0.0335 -0.1698, 0.1983 0.0262 -0.1698, 0.2025 0.018 -0.1698, 0.2051 0.0092 -0.1698, 0.206 0.0 -0.1698, 0.2051 -0.0092 -0.1698, 0.2025 -0.018 -0.1698, 0.1983 -0.0262 -0.1698, 0.1926 -0.0335 -0.1698, 0.1856 -0.0395 -0.1698, 0.1776 -0.0442 -0.1698, 0.1689 -0.0472 -0.1698, 0.1598 -0.0485 -0.1698, 0.1506 -0.048 -0.1698, 0.1416 -0.0459 -0.1698, 0.1332 -0.042 -0.1698, 0.1257 -0.0367 -0.1698, 0.1193 -0.03 -0.1698, 0.1143 -0.0222 -0.1698, 0.1109 -0.0137 -0.1698, 0.1092 -0.0046 -0.1698, 0.1071 0.0048 -0.1609, 0.1089 0.0143 -0.1609, 0.1125 0.0232 -0.1609, 0.1177 0.0313 -0.1609, 0.1243 0.0383 -0.1609, 0.1322 0.0439 -0.1609, 0.1409 0.0479 -0.1609, 0.1503 0.0501 -0.1609, 0.1599 0.0506 -0.1609, 0.1694 0.0492 -0.1609, 0.1785 0.0461 -0.1609, 0.1869 0.0413 -0.1609, 0.1941 0.035 -0.1609, 0.2001 0.0274 -0.1609, 0.2045 0.0188 -0.1609, 0.2072 0.0096 -0.1609, 0.2081 0.0 -0.1609, 0.2072 -0.0096 -0.1609, 0.2045 -0.0188 -0.1609, 0.2001 -0.0274 -0.1609, 0.1941 -0.035 -0.1609, 0.1869 -0.0413 -0.1609, 0.1785 -0.0461 -0.1609, 0.1694 -0.0492 -0.1609, 0.1599 -0.0506 -0.1609, 0.1503 -0.0501 -0.1609, 0.1409 -0.0479 -0.1609, 0.1322 -0.0439 -0.1609, 0.1243 -0.0383 -0.1609, 0.1177 -0.0313 -0.1609, 0.1125 -0.0232 -0.1609, 0.1089 -0.0143 -0.1609, 0.1071 -0.0048 -0.1609, 0.1066 0.0049 -0.1518, 0.1084 0.0144 -0.1518, 0.112 0.0234 -0.1518, 0.1173 0.0316 -0.1518, 0.124 0.0387 -0.1518, 0.1319 0.0443 -0.1518, 0.1408 0.0483 -0.1518, 0.1502 0.0506 -0.1518, 0.1599 0.0511 -0.1518, 0.1695 0.0497 -0.1518, 0.1787 0.0465 -0.1518, 0.1872 0.0417 -0.1518, 0.1945 0.0353 -0.1518, 0.2005 0.0277 -0.1518, 0.205 0.019 -0.1518, 0.2077 0.0097 -0.1518, 0.2086 0.0 -0.1518, 0.2077 -0.0097 -0.1518, 0.205 -0.019 -0.1518, 0.2005 -0.0277 -0.1518, 0.1945 -0.0353 -0.1518, 0.1872 -0.0417 -0.1518, 0.1787 -0.0465 -0.1518, 0.1695 -0.0497 -0.1518, 0.1599 -0.0511 -0.1518, 0.1502 -0.0506 -0.1518, 0.1408 -0.0483 -0.1518, 0.1319 -0.0443 -0.1518, 0.124 -0.0387 -0.1518, 0.1173 -0.0316 -0.1518, 0.112 -0.0234 -0.1518, 0.1084 -0.0144 -0.1518, 0.1066 -0.0049 -0.1518, 0.1077 0.0048 -0.1428, 0.1095 0.0141 -0.1428, 0.113 0.0229 -0.1428, 0.1182 0.0309 -0.1428, 0.1247 0.0378 -0.1428, 0.1325 0.0433 -0.1428, 0.1411 0.0473 -0.1428, 0.1504 0.0495 -0.1428, 0.1599 0.05 -0.1428, 0.1693 0.0486 -0.1428, 0.1783 0.0455 -0.1428, 0.1865 0.0408 -0.1428, 0.1937 0.0345 -0.1428, 0.1996 0.0271 -0.1428, 0.2039 0.0186 -0.1428, 0.2066 0.0095 -0.1428, 0.2075 0.0 -0.1428, 0.2066 -0.0095 -0.1428, 0.2039 -0.0186 -0.1428, 0.1996 -0.0271 -0.1428, 0.1937 -0.0345 -0.1428, 0.1865 -0.0408 -0.1428, 0.1783 -0.0455 -0.1428, 0.1693 -0.0486 -0.1428, 0.1599 -0.05 -0.1428, 0.1504 -0.0495 -0.1428, 0.1411 -0.0473 -0.1428, 0.1325 -0.0433 -0.1428, 0.1247 -0.0378 -0.1428, 0.1182 -0.0309 -0.1428, 0.113 -0.0229 -0.1428, 0.1095 -0.0141 -0.1428, 0.1077 -0.0048 -0.1428, 0.1104 0.0045 -0.1341, 0.1121 0.0133 -0.1341, 0.1154 0.0217 -0.1341, 0.1203 0.0293 -0.1341, 0.1265 0.0358 -0.1341, 0.1338 0.041 -0.1341, 0.142 0.0447 -0.1341, 0.1507 0.0468 -0.1341, 0.1597 0.0473 -0.1341, 0.1686 0.046 -0.1341, 0.1771 0.0431 -0.1341, 0.1849 0.0386 -0.1341, 0.1917 0.0327 -0.1341, 0.1973 0.0256 -0.1341, 0.2014 0.0176 -0.1341, 0.204 0.009 -0.1341, 0.2048 0.0 -0.1341, 0.204 -0.009 -0.1341, 0.2014 -0.0176 -0.1341, 0.1973 -0.0256 -0.1341, 0.1917 -0.0327 -0.1341, 0.1849 -0.0386 -0.1341, 0.1771 -0.0431 -0.1341, 0.1686 -0.046 -0.1341, 0.1597 -0.0473 -0.1341, 0.1507 -0.0468 -0.1341, 0.142 -0.0447 -0.1341, 0.1338 -0.041 -0.1341, 0.1265 -0.0358 -0.1341, 0.1203 -0.0293 -0.1341, 0.1154 -0.0217 -0.1341, 0.1121 -0.0133 -0.1341, 0.1104 -0.0045 -0.1341, 0.1145 -0.0041 -0.126, 0.1144 -0.0 -0.126, 0.1145 0.0041 -0.126, 0.1161 0.0122 -0.126, 0.1191 0.0198 -0.126, 0.1236 0.0267 -0.126, 0.1292 0.0326 -0.126, 0.1359 0.0373 -0.126, 0.1434 0.0408 -0.126, 0.1513 0.0427 -0.126, 0.1595 0.0431 -0.126, 0.1676 0.0419 -0.126, 0.1754 0.0392 -0.126, 0.1825 0.0351 -0.126, 0.1887 0.0298 -0.126, 0.1938 0.0233 -0.126, 0.1975 0.016 -0.126, 0.1998 0.0082 -0.126, 0.2006 0.0 -0.126, 0.1998 -0.0082 -0.126, 0.1975 -0.016 -0.126, 0.1938 -0.0233 -0.126, 0.1887 -0.0298 -0.126, 0.1825 -0.0351 -0.126, 0.1754 -0.0392 -0.126, 0.1676 -0.0419 -0.126, 0.1595 -0.0431 -0.126, 0.1513 -0.0427 -0.126, 0.1434 -0.0408 -0.126, 0.1359 -0.0373 -0.126, 0.1292 -0.0326 -0.126, 0.1236 -0.0267 -0.126, 0.1191 -0.0198 -0.126, 0.1161 -0.0122 -0.126, 0.1575 -0.1575 -0.2047, 0.1666 -0.1575 -0.2039, 0.1664 -0.1592 -0.2039, 0.1651 -0.1624 -0.2039, 0.164 -0.1637 -0.2039, 0.1659 -0.1609 -0.2039, 0.1613 -0.1657 -0.2039, 0.1596 -0.1663 -0.2039, 0.1627 -0.1649 -0.2039, 0.1562 -0.1665 -0.2039, 0.1545 -0.1661 -0.2039, 0.1579 -0.1665 -0.2039, 0.1515 -0.1643 -0.2039, 0.1503 -0.1631 -0.2039, 0.1529 -0.1653 -0.2039, 0.1488 -0.16 -0.2039, 0.1484 -0.1583 -0.2039, 0.1494 -0.1616 -0.2039, 0.1494 -0.1533 -0.2039, 0.1503 -0.1519 -0.2039, 0.1488 -0.1549 -0.2039, 0.1484 -0.1566 -0.2039, 0.1529 -0.1496 -0.2039, 0.1545 -0.1489 -0.2039, 0.1515 -0.1506 -0.2039, 0.1579 -0.1484 -0.2039, 0.1596 -0.1487 -0.2039, 0.1562 -0.1485 -0.2039, 0.1627 -0.1501 -0.2039, 0.164 -0.1512 -0.2039, 0.1613 -0.1492 -0.2039, 0.1659 -0.1541 -0.2039, 0.1664 -0.1558 -0.2039, 0.1651 -0.1526 -0.2039, 0.1397 -0.1558 -0.2015, 0.1403 -0.1524 -0.2015, 0.1416 -0.1493 -0.2015, 0.1434 -0.1464 -0.2015, 0.1458 -0.144 -0.2015, 0.1485 -0.142 -0.2015, 0.1516 -0.1406 -0.2015, 0.1549 -0.1398 -0.2015, 0.1583 -0.1396 -0.2015, 0.1617 -0.1401 -0.2015, 0.1649 -0.1412 -0.2015, 0.1678 -0.1429 -0.2015, 0.1704 -0.1452 -0.2015, 0.1725 -0.1478 -0.2015, 0.1741 -0.1508 -0.2015, 0.175 -0.1541 -0.2015, 0.1753 -0.1575 -0.2015, 0.175 -0.1609 -0.2015, 0.1741 -0.1641 -0.2015, 0.1725 -0.1671 -0.2015, 0.1704 -0.1698 -0.2015, 0.1678 -0.172 -0.2015, 0.1649 -0.1737 -0.2015, 0.1617 -0.1748 -0.2015, 0.1583 -0.1753 -0.2015, 0.1549 -0.1752 -0.2015, 0.1516 -0.1744 -0.2015, 0.1485 -0.173 -0.2015, 0.1458 -0.171 -0.2015, 0.1434 -0.1685 -0.2015, 0.1416 -0.1657 -0.2015, 0.1403 -0.1625 -0.2015, 0.1397 -0.1592 -0.2015, 0.1315 -0.155 -0.1976, 0.1324 -0.1501 -0.1976, 0.1343 -0.1455 -0.1976, 0.137 -0.1414 -0.1976, 0.1404 -0.1378 -0.1976, 0.1444 -0.1349 -0.1976, 0.1489 -0.1328 -0.1976, 0.1538 -0.1317 -0.1976, 0.1587 -0.1314 -0.1976, 0.1636 -0.1321 -0.1976, 0.1683 -0.1338 -0.1976, 0.1726 -0.1362 -0.1976, 0.1764 -0.1395 -0.1976, 0.1794 -0.1434 -0.1976, 0.1817 -0.1478 -0.1976, 0.1831 -0.1525 -0.1976, 0.1836 -0.1575 -0.1976, 0.1831 -0.1624 -0.1976, 0.1817 -0.1672 -0.1976, 0.1794 -0.1716 -0.1976, 0.1764 -0.1755 -0.1976, 0.1726 -0.1787 -0.1976, 0.1683 -0.1812 -0.1976, 0.1636 -0.1828 -0.1976, 0.1587 -0.1835 -0.1976, 0.1538 -0.1833 -0.1976, 0.1489 -0.1821 -0.1976, 0.1444 -0.1801 -0.1976, 0.1404 -0.1772 -0.1976, 0.137 -0.1736 -0.1976, 0.1343 -0.1694 -0.1976, 0.1324 -0.1648 -0.1976, 0.1315 -0.16 -0.1976, 0.1241 -0.1543 -0.1923, 0.1254 -0.148 -0.1923, 0.1277 -0.1421 -0.1923, 0.1312 -0.1368 -0.1923, 0.1356 -0.1322 -0.1923, 0.1407 -0.1285 -0.1923, 0.1465 -0.1258 -0.1923, 0.1527 -0.1243 -0.1923, 0.1591 -0.124 -0.1923, 0.1654 -0.1249 -0.1923, 0.1714 -0.127 -0.1923, 0.1769 -0.1302 -0.1923, 0.1817 -0.1344 -0.1923, 0.1856 -0.1394 -0.1923, 0.1886 -0.145 -0.1923, 0.1904 -0.1511 -0.1923, 0.191 -0.1575 -0.1923, 0.1904 -0.1638 -0.1923, 0.1886 -0.1699 -0.1923, 0.1856 -0.1756 -0.1923, 0.1817 -0.1806 -0.1923, 0.1769 -0.1848 -0.1923, 0.1714 -0.1879 -0.1923, 0.1654 -0.19 -0.1923, 0.1591 -0.1909 -0.1923, 0.1527 -0.1906 -0.1923, 0.1465 -0.1891 -0.1923, 0.1407 -0.1865 -0.1923, 0.1356 -0.1828 -0.1923, 0.1312 -0.1782 -0.1923, 0.1277 -0.1728 -0.1923, 0.1254 -0.1669 -0.1923, 0.1241 -0.1607 -0.1923, 0.1178 -0.1537 -0.1857, 0.1193 -0.1463 -0.1857, 0.1221 -0.1392 -0.1857, 0.1262 -0.1329 -0.1857, 0.1314 -0.1274 -0.1857, 0.1376 -0.123 -0.1857, 0.1445 -0.1199 -0.1857, 0.1518 -0.1181 -0.1857, 0.1594 -0.1177 -0.1857, 0.1669 -0.1188 -0.1857, 0.174 -0.1213 -0.1857, 0.1806 -0.125 -0.1857, 0.1863 -0.13 -0.1857, 0.191 -0.136 -0.1857, 0.1944 -0.1427 -0.1857, 0.1966 -0.1499 -0.1857, 0.1973 -0.1575 -0.1857, 0.1966 -0.165 -0.1857, 0.1944 -0.1723 -0.1857, 0.191 -0.179 -0.1857, 0.1863 -0.185 -0.1857, 0.1806 -0.1899 -0.1857, 0.174 -0.1937 -0.1857, 0.1669 -0.1962 -0.1857, 0.1594 -0.1973 -0.1857, 0.1518 -0.1969 -0.1857, 0.1445 -0.1951 -0.1857, 0.1376 -0.192 -0.1857, 0.1314 -0.1876 -0.1857, 0.1262 -0.1821 -0.1857, 0.1221 -0.1757 -0.1857, 0.1193 -0.1687 -0.1857, 0.1178 -0.1613 -0.1857, 0.1128 -0.1532 -0.1781, 0.1144 -0.1448 -0.1781, 0.1176 -0.1369 -0.1781, 0.1222 -0.1297 -0.1781, 0.1281 -0.1236 -0.1781, 0.135 -0.1186 -0.1781, 0.1428 -0.1151 -0.1781, 0.1511 -0.113 -0.1781, 0.1596 -0.1126 -0.1781, 0.1681 -0.1139 -0.1781, 0.1761 -0.1166 -0.1781, 0.1835 -0.1209 -0.1781, 0.19 -0.1265 -0.1781, 0.1952 -0.1332 -0.1781, 0.1992 -0.1408 -0.1781, 0.2016 -0.149 -0.1781, 0.2024 -0.1575 -0.1781, 0.2016 -0.166 -0.1781, 0.1992 -0.1742 -0.1781, 0.1952 -0.1817 -0.1781, 0.19 -0.1885 -0.1781, 0.1835 -0.194 -0.1781, 0.1761 -0.1983 -0.1781, 0.1681 -0.2011 -0.1781, 0.1596 -0.2023 -0.1781, 0.1511 -0.2019 -0.1781, 0.1428 -0.1999 -0.1781, 0.135 -0.1964 -0.1781, 0.1281 -0.1914 -0.1781, 0.1222 -0.1852 -0.1781, 0.1176 -0.178 -0.1781, 0.1144 -0.1701 -0.1781, 0.1128 -0.1617 -0.1781, 0.1092 -0.1529 -0.1698, 0.1109 -0.1438 -0.1698, 0.1143 -0.1352 -0.1698, 0.1193 -0.1275 -0.1698, 0.1257 -0.1208 -0.1698, 0.1332 -0.1154 -0.1698, 0.1416 -0.1116 -0.1698, 0.1506 -0.1094 -0.1698, 0.1598 -0.109 -0.1698, 0.1689 -0.1103 -0.1698, 0.1776 -0.1133 -0.1698, 0.1856 -0.1179 -0.1698, 0.1926 -0.124 -0.1698, 0.1983 -0.1312 -0.1698, 0.2025 -0.1394 -0.1698, 0.2051 -0.1483 -0.1698, 0.206 -0.1575 -0.1698, 0.2051 -0.1667 -0.1698, 0.2025 -0.1755 -0.1698, 0.1983 -0.1837 -0.1698, 0.1926 -0.191 -0.1698, 0.1856 -0.197 -0.1698, 0.1776 -0.2016 -0.1698, 0.1689 -0.2046 -0.1698, 0.1598 -0.206 -0.1698, 0.1506 -0.2055 -0.1698, 0.1416 -0.2033 -0.1698, 0.1332 -0.1995 -0.1698, 0.1257 -0.1942 -0.1698, 0.1193 -0.1875 -0.1698, 0.1143 -0.1797 -0.1698, 0.1109 -0.1712 -0.1698, 0.1092 -0.1621 -0.1698, 0.1071 -0.1527 -0.1609, 0.1089 -0.1432 -0.1609, 0.1125 -0.1343 -0.1609, 0.1177 -0.1262 -0.1609, 0.1243 -0.1192 -0.1609, 0.1322 -0.1136 -0.1609, 0.1409 -0.1096 -0.1609, 0.1503 -0.1073 -0.1609, 0.1599 -0.1069 -0.1609, 0.1694 -0.1083 -0.1609, 0.1785 -0.1114 -0.1609, 0.1869 -0.1162 -0.1609, 0.1941 -0.1225 -0.1609, 0.2001 -0.1301 -0.1609, 0.2045 -0.1387 -0.1609, 0.2072 -0.1479 -0.1609, 0.2081 -0.1575 -0.1609, 0.2072 -0.1671 -0.1609, 0.2045 -0.1763 -0.1609, 0.2001 -0.1849 -0.1609, 0.1941 -0.1924 -0.1609, 0.1869 -0.1987 -0.1609, 0.1785 -0.2036 -0.1609, 0.1694 -0.2067 -0.1609, 0.1599 -0.2081 -0.1609, 0.1503 -0.2076 -0.1609, 0.1409 -0.2053 -0.1609, 0.1322 -0.2013 -0.1609, 0.1243 -0.1958 -0.1609, 0.1177 -0.1888 -0.1609, 0.1125 -0.1807 -0.1609, 0.1089 -0.1717 -0.1609, 0.1071 -0.1623 -0.1609, 0.1066 -0.1526 -0.1518, 0.1084 -0.1431 -0.1518, 0.112 -0.134 -0.1518, 0.1173 -0.1259 -0.1518, 0.124 -0.1188 -0.1518, 0.1319 -0.1132 -0.1518, 0.1408 -0.1091 -0.1518, 0.1502 -0.1068 -0.1518, 0.1599 -0.1064 -0.1518, 0.1695 -0.1078 -0.1518, 0.1787 -0.111 -0.1518, 0.1872 -0.1158 -0.1518, 0.1945 -0.1222 -0.1518, 0.2005 -0.1298 -0.1518, 0.205 -0.1385 -0.1518, 0.2077 -0.1478 -0.1518, 0.2086 -0.1575 -0.1518, 0.2077 -0.1672 -0.1518, 0.205 -0.1765 -0.1518, 0.2005 -0.1851 -0.1518, 0.1945 -0.1928 -0.1518, 0.1872 -0.1991 -0.1518, 0.1787 -0.204 -0.1518, 0.1695 -0.2072 -0.1518, 0.1599 -0.2086 -0.1518, 0.1502 -0.2081 -0.1518, 0.1408 -0.2058 -0.1518, 0.1319 -0.2018 -0.1518, 0.124 -0.1961 -0.1518, 0.1173 -0.1891 -0.1518, 0.112 -0.1809 -0.1518, 0.1084 -0.1719 -0.1518, 0.1066 -0.1623 -0.1518, 0.1077 -0.1527 -0.1428, 0.1095 -0.1434 -0.1428, 0.113 -0.1346 -0.1428, 0.1182 -0.1266 -0.1428, 0.1247 -0.1197 -0.1428, 0.1325 -0.1141 -0.1428, 0.1411 -0.1102 -0.1428, 0.1504 -0.108 -0.1428, 0.1599 -0.1075 -0.1428, 0.1693 -0.1089 -0.1428, 0.1783 -0.112 -0.1428, 0.1865 -0.1167 -0.1428, 0.1937 -0.123 -0.1428, 0.1996 -0.1304 -0.1428, 0.2039 -0.1389 -0.1428, 0.2066 -0.148 -0.1428, 0.2075 -0.1575 -0.1428, 0.2066 -0.1669 -0.1428, 0.2039 -0.1761 -0.1428, 0.1996 -0.1845 -0.1428, 0.1937 -0.192 -0.1428, 0.1865 -0.1982 -0.1428, 0.1783 -0.203 -0.1428, 0.1693 -0.2061 -0.1428, 0.1599 -0.2075 -0.1428, 0.1504 -0.207 -0.1428, 0.1411 -0.2048 -0.1428, 0.1325 -0.2008 -0.1428, 0.1247 -0.1953 -0.1428, 0.1182 -0.1884 -0.1428, 0.113 -0.1804 -0.1428, 0.1095 -0.1716 -0.1428, 0.1077 -0.1622 -0.1428, 0.1104 -0.153 -0.1341, 0.1121 -0.1441 -0.1341, 0.1154 -0.1358 -0.1341, 0.1203 -0.1282 -0.1341, 0.1265 -0.1217 -0.1341, 0.1338 -0.1165 -0.1341, 0.142 -0.1128 -0.1341, 0.1507 -0.1106 -0.1341, 0.1597 -0.1102 -0.1341, 0.1686 -0.1115 -0.1341, 0.1771 -0.1144 -0.1341, 0.1849 -0.1189 -0.1341, 0.1917 -0.1248 -0.1341, 0.1973 -0.1319 -0.1341, 0.2014 -0.1399 -0.1341, 0.204 -0.1485 -0.1341, 0.2048 -0.1575 -0.1341, 0.204 -0.1664 -0.1341, 0.2014 -0.1751 -0.1341, 0.1973 -0.1831 -0.1341, 0.1917 -0.1901 -0.1341, 0.1849 -0.196 -0.1341, 0.1771 -0.2005 -0.1341, 0.1686 -0.2035 -0.1341, 0.1597 -0.2048 -0.1341, 0.1507 -0.2043 -0.1341, 0.142 -0.2022 -0.1341, 0.1338 -0.1985 -0.1341, 0.1265 -0.1933 -0.1341, 0.1203 -0.1867 -0.1341, 0.1154 -0.1792 -0.1341, 0.1121 -0.1708 -0.1341, 0.1104 -0.162 -0.1341, 0.1145 -0.1616 -0.126, 0.1144 -0.1575 -0.126, 0.1145 -0.1534 -0.126, 0.1161 -0.1453 -0.126, 0.1191 -0.1377 -0.126, 0.1236 -0.1308 -0.126, 0.1292 -0.1249 -0.126, 0.1359 -0.1201 -0.126, 0.1434 -0.1167 -0.126, 0.1513 -0.1148 -0.126, 0.1595 -0.1144 -0.126, 0.1676 -0.1156 -0.126, 0.1754 -0.1182 -0.126, 0.1825 -0.1223 -0.126, 0.1887 -0.1277 -0.126, 0.1938 -0.1342 -0.126, 0.1975 -0.1415 -0.126, 0.1998 -0.1493 -0.126, 0.2006 -0.1575 -0.126, 0.1998 -0.1656 -0.126, 0.1975 -0.1735 -0.126, 0.1938 -0.1808 -0.126, 0.1887 -0.1872 -0.126, 0.1825 -0.1926 -0.126, 0.1754 -0.1967 -0.126, 0.1676 -0.1994 -0.126, 0.1595 -0.2006 -0.126, 0.1513 -0.2002 -0.126, 0.1434 -0.1982 -0.126, 0.1359 -0.1948 -0.126, 0.1292 -0.1901 -0.126, 0.1236 -0.1841 -0.126, 0.1191 -0.1772 -0.126, 0.1161 -0.1696 -0.126, 0.1161 -0.1696 -0.126
            ]
        }
        coordIndex [
            0,1,2,-1,0,3,4,-1,5,3,0,-1,2,5,0,-1,0,6,7,-1,8,6,0,-1,4,8,0,-1,0,9,10,-1,11,9,0,-1,7,11,0,-1,0,12,13,-1,14,12,0,-1,10,14,0,-1,0,15,16,-1,17,15,0,-1,13,17,0,-1,0,18,19,-1,20,18,0,-1,21,20,0,-1,0,22,23,-1,24,22,0,-1,19,24,0,-1,0,25,26,-1,27,25,0,-1,23,27,0,-1,0,28,29,-1,30,28,0,-1,26,30,0,-1,0,31,32,-1,33,31,0,-1,29,33,0,-1,32,1,0,-1,21,34,35,-1,21,35,20,-1,20,35,36,-1,20,36,18,-1,18,36,37,-1,18,37,19,-1,19,37,38,-1,19,38,24,-1,24,38,39,-1,24,39,22,-1,22,39,40,-1,22,40,23,-1,23,40,41,-1,23,41,27,-1,27,41,42,-1,27,42,25,-1,25,42,43,-1,25,43,26,-1,26,43,44,-1,26,44,30,-1,30,44,45,-1,30,45,28,-1,28,45,46,-1,28,46,29,-1,29,46,47,-1,29,47,33,-1,33,47,48,-1,33,48,31,-1,31,48,49,-1,31,49,32,-1,32,49,50,-1,32,50,1,-1,1,50,51,-1,1,51,2,-1,2,51,52,-1,2,52,5,-1,5,52,53,-1,5,53,3,-1,3,53,54,-1,3,54,4,-1,4,54,55,-1,4,55,8,-1,8,55,56,-1,8,56,6,-1,6,56,57,-1,6,57,7,-1,7,57,58,-1,7,58,11,-1,11,58,59,-1,11,59,9,-1,9,59,60,-1,9,60,10,-1,10,60,61,-1,10,61,14,-1,14,61,62,-1,14,62,12,-1,12,62,63,-1,12,63,13,-1,13,63,64,-1,13,64,17,-1,17,64,65,-1,17,65,15,-1,15,65,66,-1,15,66,16,-1,34,67,68,-1,34,68,35,-1,35,68,69,-1,35,69,36,-1,36,69,70,-1,36,70,37,-1,37,70,71,-1,37,71,38,-1,38,71,72,-1,38,72,39,-1,39,72,73,-1,39,73,40,-1,40,73,74,-1,40,74,41,-1,41,74,75,-1,41,75,42,-1,42,75,76,-1,42,76,43,-1,43,76,77,-1,43,77,44,-1,44,77,78,-1,44,78,45,-1,45,78,79,-1,45,79,46,-1,46,79,80,-1,46,80,47,-1,47,80,81,-1,47,81,48,-1,48,81,82,-1,48,82,49,-1,49,82,83,-1,49,83,50,-1,50,83,84,-1,50,84,51,-1,51,84,85,-1,51,85,52,-1,52,85,86,-1,52,86,53,-1,53,86,87,-1,53,87,54,-1,54,87,88,-1,54,88,55,-1,55,88,89,-1,55,89,56,-1,56,89,90,-1,56,90,57,-1,57,90,91,-1,57,91,58,-1,58,91,92,-1,58,92,59,-1,59,92,93,-1,59,93,60,-1,60,93,94,-1,60,94,61,-1,61,94,95,-1,61,95,62,-1,62,95,96,-1,62,96,63,-1,63,96,97,-1,63,97,64,-1,64,97,98,-1,64,98,65,-1,65,98,99,-1,65,99,66,-1,67,100,101,-1,67,101,68,-1,68,101,102,-1,68,102,69,-1,69,102,103,-1,69,103,70,-1,70,103,104,-1,70,104,71,-1,71,104,105,-1,71,105,72,-1,72,105,106,-1,72,106,73,-1,73,106,107,-1,73,107,74,-1,74,107,108,-1,74,108,75,-1,75,108,109,-1,75,109,76,-1,76,109,110,-1,76,110,77,-1,77,110,111,-1,77,111,78,-1,78,111,112,-1,78,112,79,-1,79,112,113,-1,79,113,80,-1,80,113,114,-1,80,114,81,-1,81,114,115,-1,81,115,82,-1,82,115,116,-1,82,116,83,-1,83,116,117,-1,83,117,84,-1,84,117,118,-1,84,118,85,-1,85,118,119,-1,85,119,86,-1,86,119,120,-1,86,120,87,-1,87,120,121,-1,87,121,88,-1,88,121,122,-1,88,122,89,-1,89,122,123,-1,89,123,90,-1,90,123,124,-1,90,124,91,-1,91,124,125,-1,91,125,92,-1,92,125,126,-1,92,126,93,-1,93,126,127,-1,93,127,94,-1,94,127,128,-1,94,128,95,-1,95,128,129,-1,95,129,96,-1,96,129,130,-1,96,130,97,-1,97,130,131,-1,97,131,98,-1,98,131,132,-1,98,132,99,-1,100,133,134,-1,100,134,101,-1,101,134,135,-1,101,135,102,-1,102,135,136,-1,102,136,103,-1,103,136,137,-1,103,137,104,-1,104,137,138,-1,104,138,105,-1,105,138,139,-1,105,139,106,-1,106,139,140,-1,106,140,107,-1,107,140,141,-1,107,141,108,-1,108,141,142,-1,108,142,109,-1,109,142,143,-1,109,143,110,-1,110,143,144,-1,110,144,111,-1,111,144,145,-1,111,145,112,-1,112,145,146,-1,112,146,113,-1,113,146,147,-1,113,147,114,-1,114,147,148,-1,114,148,115,-1,115,148,149,-1,115,149,116,-1,116,149,150,-1,116,150,117,-1,117,150,151,-1,117,151,118,-1,118,151,152,-1,118,152,119,-1,119,152,153,-1,119,153,120,-1,120,153,154,-1,120,154,121,-1,121,154,155,-1,121,155,122,-1,122,155,156,-1,122,156,123,-1,123,156,157,-1,123,157,124,-1,124,157,158,-1,124,158,125,-1,125,158,159,-1,125,159,126,-1,126,159,160,-1,126,160,127,-1,127,160,161,-1,127,161,128,-1,128,161,162,-1,128,162,129,-1,129,162,163,-1,129,163,130,-1,130,163,164,-1,130,164,131,-1,131,164,165,-1,131,165,132,-1,133,166,167,-1,133,167,134,-1,134,167,168,-1,134,168,135,-1,135,168,169,-1,135,169,136,-1,136,169,170,-1,136,170,137,-1,137,170,171,-1,137,171,138,-1,138,171,172,-1,138,172,139,-1,139,172,173,-1,139,173,140,-1,140,173,174,-1,140,174,141,-1,141,174,175,-1,141,175,142,-1,142,175,176,-1,142,176,143,-1,143,176,177,-1,143,177,144,-1,144,177,178,-1,144,178,145,-1,145,178,179,-1,145,179,146,-1,146,179,180,-1,146,180,147,-1,147,180,181,-1,147,181,148,-1,148,181,182,-1,148,182,149,-1,149,182,183,-1,149,183,150,-1,150,183,184,-1,150,184,151,-1,151,184,185,-1,151,185,152,-1,152,185,186,-1,152,186,153,-1,153,186,187,-1,153,187,154,-1,154,187,188,-1,154,188,155,-1,155,188,189,-1,155,189,156,-1,156,189,190,-1,156,190,157,-1,157,190,191,-1,157,191,158,-1,158,191,192,-1,158,192,159,-1,159,192,193,-1,159,193,160,-1,160,193,194,-1,160,194,161,-1,161,194,195,-1,161,195,162,-1,162,195,196,-1,162,196,163,-1,163,196,197,-1,163,197,164,-1,164,197,198,-1,164,198,165,-1,166,199,200,-1,166,200,167,-1,167,200,201,-1,167,201,168,-1,168,201,202,-1,168,202,169,-1,169,202,203,-1,169,203,170,-1,170,203,204,-1,170,204,171,-1,171,204,205,-1,171,205,172,-1,172,205,206,-1,172,206,173,-1,173,206,207,-1,173,207,174,-1,174,207,208,-1,174,208,175,-1,175,208,209,-1,175,209,176,-1,176,209,210,-1,176,210,177,-1,177,210,211,-1,177,211,178,-1,178,211,212,-1,178,212,179,-1,179,212,213,-1,179,213,180,-1,180,213,214,-1,180,214,181,-1,181,214,215,-1,181,215,182,-1,182,215,216,-1,182,216,183,-1,183,216,217,-1,183,217,184,-1,184,217,218,-1,184,218,185,-1,185,218,219,-1,185,219,186,-1,186,219,220,-1,186,220,187,-1,187,220,221,-1,187,221,188,-1,188,221,222,-1,188,222,189,-1,189,222,223,-1,189,223,190,-1,190,223,224,-1,190,224,191,-1,191,224,225,-1,191,225,192,-1,192,225,226,-1,192,226,193,-1,193,226,227,-1,193,227,194,-1,194,227,228,-1,194,228,195,-1,195,228,229,-1,195,229,196,-1,196,229,230,-1,196,230,197,-1,197,230,231,-1,197,231,198,-1,199,232,233,-1,199,233,200,-1,200,233,234,-1,200,234,201,-1,201,234,235,-1,201,235,202,-1,202,235,236,-1,202,236,203,-1,203,236,237,-1,203,237,204,-1,204,237,238,-1,204,238,205,-1,205,238,239,-1,205,239,206,-1,206,239,240,-1,206,240,207,-1,207,240,241,-1,207,241,208,-1,208,241,242,-1,208,242,209,-1,209,242,243,-1,209,243,210,-1,210,243,244,-1,210,244,211,-1,211,244,245,-1,211,245,212,-1,212,245,246,-1,212,246,213,-1,213,246,247,-1,213,247,214,-1,214,247,248,-1,214,248,215,-1,215,248,249,-1,215,249,216,-1,216,249,250,-1,216,250,217,-1,217,250,251,-1,217,251,218,-1,218,251,252,-1,218,252,219,-1,219,252,253,-1,219,253,220,-1,220,253,254,-1,220,254,221,-1,221,254,255,-1,221,255,222,-1,222,255,256,-1,222,256,223,-1,223,256,257,-1,223,257,224,-1,224,257,258,-1,224,258,225,-1,225,258,259,-1,225,259,226,-1,226,259,260,-1,226,260,227,-1,227,260,261,-1,227,261,228,-1,228,261,262,-1,228,262,229,-1,229,262,263,-1,229,263,230,-1,230,263,264,-1,230,264,231,-1,232,265,266,-1,232,266,233,-1,233,266,267,-1,233,267,234,-1,234,267,268,-1,234,268,235,-1,235,268,269,-1,235,269,236,-1,236,269,270,-1,236,270,237,-1,237,270,271,-1,237,271,238,-1,238,271,272,-1,238,272,239,-1,239,272,273,-1,239,273,240,-1,240,273,274,-1,240,274,241,-1,241,274,275,-1,241,275,242,-1,242,275,276,-1,242,276,243,-1,243,276,277,-1,243,277,244,-1,244,277,278,-1,244,278,245,-1,245,278,279,-1,245,279,246,-1,246,279,280,-1,246,280,247,-1,247,280,281,-1,247,281,248,-1,248,281,282,-1,248,282,249,-1,249,282,283,-1,249,283,250,-1,250,283,284,-1,250,284,251,-1,251,284,285,-1,251,285,252,-1,252,285,286,-1,252,286,253,-1,253,286,287,-1,253,287,254,-1,254,287,288,-1,254,288,255,-1,255,288,289,-1,255,289,256,-1,256,289,290,-1,256,290,257,-1,257,290,291,-1,257,291,258,-1,258,291,292,-1,258,292,259,-1,259,292,293,-1,259,293,260,-1,260,293,294,-1,260,294,261,-1,261,294,295,-1,261,295,262,-1,262,295,296,-1,262,296,263,-1,263,296,297,-1,263,297,264,-1,265,298,299,-1,265,299,266,-1,266,299,300,-1,266,300,267,-1,267,300,301,-1,267,301,268,-1,268,301,302,-1,268,302,269,-1,269,302,303,-1,269,303,270,-1,270,303,304,-1,270,304,271,-1,271,304,305,-1,271,305,272,-1,272,305,306,-1,272,306,273,-1,273,306,307,-1,273,307,274,-1,274,307,308,-1,274,308,275,-1,275,308,309,-1,275,309,276,-1,276,309,310,-1,276,310,277,-1,277,310,311,-1,277,311,278,-1,278,311,312,-1,278,312,279,-1,279,312,313,-1,279,313,280,-1,280,313,314,-1,280,314,281,-1,281,314,315,-1,281,315,282,-1,282,315,316,-1,282,316,283,-1,283,316,317,-1,283,317,284,-1,284,317,318,-1,284,318,285,-1,285,318,319,-1,285,319,286,-1,286,319,320,-1,286,320,287,-1,287,320,321,-1,287,321,288,-1,288,321,322,-1,288,322,289,-1,289,322,323,-1,289,323,290,-1,290,323,324,-1,290,324,291,-1,291,324,325,-1,291,325,292,-1,292,325,326,-1,292,326,293,-1,293,326,327,-1,293,327,294,-1,294,327,328,-1,294,328,295,-1,295,328,329,-1,295,329,296,-1,296,329,330,-1,296,330,297,-1,298,331,332,-1,298,332,299,-1,299,332,333,-1,299,333,300,-1,300,333,334,-1,300,334,301,-1,301,334,335,-1,301,335,302,-1,302,335,336,-1,302,336,303,-1,303,336,337,-1,303,337,304,-1,304,337,338,-1,304,338,305,-1,305,338,339,-1,305,339,306,-1,306,339,340,-1,306,340,307,-1,307,340,341,-1,307,341,308,-1,308,341,342,-1,308,342,309,-1,309,342,343,-1,309,343,310,-1,310,343,344,-1,310,344,311,-1,311,344,345,-1,311,345,312,-1,312,345,346,-1,312,346,313,-1,313,346,347,-1,313,347,314,-1,314,347,348,-1,314,348,315,-1,315,348,349,-1,315,349,316,-1,316,349,350,-1,316,350,317,-1,317,350,351,-1,317,351,318,-1,318,351,352,-1,318,352,319,-1,319,352,353,-1,319,353,320,-1,320,353,354,-1,320,354,321,-1,321,354,355,-1,321,355,322,-1,322,355,356,-1,322,356,323,-1,323,356,357,-1,323,357,324,-1,324,357,358,-1,324,358,325,-1,325,358,359,-1,325,359,326,-1,326,359,360,-1,326,360,327,-1,327,360,361,-1,327,361,328,-1,328,361,362,-1,328,362,329,-1,329,362,363,-1,329,363,330,-1,364,365,331,-1,365,366,331,-1,331,366,367,-1,331,367,332,-1,332,367,368,-1,332,368,333,-1,333,368,369,-1,333,369,334,-1,334,369,370,-1,334,370,335,-1,335,370,371,-1,335,371,336,-1,336,371,372,-1,336,372,337,-1,337,372,373,-1,337,373,338,-1,338,373,374,-1,338,374,339,-1,339,374,375,-1,339,375,340,-1,340,375,376,-1,340,376,341,-1,341,376,377,-1,341,377,342,-1,342,377,378,-1,342,378,343,-1,343,378,379,-1,343,379,344,-1,344,379,380,-1,344,380,345,-1,345,380,381,-1,345,381,346,-1,346,381,382,-1,346,382,347,-1,347,382,383,-1,347,383,348,-1,348,383,384,-1,348,384,349,-1,349,384,385,-1,349,385,350,-1,350,385,386,-1,350,386,351,-1,351,386,387,-1,351,387,352,-1,352,387,388,-1,352,388,353,-1,353,388,389,-1,353,389,354,-1,354,389,390,-1,354,390,355,-1,355,390,391,-1,355,391,356,-1,356,391,392,-1,356,392,357,-1,357,392,393,-1,357,393,358,-1,358,393,394,-1,358,394,359,-1,359,394,395,-1,359,395,360,-1,360,395,396,-1,360,396,361,-1,361,396,397,-1,361,397,362,-1,362,397,364,-1,362,364,363,-1,363,364,331,-1,363,331,330,-1,330,331,298,-1,330,298,297,-1,297,298,265,-1,297,265,264,-1,264,265,232,-1,264,232,231,-1,231,232,199,-1,231,199,198,-1,198,199,166,-1,198,166,165,-1,165,166,133,-1,165,133,132,-1,132,133,100,-1,132,100,99,-1,99,100,67,-1,99,67,66,-1,66,67,34,-1,66,34,16,-1,16,34,21,-1,16,21,0,-1,398,399,400,-1,398,401,402,-1,403,401,398,-1,400,403,398,-1,398,404,405,-1,406,404,398,-1,402,406,398,-1,398,407,408,-1,409,407,398,-1,405,409,398,-1,398,410,411,-1,412,410,398,-1,408,412,398,-1,398,413,414,-1,415,413,398,-1,411,415,398,-1,398,416,417,-1,418,416,398,-1,419,418,398,-1,398,420,421,-1,422,420,398,-1,417,422,398,-1,398,423,424,-1,425,423,398,-1,421,425,398,-1,398,426,427,-1,428,426,398,-1,424,428,398,-1,398,429,430,-1,431,429,398,-1,427,431,398,-1,430,399,398,-1,419,432,433,-1,419,433,418,-1,418,433,434,-1,418,434,416,-1,416,434,435,-1,416,435,417,-1,417,435,436,-1,417,436,422,-1,422,436,437,-1,422,437,420,-1,420,437,438,-1,420,438,421,-1,421,438,439,-1,421,439,425,-1,425,439,440,-1,425,440,423,-1,423,440,441,-1,423,441,424,-1,424,441,442,-1,424,442,428,-1,428,442,443,-1,428,443,426,-1,426,443,444,-1,426,444,427,-1,427,444,445,-1,427,445,431,-1,431,445,446,-1,431,446,429,-1,429,446,447,-1,429,447,430,-1,430,447,448,-1,430,448,399,-1,399,448,449,-1,399,449,400,-1,400,449,450,-1,400,450,403,-1,403,450,451,-1,403,451,401,-1,401,451,452,-1,401,452,402,-1,402,452,453,-1,402,453,406,-1,406,453,454,-1,406,454,404,-1,404,454,455,-1,404,455,405,-1,405,455,456,-1,405,456,409,-1,409,456,457,-1,409,457,407,-1,407,457,458,-1,407,458,408,-1,408,458,459,-1,408,459,412,-1,412,459,460,-1,412,460,410,-1,410,460,461,-1,410,461,411,-1,411,461,462,-1,411,462,415,-1,415,462,463,-1,415,463,413,-1,413,463,464,-1,413,464,414,-1,432,465,466,-1,432,466,433,-1,433,466,467,-1,433,467,434,-1,434,467,468,-1,434,468,435,-1,435,468,469,-1,435,469,436,-1,436,469,470,-1,436,470,437,-1,437,470,471,-1,437,471,438,-1,438,471,472,-1,438,472,439,-1,439,472,473,-1,439,473,440,-1,440,473,474,-1,440,474,441,-1,441,474,475,-1,441,475,442,-1,442,475,476,-1,442,476,443,-1,443,476,477,-1,443,477,444,-1,444,477,478,-1,444,478,445,-1,445,478,479,-1,445,479,446,-1,446,479,480,-1,446,480,447,-1,447,480,481,-1,447,481,448,-1,448,481,482,-1,448,482,449,-1,449,482,483,-1,449,483,450,-1,450,483,484,-1,450,484,451,-1,451,484,485,-1,451,485,452,-1,452,485,486,-1,452,486,453,-1,453,486,487,-1,453,487,454,-1,454,487,488,-1,454,488,455,-1,455,488,489,-1,455,489,456,-1,456,489,490,-1,456,490,457,-1,457,490,491,-1,457,491,458,-1,458,491,492,-1,458,492,459,-1,459,492,493,-1,459,493,460,-1,460,493,494,-1,460,494,461,-1,461,494,495,-1,461,495,462,-1,462,495,496,-1,462,496,463,-1,463,496,497,-1,463,497,464,-1,465,498,499,-1,465,499,466,-1,466,499,500,-1,466,500,467,-1,467,500,501,-1,467,501,468,-1,468,501,502,-1,468,502,469,-1,469,502,503,-1,469,503,470,-1,470,503,504,-1,470,504,471,-1,471,504,505,-1,471,505,472,-1,472,505,506,-1,472,506,473,-1,473,506,507,-1,473,507,474,-1,474,507,508,-1,474,508,475,-1,475,508,509,-1,475,509,476,-1,476,509,510,-1,476,510,477,-1,477,510,511,-1,477,511,478,-1,478,511,512,-1,478,512,479,-1,479,512,513,-1,479,513,480,-1,480,513,514,-1,480,514,481,-1,481,514,515,-1,481,515,482,-1,482,515,516,-1,482,516,483,-1,483,516,517,-1,483,517,484,-1,484,517,518,-1,484,518,485,-1,485,518,519,-1,485,519,486,-1,486,519,520,-1,486,520,487,-1,487,520,521,-1,487,521,488,-1,488,521,522,-1,488,522,489,-1,489,522,523,-1,489,523,490,-1,490,523,524,-1,490,524,491,-1,491,524,525,-1,491,525,492,-1,492,525,526,-1,492,526,493,-1,493,526,527,-1,493,527,494,-1,494,527,528,-1,494,528,495,-1,495,528,529,-1,495,529,496,-1,496,529,530,-1,496,530,497,-1,498,531,532,-1,498,532,499,-1,499,532,533,-1,499,533,500,-1,500,533,534,-1,500,534,501,-1,501,534,535,-1,501,535,502,-1,502,535,536,-1,502,536,503,-1,503,536,537,-1,503,537,504,-1,504,537,538,-1,504,538,505,-1,505,538,539,-1,505,539,506,-1,506,539,540,-1,506,540,507,-1,507,540,541,-1,507,541,508,-1,508,541,542,-1,508,542,509,-1,509,542,543,-1,509,543,510,-1,510,543,544,-1,510,544,511,-1,511,544,545,-1,511,545,512,-1,512,545,546,-1,512,546,513,-1,513,546,547,-1,513,547,514,-1,514,547,548,-1,514,548,515,-1,515,548,549,-1,515,549,516,-1,516,549,550,-1,516,550,517,-1,517,550,551,-1,517,551,518,-1,518,551,552,-1,518,552,519,-1,519,552,553,-1,519,553,520,-1,520,553,554,-1,520,554,521,-1,521,554,555,-1,521,555,522,-1,522,555,556,-1,522,556,523,-1,523,556,557,-1,523,557,524,-1,524,557,558,-1,524,558,525,-1,525,558,559,-1,525,559,526,-1,526,559,560,-1,526,560,527,-1,527,560,561,-1,527,561,528,-1,528,561,562,-1,528,562,529,-1,529,562,563,-1,529,563,530,-1,531,564,565,-1,531,565,532,-1,532,565,566,-1,532,566,533,-1,533,566,567,-1,533,567,534,-1,534,567,568,-1,534,568,535,-1,535,568,569,-1,535,569,536,-1,536,569,570,-1,536,570,537,-1,537,570,571,-1,537,571,538,-1,538,571,572,-1,538,572,539,-1,539,572,573,-1,539,573,540,-1,540,573,574,-1,540,574,541,-1,541,574,575,-1,541,575,542,-1,542,575,576,-1,542,576,543,-1,543,576,577,-1,543,577,544,-1,544,577,578,-1,544,578,545,-1,545,578,579,-1,545,579,546,-1,546,579,580,-1,546,580,547,-1,547,580,581,-1,547,581,548,-1,548,581,582,-1,548,582,549,-1,549,582,583,-1,549,583,550,-1,550,583,584,-1,550,584,551,-1,551,584,585,-1,551,585,552,-1,552,585,586,-1,552,586,553,-1,553,586,587,-1,553,587,554,-1,554,587,588,-1,554,588,555,-1,555,588,589,-1,555,589,556,-1,556,589,590,-1,556,590,557,-1,557,590,591,-1,557,591,558,-1,558,591,592,-1,558,592,559,-1,559,592,593,-1,559,593,560,-1,560,593,594,-1,560,594,561,-1,561,594,595,-1,561,595,562,-1,562,595,596,-1,562,596,563,-1,564,597,598,-1,564,598,565,-1,565,598,599,-1,565,599,566,-1,566,599,600,-1,566,600,567,-1,567,600,601,-1,567,601,568,-1,568,601,602,-1,568,602,569,-1,569,602,603,-1,569,603,570,-1,570,603,604,-1,570,604,571,-1,571,604,605,-1,571,605,572,-1,572,605,606,-1,572,606,573,-1,573,606,607,-1,573,607,574,-1,574,607,608,-1,574,608,575,-1,575,608,609,-1,575,609,576,-1,576,609,610,-1,576,610,577,-1,577,610,611,-1,577,611,578,-1,578,611,612,-1,578,612,579,-1,579,612,613,-1,579,613,580,-1,580,613,614,-1,580,614,581,-1,581,614,615,-1,581,615,582,-1,582,615,616,-1,582,616,583,-1,583,616,617,-1,583,617,584,-1,584,617,618,-1,584,618,585,-1,585,618,619,-1,585,619,586,-1,586,619,620,-1,586,620,587,-1,587,620,621,-1,587,621,588,-1,588,621,622,-1,588,622,589,-1,589,622,623,-1,589,623,590,-1,590,623,624,-1,590,624,591,-1,591,624,625,-1,591,625,592,-1,592,625,626,-1,592,626,593,-1,593,626,627,-1,593,627,594,-1,594,627,628,-1,594,628,595,-1,595,628,629,-1,595,629,596,-1,597,630,631,-1,597,631,598,-1,598,631,632,-1,598,632,599,-1,599,632,633,-1,599,633,600,-1,600,633,634,-1,600,634,601,-1,601,634,635,-1,601,635,602,-1,602,635,636,-1,602,636,603,-1,603,636,637,-1,603,637,604,-1,604,637,638,-1,604,638,605,-1,605,638,639,-1,605,639,606,-1,606,639,640,-1,606,640,607,-1,607,640,641,-1,607,641,608,-1,608,641,642,-1,608,642,609,-1,609,642,643,-1,609,643,610,-1,610,643,644,-1,610,644,611,-1,611,644,645,-1,611,645,612,-1,612,645,646,-1,612,646,613,-1,613,646,647,-1,613,647,614,-1,614,647,648,-1,614,648,615,-1,615,648,649,-1,615,649,616,-1,616,649,650,-1,616,650,617,-1,617,650,651,-1,617,651,618,-1,618,651,652,-1,618,652,619,-1,619,652,653,-1,619,653,620,-1,620,653,654,-1,620,654,621,-1,621,654,655,-1,621,655,622,-1,622,655,656,-1,622,656,623,-1,623,656,657,-1,623,657,624,-1,624,657,658,-1,624,658,625,-1,625,658,659,-1,625,659,626,-1,626,659,660,-1,626,660,627,-1,627,660,661,-1,627,661,628,-1,628,661,662,-1,628,662,629,-1,630,663,664,-1,630,664,631,-1,631,664,665,-1,631,665,632,-1,632,665,666,-1,632,666,633,-1,633,666,667,-1,633,667,634,-1,634,667,668,-1,634,668,635,-1,635,668,669,-1,635,669,636,-1,636,669,670,-1,636,670,637,-1,637,670,671,-1,637,671,638,-1,638,671,672,-1,638,672,639,-1,639,672,673,-1,639,673,640,-1,640,673,674,-1,640,674,641,-1,641,674,675,-1,641,675,642,-1,642,675,676,-1,642,676,643,-1,643,676,677,-1,643,677,644,-1,644,677,678,-1,644,678,645,-1,645,678,679,-1,645,679,646,-1,646,679,680,-1,646,680,647,-1,647,680,681,-1,647,681,648,-1,648,681,682,-1,648,682,649,-1,649,682,683,-1,649,683,650,-1,650,683,684,-1,650,684,651,-1,651,684,685,-1,651,685,652,-1,652,685,686,-1,652,686,653,-1,653,686,687,-1,653,687,654,-1,654,687,688,-1,654,688,655,-1,655,688,689,-1,655,689,656,-1,656,689,690,-1,656,690,657,-1,657,690,691,-1,657,691,658,-1,658,691,692,-1,658,692,659,-1,659,692,693,-1,659,693,660,-1,660,693,694,-1,660,694,661,-1,661,694,695,-1,661,695,662,-1,663,696,697,-1,663,697,664,-1,664,697,698,-1,664,698,665,-1,665,698,699,-1,665,699,666,-1,666,699,700,-1,666,700,667,-1,667,700,701,-1,667,701,668,-1,668,701,702,-1,668,702,669,-1,669,702,703,-1,669,703,670,-1,670,703,704,-1,670,704,671,-1,671,704,705,-1,671,705,672,-1,672,705,706,-1,672,706,673,-1,673,706,707,-1,673,707,674,-1,674,707,708,-1,674,708,675,-1,675,708,709,-1,675,709,676,-1,676,709,710,-1,676,710,677,-1,677,710,711,-1,677,711,678,-1,678,711,712,-1,678,712,679,-1,679,712,713,-1,679,713,680,-1,680,713,714,-1,680,714,681,-1,681,714,715,-1,681,715,682,-1,682,715,716,-1,682,716,683,-1,683,716,717,-1,683,717,684,-1,684,717,718,-1,684,718,685,-1,685,718,719,-1,685,719,686,-1,686,719,720,-1,686,720,687,-1,687,720,721,-1,687,721,688,-1,688,721,722,-1,688,722,689,-1,689,722,723,-1,689,723,690,-1,690,723,724,-1,690,724,691,-1,691,724,725,-1,691,725,692,-1,692,725,726,-1,692,726,693,-1,693,726,727,-1,693,727,694,-1,694,727,728,-1,694,728,695,-1,696,729,730,-1,696,730,697,-1,697,730,731,-1,697,731,698,-1,698,731,732,-1,698,732,699,-1,699,732,733,-1,699,733,700,-1,700,733,734,-1,700,734,701,-1,701,734,735,-1,701,735,702,-1,702,735,736,-1,702,736,703,-1,703,736,737,-1,703,737,704,-1,704,737,738,-1,704,738,705,-1,705,738,739,-1,705,739,706,-1,706,739,740,-1,706,740,707,-1,707,740,741,-1,707,741,708,-1,708,741,742,-1,708,742,709,-1,709,742,743,-1,709,743,710,-1,710,743,744,-1,710,744,711,-1,711,744,745,-1,711,745,712,-1,712,745,746,-1,712,746,713,-1,713,746,747,-1,713,747,714,-1,714,747,748,-1,714,748,715,-1,715,748,749,-1,715,749,716,-1,716,749,750,-1,716,750,717,-1,717,750,751,-1,717,751,718,-1,718,751,752,-1,718,752,719,-1,719,752,753,-1,719,753,720,-1,720,753,754,-1,720,754,721,-1,721,754,755,-1,721,755,722,-1,722,755,756,-1,722,756,723,-1,723,756,757,-1,723,757,724,-1,724,757,758,-1,724,758,725,-1,725,758,759,-1,725,759,726,-1,726,759,760,-1,726,760,727,-1,727,760,761,-1,727,761,728,-1,762,763,729,-1,763,764,729,-1,729,764,765,-1,729,765,730,-1,730,765,766,-1,730,766,731,-1,731,766,767,-1,731,767,732,-1,732,767,768,-1,732,768,733,-1,733,768,769,-1,733,769,734,-1,734,769,770,-1,734,770,735,-1,735,770,771,-1,735,771,736,-1,736,771,772,-1,736,772,737,-1,737,772,773,-1,737,773,738,-1,738,773,774,-1,738,774,739,-1,739,774,775,-1,739,775,740,-1,740,775,776,-1,740,776,741,-1,741,776,777,-1,741,777,742,-1,742,777,778,-1,742,778,743,-1,743,778,779,-1,743,779,744,-1,744,779,780,-1,744,780,745,-1,745,780,781,-1,745,781,746,-1,746,781,782,-1,746,782,747,-1,747,782,783,-1,747,783,748,-1,748,783,784,-1,748,784,749,-1,749,784,785,-1,749,785,750,-1,750,785,786,-1,750,786,751,-1,751,786,787,-1,751,787,752,-1,752,787,788,-1,752,788,753,-1,753,788,789,-1,753,789,754,-1,754,789,790,-1,754,790,755,-1,755,790,791,-1,755,791,756,-1,756,791,792,-1,756,792,757,-1,757,792,793,-1,757,793,758,-1,758,793,794,-1,758,794,759,-1,759,794,795,-1,759,795,760,-1,760,795,762,-1,760,762,761,-1,761,762,729,-1,761,729,728,-1,728,729,696,-1,728,696,695,-1,695,696,663,-1,695,663,662,-1,662,663,630,-1,662,630,629,-1,629,630,597,-1,629,597,596,-1,596,597,564,-1,596,564,563,-1,563,564,531,-1,563,531,530,-1,530,531,498,-1,530,498,497,-1,497,498,465,-1,497,465,464,-1,464,465,432,-1,464,432,414,-1,414,432,419,-1,414,419,398,-1,796,797,798,-1,796,799,800,-1,801,799,796,-1,798,801,796,-1,796,802,803,-1,804,802,796,-1,800,804,796,-1,796,805,806,-1,807,805,796,-1,803,807,796,-1,796,808,809,-1,810,808,796,-1,806,810,796,-1,796,811,812,-1,813,811,796,-1,809,813,796,-1,796,814,815,-1,816,814,796,-1,817,816,796,-1,796,818,819,-1,820,818,796,-1,815,820,796,-1,796,821,822,-1,823,821,796,-1,819,823,796,-1,796,824,825,-1,826,824,796,-1,822,826,796,-1,796,827,828,-1,829,827,796,-1,825,829,796,-1,828,797,796,-1,817,830,831,-1,817,831,816,-1,816,831,832,-1,816,832,814,-1,814,832,833,-1,814,833,815,-1,815,833,834,-1,815,834,820,-1,820,834,835,-1,820,835,818,-1,818,835,836,-1,818,836,819,-1,819,836,837,-1,819,837,823,-1,823,837,838,-1,823,838,821,-1,821,838,839,-1,821,839,822,-1,822,839,840,-1,822,840,826,-1,826,840,841,-1,826,841,824,-1,824,841,842,-1,824,842,825,-1,825,842,843,-1,825,843,829,-1,829,843,844,-1,829,844,827,-1,827,844,845,-1,827,845,828,-1,828,845,846,-1,828,846,797,-1,797,846,847,-1,797,847,798,-1,798,847,848,-1,798,848,801,-1,801,848,849,-1,801,849,799,-1,799,849,850,-1,799,850,800,-1,800,850,851,-1,800,851,804,-1,804,851,852,-1,804,852,802,-1,802,852,853,-1,802,853,803,-1,803,853,854,-1,803,854,807,-1,807,854,855,-1,807,855,805,-1,805,855,856,-1,805,856,806,-1,806,856,857,-1,806,857,810,-1,810,857,858,-1,810,858,808,-1,808,858,859,-1,808,859,809,-1,809,859,860,-1,809,860,813,-1,813,860,861,-1,813,861,811,-1,811,861,862,-1,811,862,812,-1,830,863,864,-1,830,864,831,-1,831,864,865,-1,831,865,832,-1,832,865,866,-1,832,866,833,-1,833,866,867,-1,833,867,834,-1,834,867,868,-1,834,868,835,-1,835,868,869,-1,835,869,836,-1,836,869,870,-1,836,870,837,-1,837,870,871,-1,837,871,838,-1,838,871,872,-1,838,872,839,-1,839,872,873,-1,839,873,840,-1,840,873,874,-1,840,874,841,-1,841,874,875,-1,841,875,842,-1,842,875,876,-1,842,876,843,-1,843,876,877,-1,843,877,844,-1,844,877,878,-1,844,878,845,-1,845,878,879,-1,845,879,846,-1,846,879,880,-1,846,880,847,-1,847,880,881,-1,847,881,848,-1,848,881,882,-1,848,882,849,-1,849,882,883,-1,849,883,850,-1,850,883,884,-1,850,884,851,-1,851,884,885,-1,851,885,852,-1,852,885,886,-1,852,886,853,-1,853,886,887,-1,853,887,854,-1,854,887,888,-1,854,888,855,-1,855,888,889,-1,855,889,856,-1,856,889,890,-1,856,890,857,-1,857,890,891,-1,857,891,858,-1,858,891,892,-1,858,892,859,-1,859,892,893,-1,859,893,860,-1,860,893,894,-1,860,894,861,-1,861,894,895,-1,861,895,862,-1,863,896,897,-1,863,897,864,-1,864,897,898,-1,864,898,865,-1,865,898,899,-1,865,899,866,-1,866,899,900,-1,866,900,867,-1,867,900,901,-1,867,901,868,-1,868,901,902,-1,868,902,869,-1,869,902,903,-1,869,903,870,-1,870,903,904,-1,870,904,871,-1,871,904,905,-1,871,905,872,-1,872,905,906,-1,872,906,873,-1,873,906,907,-1,873,907,874,-1,874,907,908,-1,874,908,875,-1,875,908,909,-1,875,909,876,-1,876,909,910,-1,876,910,877,-1,877,910,911,-1,877,911,878,-1,878,911,912,-1,878,912,879,-1,879,912,913,-1,879,913,880,-1,880,913,914,-1,880,914,881,-1,881,914,915,-1,881,915,882,-1,882,915,916,-1,882,916,883,-1,883,916,917,-1,883,917,884,-1,884,917,918,-1,884,918,885,-1,885,918,919,-1,885,919,886,-1,886,919,920,-1,886,920,887,-1,887,920,921,-1,887,921,888,-1,888,921,922,-1,888,922,889,-1,889,922,923,-1,889,923,890,-1,890,923,924,-1,890,924,891,-1,891,924,925,-1,891,925,892,-1,892,925,926,-1,892,926,893,-1,893,926,927,-1,893,927,894,-1,894,927,928,-1,894,928,895,-1,896,929,930,-1,896,930,897,-1,897,930,931,-1,897,931,898,-1,898,931,932,-1,898,932,899,-1,899,932,933,-1,899,933,900,-1,900,933,934,-1,900,934,901,-1,901,934,935,-1,901,935,902,-1,902,935,936,-1,902,936,903,-1,903,936,937,-1,903,937,904,-1,904,937,938,-1,904,938,905,-1,905,938,939,-1,905,939,906,-1,906,939,940,-1,906,940,907,-1,907,940,941,-1,907,941,908,-1,908,941,942,-1,908,942,909,-1,909,942,943,-1,909,943,910,-1,910,943,944,-1,910,944,911,-1,911,944,945,-1,911,945,912,-1,912,945,946,-1,912,946,913,-1,913,946,947,-1,913,947,914,-1,914,947,948,-1,914,948,915,-1,915,948,949,-1,915,949,916,-1,916,949,950,-1,916,950,917,-1,917,950,951,-1,917,951,918,-1,918,951,952,-1,918,952,919,-1,919,952,953,-1,919,953,920,-1,920,953,954,-1,920,954,921,-1,921,954,955,-1,921,955,922,-1,922,955,956,-1,922,956,923,-1,923,956,957,-1,923,957,924,-1,924,957,958,-1,924,958,925,-1,925,958,959,-1,925,959,926,-1,926,959,960,-1,926,960,927,-1,927,960,961,-1,927,961,928,-1,929,962,963,-1,929,963,930,-1,930,963,964,-1,930,964,931,-1,931,964,965,-1,931,965,932,-1,932,965,966,-1,932,966,933,-1,933,966,967,-1,933,967,934,-1,934,967,968,-1,934,968,935,-1,935,968,969,-1,935,969,936,-1,936,969,970,-1,936,970,937,-1,937,970,971,-1,937,971,938,-1,938,971,972,-1,938,972,939,-1,939,972,973,-1,939,973,940,-1,940,973,974,-1,940,974,941,-1,941,974,975,-1,941,975,942,-1,942,975,976,-1,942,976,943,-1,943,976,977,-1,943,977,944,-1,944,977,978,-1,944,978,945,-1,945,978,979,-1,945,979,946,-1,946,979,980,-1,946,980,947,-1,947,980,981,-1,947,981,948,-1,948,981,982,-1,948,982,949,-1,949,982,983,-1,949,983,950,-1,950,983,984,-1,950,984,951,-1,951,984,985,-1,951,985,952,-1,952,985,986,-1,952,986,953,-1,953,986,987,-1,953,987,954,-1,954,987,988,-1,954,988,955,-1,955,988,989,-1,955,989,956,-1,956,989,990,-1,956,990,957,-1,957,990,991,-1,957,991,958,-1,958,991,992,-1,958,992,959,-1,959,992,993,-1,959,993,960,-1,960,993,994,-1,960,994,961,-1,962,995,996,-1,962,996,963,-1,963,996,997,-1,963,997,964,-1,964,997,998,-1,964,998,965,-1,965,998,999,-1,965,999,966,-1,966,999,1000,-1,966,1000,967,-1,967,1000,1001,-1,967,1001,968,-1,968,1001,1002,-1,968,1002,969,-1,969,1002,1003,-1,969,1003,970,-1,970,1003,1004,-1,970,1004,971,-1,971,1004,1005,-1,971,1005,972,-1,972,1005,1006,-1,972,1006,973,-1,973,1006,1007,-1,973,1007,974,-1,974,1007,1008,-1,974,1008,975,-1,975,1008,1009,-1,975,1009,976,-1,976,1009,1010,-1,976,1010,977,-1,977,1010,1011,-1,977,1011,978,-1,978,1011,1012,-1,978,1012,979,-1,979,1012,1013,-1,979,1013,980,-1,980,1013,1014,-1,980,1014,981,-1,981,1014,1015,-1,981,1015,982,-1,982,1015,1016,-1,982,1016,983,-1,983,1016,1017,-1,983,1017,984,-1,984,1017,1018,-1,984,1018,985,-1,985,1018,1019,-1,985,1019,986,-1,986,1019,1020,-1,986,1020,987,-1,987,1020,1021,-1,987,1021,988,-1,988,1021,1022,-1,988,1022,989,-1,989,1022,1023,-1,989,1023,990,-1,990,1023,1024,-1,990,1024,991,-1,991,1024,1025,-1,991,1025,992,-1,992,1025,1026,-1,992,1026,993,-1,993,1026,1027,-1,993,1027,994,-1,995,1028,1029,-1,995,1029,996,-1,996,1029,1030,-1,996,1030,997,-1,997,1030,1031,-1,997,1031,998,-1,998,1031,1032,-1,998,1032,999,-1,999,1032,1033,-1,999,1033,1000,-1,1000,1033,1034,-1,1000,1034,1001,-1,1001,1034,1035,-1,1001,1035,1002,-1,1002,1035,1036,-1,1002,1036,1003,-1,1003,1036,1037,-1,1003,1037,1004,-1,1004,1037,1038,-1,1004,1038,1005,-1,1005,1038,1039,-1,1005,1039,1006,-1,1006,1039,1040,-1,1006,1040,1007,-1,1007,1040,1041,-1,1007,1041,1008,-1,1008,1041,1042,-1,1008,1042,1009,-1,1009,1042,1043,-1,1009,1043,1010,-1,1010,1043,1044,-1,1010,1044,1011,-1,1011,1044,1045,-1,1011,1045,1012,-1,1012,1045,1046,-1,1012,1046,1013,-1,1013,1046,1047,-1,1013,1047,1014,-1,1014,1047,1048,-1,1014,1048,1015,-1,1015,1048,1049,-1,1015,1049,1016,-1,1016,1049,1050,-1,1016,1050,1017,-1,1017,1050,1051,-1,1017,1051,1018,-1,1018,1051,1052,-1,1018,1052,1019,-1,1019,1052,1053,-1,1019,1053,1020,-1,1020,1053,1054,-1,1020,1054,1021,-1,1021,1054,1055,-1,1021,1055,1022,-1,1022,1055,1056,-1,1022,1056,1023,-1,1023,1056,1057,-1,1023,1057,1024,-1,1024,1057,1058,-1,1024,1058,1025,-1,1025,1058,1059,-1,1025,1059,1026,-1,1026,1059,1060,-1,1026,1060,1027,-1,1028,1061,1062,-1,1028,1062,1029,-1,1029,1062,1063,-1,1029,1063,1030,-1,1030,1063,1064,-1,1030,1064,1031,-1,1031,1064,1065,-1,1031,1065,1032,-1,1032,1065,1066,-1,1032,1066,1033,-1,1033,1066,1067,-1,1033,1067,1034,-1,1034,1067,1068,-1,1034,1068,1035,-1,1035,1068,1069,-1,1035,1069,1036,-1,1036,1069,1070,-1,1036,1070,1037,-1,1037,1070,1071,-1,1037,1071,1038,-1,1038,1071,1072,-1,1038,1072,1039,-1,1039,1072,1073,-1,1039,1073,1040,-1,1040,1073,1074,-1,1040,1074,1041,-1,1041,1074,1075,-1,1041,1075,1042,-1,1042,1075,1076,-1,1042,1076,1043,-1,1043,1076,1077,-1,1043,1077,1044,-1,1044,1077,1078,-1,1044,1078,1045,-1,1045,1078,1079,-1,1045,1079,1046,-1,1046,1079,1080,-1,1046,1080,1047,-1,1047,1080,1081,-1,1047,1081,1048,-1,1048,1081,1082,-1,1048,1082,1049,-1,1049,1082,1083,-1,1049,1083,1050,-1,1050,1083,1084,-1,1050,1084,1051,-1,1051,1084,1085,-1,1051,1085,1052,-1,1052,1085,1086,-1,1052,1086,1053,-1,1053,1086,1087,-1,1053,1087,1054,-1,1054,1087,1088,-1,1054,1088,1055,-1,1055,1088,1089,-1,1055,1089,1056,-1,1056,1089,1090,-1,1056,1090,1057,-1,1057,1090,1091,-1,1057,1091,1058,-1,1058,1091,1092,-1,1058,1092,1059,-1,1059,1092,1093,-1,1059,1093,1060,-1,1061,1094,1095,-1,1061,1095,1062,-1,1062,1095,1096,-1,1062,1096,1063,-1,1063,1096,1097,-1,1063,1097,1064,-1,1064,1097,1098,-1,1064,1098,1065,-1,1065,1098,1099,-1,1065,1099,1066,-1,1066,1099,1100,-1,1066,1100,1067,-1,1067,1100,1101,-1,1067,1101,1068,-1,1068,1101,1102,-1,1068,1102,1069,-1,1069,1102,1103,-1,1069,1103,1070,-1,1070,1103,1104,-1,1070,1104,1071,-1,1071,1104,1105,-1,1071,1105,1072,-1,1072,1105,1106,-1,1072,1106,1073,-1,1073,1106,1107,-1,1073,1107,1074,-1,1074,1107,1108,-1,1074,1108,1075,-1,1075,1108,1109,-1,1075,1109,1076,-1,1076,1109,1110,-1,1076,1110,1077,-1,1077,1110,1111,-1,1077,1111,1078,-1,1078,1111,1112,-1,1078,1112,1079,-1,1079,1112,1113,-1,1079,1113,1080,-1,1080,1113,1114,-1,1080,1114,1081,-1,1081,1114,1115,-1,1081,1115,1082,-1,1082,1115,1116,-1,1082,1116,1083,-1,1083,1116,1117,-1,1083,1117,1084,-1,1084,1117,1118,-1,1084,1118,1085,-1,1085,1118,1119,-1,1085,1119,1086,-1,1086,1119,1120,-1,1086,1120,1087,-1,1087,1120,1121,-1,1087,1121,1088,-1,1088,1121,1122,-1,1088,1122,1089,-1,1089,1122,1123,-1,1089,1123,1090,-1,1090,1123,1124,-1,1090,1124,1091,-1,1091,1124,1125,-1,1091,1125,1092,-1,1092,1125,1126,-1,1092,1126,1093,-1,1094,1127,1128,-1,1094,1128,1095,-1,1095,1128,1129,-1,1095,1129,1096,-1,1096,1129,1130,-1,1096,1130,1097,-1,1097,1130,1131,-1,1097,1131,1098,-1,1098,1131,1132,-1,1098,1132,1099,-1,1099,1132,1133,-1,1099,1133,1100,-1,1100,1133,1134,-1,1100,1134,1101,-1,1101,1134,1135,-1,1101,1135,1102,-1,1102,1135,1136,-1,1102,1136,1103,-1,1103,1136,1137,-1,1103,1137,1104,-1,1104,1137,1138,-1,1104,1138,1105,-1,1105,1138,1139,-1,1105,1139,1106,-1,1106,1139,1140,-1,1106,1140,1107,-1,1107,1140,1141,-1,1107,1141,1108,-1,1108,1141,1142,-1,1108,1142,1109,-1,1109,1142,1143,-1,1109,1143,1110,-1,1110,1143,1144,-1,1110,1144,1111,-1,1111,1144,1145,-1,1111,1145,1112,-1,1112,1145,1146,-1,1112,1146,1113,-1,1113,1146,1147,-1,1113,1147,1114,-1,1114,1147,1148,-1,1114,1148,1115,-1,1115,1148,1149,-1,1115,1149,1116,-1,1116,1149,1150,-1,1116,1150,1117,-1,1117,1150,1151,-1,1117,1151,1118,-1,1118,1151,1152,-1,1118,1152,1119,-1,1119,1152,1153,-1,1119,1153,1120,-1,1120,1153,1154,-1,1120,1154,1121,-1,1121,1154,1155,-1,1121,1155,1122,-1,1122,1155,1156,-1,1122,1156,1123,-1,1123,1156,1157,-1,1123,1157,1124,-1,1124,1157,1158,-1,1124,1158,1125,-1,1125,1158,1159,-1,1125,1159,1126,-1,1160,1161,1127,-1,1161,1162,1127,-1,1127,1162,1163,-1,1127,1163,1128,-1,1128,1163,1164,-1,1128,1164,1129,-1,1129,1164,1165,-1,1129,1165,1130,-1,1130,1165,1166,-1,1130,1166,1131,-1,1131,1166,1167,-1,1131,1167,1132,-1,1132,1167,1168,-1,1132,1168,1133,-1,1133,1168,1169,-1,1133,1169,1134,-1,1134,1169,1170,-1,1134,1170,1135,-1,1135,1170,1171,-1,1135,1171,1136,-1,1136,1171,1172,-1,1136,1172,1137,-1,1137,1172,1173,-1,1137,1173,1138,-1,1138,1173,1174,-1,1138,1174,1139,-1,1139,1174,1175,-1,1139,1175,1140,-1,1140,1175,1176,-1,1140,1176,1141,-1,1141,1176,1177,-1,1141,1177,1142,-1,1142,1177,1178,-1,1142,1178,1143,-1,1143,1178,1179,-1,1143,1179,1144,-1,1144,1179,1180,-1,1144,1180,1145,-1,1145,1180,1181,-1,1145,1181,1146,-1,1146,1181,1182,-1,1146,1182,1147,-1,1147,1182,1183,-1,1147,1183,1148,-1,1148,1183,1184,-1,1148,1184,1149,-1,1149,1184,1185,-1,1149,1185,1150,-1,1150,1185,1186,-1,1150,1186,1151,-1,1151,1186,1187,-1,1151,1187,1152,-1,1152,1187,1188,-1,1152,1188,1153,-1,1153,1188,1189,-1,1153,1189,1154,-1,1154,1189,1190,-1,1154,1190,1155,-1,1155,1190,1191,-1,1155,1191,1156,-1,1156,1191,1192,-1,1156,1192,1157,-1,1157,1192,1193,-1,1157,1193,1158,-1,1158,1193,1160,-1,1158,1160,1159,-1,1159,1160,1127,-1,1159,1127,1126,-1,1126,1127,1094,-1,1126,1094,1093,-1,1093,1094,1061,-1,1093,1061,1060,-1,1060,1061,1028,-1,1060,1028,1027,-1,1027,1028,995,-1,1027,995,994,-1,994,995,962,-1,994,962,961,-1,961,962,929,-1,961,929,928,-1,928,929,896,-1,928,896,895,-1,895,896,863,-1,895,863,862,-1,862,863,830,-1,862,830,812,-1,812,830,817,-1,812,817,796,-1,1194,1195,1196,-1,1194,1197,1198,-1,1199,1197,1194,-1,1196,1199,1194,-1,1194,1200,1201,-1,1202,1200,1194,-1,1198,1202,1194,-1,1194,1203,1204,-1,1205,1203,1194,-1,1201,1205,1194,-1,1194,1206,1207,-1,1208,1206,1194,-1,1204,1208,1194,-1,1194,1209,1210,-1,1211,1209,1194,-1,1207,1211,1194,-1,1194,1212,1213,-1,1214,1212,1194,-1,1215,1214,1194,-1,1194,1216,1217,-1,1218,1216,1194,-1,1213,1218,1194,-1,1194,1219,1220,-1,1221,1219,1194,-1,1217,1221,1194,-1,1194,1222,1223,-1,1224,1222,1194,-1,1220,1224,1194,-1,1194,1225,1226,-1,1227,1225,1194,-1,1223,1227,1194,-1,1226,1195,1194,-1,1215,1228,1229,-1,1215,1229,1214,-1,1214,1229,1230,-1,1214,1230,1212,-1,1212,1230,1231,-1,1212,1231,1213,-1,1213,1231,1232,-1,1213,1232,1218,-1,1218,1232,1233,-1,1218,1233,1216,-1,1216,1233,1234,-1,1216,1234,1217,-1,1217,1234,1235,-1,1217,1235,1221,-1,1221,1235,1236,-1,1221,1236,1219,-1,1219,1236,1237,-1,1219,1237,1220,-1,1220,1237,1238,-1,1220,1238,1224,-1,1224,1238,1239,-1,1224,1239,1222,-1,1222,1239,1240,-1,1222,1240,1223,-1,1223,1240,1241,-1,1223,1241,1227,-1,1227,1241,1242,-1,1227,1242,1225,-1,1225,1242,1243,-1,1225,1243,1226,-1,1226,1243,1244,-1,1226,1244,1195,-1,1195,1244,1245,-1,1195,1245,1196,-1,1196,1245,1246,-1,1196,1246,1199,-1,1199,1246,1247,-1,1199,1247,1197,-1,1197,1247,1248,-1,1197,1248,1198,-1,1198,1248,1249,-1,1198,1249,1202,-1,1202,1249,1250,-1,1202,1250,1200,-1,1200,1250,1251,-1,1200,1251,1201,-1,1201,1251,1252,-1,1201,1252,1205,-1,1205,1252,1253,-1,1205,1253,1203,-1,1203,1253,1254,-1,1203,1254,1204,-1,1204,1254,1255,-1,1204,1255,1208,-1,1208,1255,1256,-1,1208,1256,1206,-1,1206,1256,1257,-1,1206,1257,1207,-1,1207,1257,1258,-1,1207,1258,1211,-1,1211,1258,1259,-1,1211,1259,1209,-1,1209,1259,1260,-1,1209,1260,1210,-1,1228,1261,1262,-1,1228,1262,1229,-1,1229,1262,1263,-1,1229,1263,1230,-1,1230,1263,1264,-1,1230,1264,1231,-1,1231,1264,1265,-1,1231,1265,1232,-1,1232,1265,1266,-1,1232,1266,1233,-1,1233,1266,1267,-1,1233,1267,1234,-1,1234,1267,1268,-1,1234,1268,1235,-1,1235,1268,1269,-1,1235,1269,1236,-1,1236,1269,1270,-1,1236,1270,1237,-1,1237,1270,1271,-1,1237,1271,1238,-1,1238,1271,1272,-1,1238,1272,1239,-1,1239,1272,1273,-1,1239,1273,1240,-1,1240,1273,1274,-1,1240,1274,1241,-1,1241,1274,1275,-1,1241,1275,1242,-1,1242,1275,1276,-1,1242,1276,1243,-1,1243,1276,1277,-1,1243,1277,1244,-1,1244,1277,1278,-1,1244,1278,1245,-1,1245,1278,1279,-1,1245,1279,1246,-1,1246,1279,1280,-1,1246,1280,1247,-1,1247,1280,1281,-1,1247,1281,1248,-1,1248,1281,1282,-1,1248,1282,1249,-1,1249,1282,1283,-1,1249,1283,1250,-1,1250,1283,1284,-1,1250,1284,1251,-1,1251,1284,1285,-1,1251,1285,1252,-1,1252,1285,1286,-1,1252,1286,1253,-1,1253,1286,1287,-1,1253,1287,1254,-1,1254,1287,1288,-1,1254,1288,1255,-1,1255,1288,1289,-1,1255,1289,1256,-1,1256,1289,1290,-1,1256,1290,1257,-1,1257,1290,1291,-1,1257,1291,1258,-1,1258,1291,1292,-1,1258,1292,1259,-1,1259,1292,1293,-1,1259,1293,1260,-1,1261,1294,1295,-1,1261,1295,1262,-1,1262,1295,1296,-1,1262,1296,1263,-1,1263,1296,1297,-1,1263,1297,1264,-1,1264,1297,1298,-1,1264,1298,1265,-1,1265,1298,1299,-1,1265,1299,1266,-1,1266,1299,1300,-1,1266,1300,1267,-1,1267,1300,1301,-1,1267,1301,1268,-1,1268,1301,1302,-1,1268,1302,1269,-1,1269,1302,1303,-1,1269,1303,1270,-1,1270,1303,1304,-1,1270,1304,1271,-1,1271,1304,1305,-1,1271,1305,1272,-1,1272,1305,1306,-1,1272,1306,1273,-1,1273,1306,1307,-1,1273,1307,1274,-1,1274,1307,1308,-1,1274,1308,1275,-1,1275,1308,1309,-1,1275,1309,1276,-1,1276,1309,1310,-1,1276,1310,1277,-1,1277,1310,1311,-1,1277,1311,1278,-1,1278,1311,1312,-1,1278,1312,1279,-1,1279,1312,1313,-1,1279,1313,1280,-1,1280,1313,1314,-1,1280,1314,1281,-1,1281,1314,1315,-1,1281,1315,1282,-1,1282,1315,1316,-1,1282,1316,1283,-1,1283,1316,1317,-1,1283,1317,1284,-1,1284,1317,1318,-1,1284,1318,1285,-1,1285,1318,1319,-1,1285,1319,1286,-1,1286,1319,1320,-1,1286,1320,1287,-1,1287,1320,1321,-1,1287,1321,1288,-1,1288,1321,1322,-1,1288,1322,1289,-1,1289,1322,1323,-1,1289,1323,1290,-1,1290,1323,1324,-1,1290,1324,1291,-1,1291,1324,1325,-1,1291,1325,1292,-1,1292,1325,1326,-1,1292,1326,1293,-1,1294,1327,1328,-1,1294,1328,1295,-1,1295,1328,1329,-1,1295,1329,1296,-1,1296,1329,1330,-1,1296,1330,1297,-1,1297,1330,1331,-1,1297,1331,1298,-1,1298,1331,1332,-1,1298,1332,1299,-1,1299,1332,1333,-1,1299,1333,1300,-1,1300,1333,1334,-1,1300,1334,1301,-1,1301,1334,1335,-1,1301,1335,1302,-1,1302,1335,1336,-1,1302,1336,1303,-1,1303,1336,1337,-1,1303,1337,1304,-1,1304,1337,1338,-1,1304,1338,1305,-1,1305,1338,1339,-1,1305,1339,1306,-1,1306,1339,1340,-1,1306,1340,1307,-1,1307,1340,1341,-1,1307,1341,1308,-1,1308,1341,1342,-1,1308,1342,1309,-1,1309,1342,1343,-1,1309,1343,1310,-1,1310,1343,1344,-1,1310,1344,1311,-1,1311,1344,1345,-1,1311,1345,1312,-1,1312,1345,1346,-1,1312,1346,1313,-1,1313,1346,1347,-1,1313,1347,1314,-1,1314,1347,1348,-1,1314,1348,1315,-1,1315,1348,1349,-1,1315,1349,1316,-1,1316,1349,1350,-1,1316,1350,1317,-1,1317,1350,1351,-1,1317,1351,1318,-1,1318,1351,1352,-1,1318,1352,1319,-1,1319,1352,1353,-1,1319,1353,1320,-1,1320,1353,1354,-1,1320,1354,1321,-1,1321,1354,1355,-1,1321,1355,1322,-1,1322,1355,1356,-1,1322,1356,1323,-1,1323,1356,1357,-1,1323,1357,1324,-1,1324,1357,1358,-1,1324,1358,1325,-1,1325,1358,1359,-1,1325,1359,1326,-1,1327,1360,1361,-1,1327,1361,1328,-1,1328,1361,1362,-1,1328,1362,1329,-1,1329,1362,1363,-1,1329,1363,1330,-1,1330,1363,1364,-1,1330,1364,1331,-1,1331,1364,1365,-1,1331,1365,1332,-1,1332,1365,1366,-1,1332,1366,1333,-1,1333,1366,1367,-1,1333,1367,1334,-1,1334,1367,1368,-1,1334,1368,1335,-1,1335,1368,1369,-1,1335,1369,1336,-1,1336,1369,1370,-1,1336,1370,1337,-1,1337,1370,1371,-1,1337,1371,1338,-1,1338,1371,1372,-1,1338,1372,1339,-1,1339,1372,1373,-1,1339,1373,1340,-1,1340,1373,1374,-1,1340,1374,1341,-1,1341,1374,1375,-1,1341,1375,1342,-1,1342,1375,1376,-1,1342,1376,1343,-1,1343,1376,1377,-1,1343,1377,1344,-1,1344,1377,1378,-1,1344,1378,1345,-1,1345,1378,1379,-1,1345,1379,1346,-1,1346,1379,1380,-1,1346,1380,1347,-1,1347,1380,1381,-1,1347,1381,1348,-1,1348,1381,1382,-1,1348,1382,1349,-1,1349,1382,1383,-1,1349,1383,1350,-1,1350,1383,1384,-1,1350,1384,1351,-1,1351,1384,1385,-1,1351,1385,1352,-1,1352,1385,1386,-1,1352,1386,1353,-1,1353,1386,1387,-1,1353,1387,1354,-1,1354,1387,1388,-1,1354,1388,1355,-1,1355,1388,1389,-1,1355,1389,1356,-1,1356,1389,1390,-1,1356,1390,1357,-1,1357,1390,1391,-1,1357,1391,1358,-1,1358,1391,1392,-1,1358,1392,1359,-1,1360,1393,1394,-1,1360,1394,1361,-1,1361,1394,1395,-1,1361,1395,1362,-1,1362,1395,1396,-1,1362,1396,1363,-1,1363,1396,1397,-1,1363,1397,1364,-1,1364,1397,1398,-1,1364,1398,1365,-1,1365,1398,1399,-1,1365,1399,1366,-1,1366,1399,1400,-1,1366,1400,1367,-1,1367,1400,1401,-1,1367,1401,1368,-1,1368,1401,1402,-1,1368,1402,1369,-1,1369,1402,1403,-1,1369,1403,1370,-1,1370,1403,1404,-1,1370,1404,1371,-1,1371,1404,1405,-1,1371,1405,1372,-1,1372,1405,1406,-1,1372,1406,1373,-1,1373,1406,1407,-1,1373,1407,1374,-1,1374,1407,1408,-1,1374,1408,1375,-1,1375,1408,1409,-1,1375,1409,1376,-1,1376,1409,1410,-1,1376,1410,1377,-1,1377,1410,1411,-1,1377,1411,1378,-1,1378,1411,1412,-1,1378,1412,1379,-1,1379,1412,1413,-1,1379,1413,1380,-1,1380,1413,1414,-1,1380,1414,1381,-1,1381,1414,1415,-1,1381,1415,1382,-1,1382,1415,1416,-1,1382,1416,1383,-1,1383,1416,1417,-1,1383,1417,1384,-1,1384,1417,1418,-1,1384,1418,1385,-1,1385,1418,1419,-1,1385,1419,1386,-1,1386,1419,1420,-1,1386,1420,1387,-1,1387,1420,1421,-1,1387,1421,1388,-1,1388,1421,1422,-1,1388,1422,1389,-1,1389,1422,1423,-1,1389,1423,1390,-1,1390,1423,1424,-1,1390,1424,1391,-1,1391,1424,1425,-1,1391,1425,1392,-1,1393,1426,1427,-1,1393,1427,1394,-1,1394,1427,1428,-1,1394,1428,1395,-1,1395,1428,1429,-1,1395,1429,1396,-1,1396,1429,1430,-1,1396,1430,1397,-1,1397,1430,1431,-1,1397,1431,1398,-1,1398,1431,1432,-1,1398,1432,1399,-1,1399,1432,1433,-1,1399,1433,1400,-1,1400,1433,1434,-1,1400,1434,1401,-1,1401,1434,1435,-1,1401,1435,1402,-1,1402,1435,1436,-1,1402,1436,1403,-1,1403,1436,1437,-1,1403,1437,1404,-1,1404,1437,1438,-1,1404,1438,1405,-1,1405,1438,1439,-1,1405,1439,1406,-1,1406,1439,1440,-1,1406,1440,1407,-1,1407,1440,1441,-1,1407,1441,1408,-1,1408,1441,1442,-1,1408,1442,1409,-1,1409,1442,1443,-1,1409,1443,1410,-1,1410,1443,1444,-1,1410,1444,1411,-1,1411,1444,1445,-1,1411,1445,1412,-1,1412,1445,1446,-1,1412,1446,1413,-1,1413,1446,1447,-1,1413,1447,1414,-1,1414,1447,1448,-1,1414,1448,1415,-1,1415,1448,1449,-1,1415,1449,1416,-1,1416,1449,1450,-1,1416,1450,1417,-1,1417,1450,1451,-1,1417,1451,1418,-1,1418,1451,1452,-1,1418,1452,1419,-1,1419,1452,1453,-1,1419,1453,1420,-1,1420,1453,1454,-1,1420,1454,1421,-1,1421,1454,1455,-1,1421,1455,1422,-1,1422,1455,1456,-1,1422,1456,1423,-1,1423,1456,1457,-1,1423,1457,1424,-1,1424,1457,1458,-1,1424,1458,1425,-1,1426,1459,1460,-1,1426,1460,1427,-1,1427,1460,1461,-1,1427,1461,1428,-1,1428,1461,1462,-1,1428,1462,1429,-1,1429,1462,1463,-1,1429,1463,1430,-1,1430,1463,1464,-1,1430,1464,1431,-1,1431,1464,1465,-1,1431,1465,1432,-1,1432,1465,1466,-1,1432,1466,1433,-1,1433,1466,1467,-1,1433,1467,1434,-1,1434,1467,1468,-1,1434,1468,1435,-1,1435,1468,1469,-1,1435,1469,1436,-1,1436,1469,1470,-1,1436,1470,1437,-1,1437,1470,1471,-1,1437,1471,1438,-1,1438,1471,1472,-1,1438,1472,1439,-1,1439,1472,1473,-1,1439,1473,1440,-1,1440,1473,1474,-1,1440,1474,1441,-1,1441,1474,1475,-1,1441,1475,1442,-1,1442,1475,1476,-1,1442,1476,1443,-1,1443,1476,1477,-1,1443,1477,1444,-1,1444,1477,1478,-1,1444,1478,1445,-1,1445,1478,1479,-1,1445,1479,1446,-1,1446,1479,1480,-1,1446,1480,1447,-1,1447,1480,1481,-1,1447,1481,1448,-1,1448,1481,1482,-1,1448,1482,1449,-1,1449,1482,1483,-1,1449,1483,1450,-1,1450,1483,1484,-1,1450,1484,1451,-1,1451,1484,1485,-1,1451,1485,1452,-1,1452,1485,1486,-1,1452,1486,1453,-1,1453,1486,1487,-1,1453,1487,1454,-1,1454,1487,1488,-1,1454,1488,1455,-1,1455,1488,1489,-1,1455,1489,1456,-1,1456,1489,1490,-1,1456,1490,1457,-1,1457,1490,1491,-1,1457,1491,1458,-1,1459,1492,1493,-1,1459,1493,1460,-1,1460,1493,1494,-1,1460,1494,1461,-1,1461,1494,1495,-1,1461,1495,1462,-1,1462,1495,1496,-1,1462,1496,1463,-1,1463,1496,1497,-1,1463,1497,1464,-1,1464,1497,1498,-1,1464,1498,1465,-1,1465,1498,1499,-1,1465,1499,1466,-1,1466,1499,1500,-1,1466,1500,1467,-1,1467,1500,1501,-1,1467,1501,1468,-1,1468,1501,1502,-1,1468,1502,1469,-1,1469,1502,1503,-1,1469,1503,1470,-1,1470,1503,1504,-1,1470,1504,1471,-1,1471,1504,1505,-1,1471,1505,1472,-1,1472,1505,1506,-1,1472,1506,1473,-1,1473,1506,1507,-1,1473,1507,1474,-1,1474,1507,1508,-1,1474,1508,1475,-1,1475,1508,1509,-1,1475,1509,1476,-1,1476,1509,1510,-1,1476,1510,1477,-1,1477,1510,1511,-1,1477,1511,1478,-1,1478,1511,1512,-1,1478,1512,1479,-1,1479,1512,1513,-1,1479,1513,1480,-1,1480,1513,1514,-1,1480,1514,1481,-1,1481,1514,1515,-1,1481,1515,1482,-1,1482,1515,1516,-1,1482,1516,1483,-1,1483,1516,1517,-1,1483,1517,1484,-1,1484,1517,1518,-1,1484,1518,1485,-1,1485,1518,1519,-1,1485,1519,1486,-1,1486,1519,1520,-1,1486,1520,1487,-1,1487,1520,1521,-1,1487,1521,1488,-1,1488,1521,1522,-1,1488,1522,1489,-1,1489,1522,1523,-1,1489,1523,1490,-1,1490,1523,1524,-1,1490,1524,1491,-1,1492,1525,1526,-1,1492,1526,1493,-1,1493,1526,1527,-1,1493,1527,1494,-1,1494,1527,1528,-1,1494,1528,1495,-1,1495,1528,1529,-1,1495,1529,1496,-1,1496,1529,1530,-1,1496,1530,1497,-1,1497,1530,1531,-1,1497,1531,1498,-1,1498,1531,1532,-1,1498,1532,1499,-1,1499,1532,1533,-1,1499,1533,1500,-1,1500,1533,1534,-1,1500,1534,1501,-1,1501,1534,1535,-1,1501,1535,1502,-1,1502,1535,1536,-1,1502,1536,1503,-1,1503,1536,1537,-1,1503,1537,1504,-1,1504,1537,1538,-1,1504,1538,1505,-1,1505,1538,1539,-1,1505,1539,1506,-1,1506,1539,1540,-1,1506,1540,1507,-1,1507,1540,1541,-1,1507,1541,1508,-1,1508,1541,1542,-1,1508,1542,1509,-1,1509,1542,1543,-1,1509,1543,1510,-1,1510,1543,1544,-1,1510,1544,1511,-1,1511,1544,1545,-1,1511,1545,1512,-1,1512,1545,1546,-1,1512,1546,1513,-1,1513,1546,1547,-1,1513,1547,1514,-1,1514,1547,1548,-1,1514,1548,1515,-1,1515,1548,1549,-1,1515,1549,1516,-1,1516,1549,1550,-1,1516,1550,1517,-1,1517,1550,1551,-1,1517,1551,1518,-1,1518,1551,1552,-1,1518,1552,1519,-1,1519,1552,1553,-1,1519,1553,1520,-1,1520,1553,1554,-1,1520,1554,1521,-1,1521,1554,1555,-1,1521,1555,1522,-1,1522,1555,1556,-1,1522,1556,1523,-1,1523,1556,1557,-1,1523,1557,1524,-1,1558,1559,1525,-1,1559,1560,1525,-1,1525,1560,1561,-1,1525,1561,1526,-1,1526,1561,1562,-1,1526,1562,1527,-1,1527,1562,1563,-1,1527,1563,1528,-1,1528,1563,1564,-1,1528,1564,1529,-1,1529,1564,1565,-1,1529,1565,1530,-1,1530,1565,1566,-1,1530,1566,1531,-1,1531,1566,1567,-1,1531,1567,1532,-1,1532,1567,1568,-1,1532,1568,1533,-1,1533,1568,1569,-1,1533,1569,1534,-1,1534,1569,1570,-1,1534,1570,1535,-1,1535,1570,1571,-1,1535,1571,1536,-1,1536,1571,1572,-1,1536,1572,1537,-1,1537,1572,1573,-1,1537,1573,1538,-1,1538,1573,1574,-1,1538,1574,1539,-1,1539,1574,1575,-1,1539,1575,1540,-1,1540,1575,1576,-1,1540,1576,1541,-1,1541,1576,1577,-1,1541,1577,1542,-1,1542,1577,1578,-1,1542,1578,1543,-1,1543,1578,1579,-1,1543,1579,1544,-1,1544,1579,1580,-1,1544,1580,1545,-1,1545,1580,1581,-1,1545,1581,1546,-1,1546,1581,1582,-1,1546,1582,1547,-1,1547,1582,1583,-1,1547,1583,1548,-1,1548,1583,1584,-1,1548,1584,1549,-1,1549,1584,1585,-1,1549,1585,1550,-1,1550,1585,1586,-1,1550,1586,1551,-1,1551,1586,1587,-1,1551,1587,1552,-1,1552,1587,1588,-1,1552,1588,1553,-1,1553,1588,1589,-1,1553,1589,1554,-1,1554,1589,1590,-1,1554,1590,1555,-1,1555,1590,1591,-1,1555,1591,1556,-1,1556,1591,1558,-1,1556,1558,1557,-1,1557,1558,1525,-1,1557,1525,1524,-1,1524,1525,1492,-1,1524,1492,1491,-1,1491,1492,1459,-1,1491,1459,1458,-1,1458,1459,1426,-1,1458,1426,1425,-1,1425,1426,1393,-1,1425,1393,1392,-1,1392,1393,1360,-1,1392,1360,1359,-1,1359,1360,1327,-1,1359,1327,1326,-1,1326,1327,1294,-1,1326,1294,1293,-1,1293,1294,1261,-1,1293,1261,1260,-1,1260,1261,1228,-1,1260,1228,1210,-1,1210,1228,1215,-1,1210,1215,1194,-1,1592,1593,1594,-1,1592,1595,1596,-1,1597,1595,1592,-1,1594,1597,1592,-1,1592,1598,1599,-1,1600,1598,1592,-1,1596,1600,1592,-1,1592,1601,1602,-1,1603,1601,1592,-1,1599,1603,1592,-1,1592,1604,1605,-1,1606,1604,1592,-1,1602,1606,1592,-1,1592,1607,1608,-1,1609,1607,1592,-1,1605,1609,1592,-1,1592,1610,1611,-1,1612,1610,1592,-1,1613,1612,1592,-1,1592,1614,1615,-1,1616,1614,1592,-1,1611,1616,1592,-1,1592,1617,1618,-1,1619,1617,1592,-1,1615,1619,1592,-1,1592,1620,1621,-1,1622,1620,1592,-1,1618,1622,1592,-1,1592,1623,1624,-1,1625,1623,1592,-1,1621,1625,1592,-1,1624,1593,1592,-1,1613,1626,1627,-1,1613,1627,1612,-1,1612,1627,1628,-1,1612,1628,1610,-1,1610,1628,1629,-1,1610,1629,1611,-1,1611,1629,1630,-1,1611,1630,1616,-1,1616,1630,1631,-1,1616,1631,1614,-1,1614,1631,1632,-1,1614,1632,1615,-1,1615,1632,1633,-1,1615,1633,1619,-1,1619,1633,1634,-1,1619,1634,1617,-1,1617,1634,1635,-1,1617,1635,1618,-1,1618,1635,1636,-1,1618,1636,1622,-1,1622,1636,1637,-1,1622,1637,1620,-1,1620,1637,1638,-1,1620,1638,1621,-1,1621,1638,1639,-1,1621,1639,1625,-1,1625,1639,1640,-1,1625,1640,1623,-1,1623,1640,1641,-1,1623,1641,1624,-1,1624,1641,1642,-1,1624,1642,1593,-1,1593,1642,1643,-1,1593,1643,1594,-1,1594,1643,1644,-1,1594,1644,1597,-1,1597,1644,1645,-1,1597,1645,1595,-1,1595,1645,1646,-1,1595,1646,1596,-1,1596,1646,1647,-1,1596,1647,1600,-1,1600,1647,1648,-1,1600,1648,1598,-1,1598,1648,1649,-1,1598,1649,1599,-1,1599,1649,1650,-1,1599,1650,1603,-1,1603,1650,1651,-1,1603,1651,1601,-1,1601,1651,1652,-1,1601,1652,1602,-1,1602,1652,1653,-1,1602,1653,1606,-1,1606,1653,1654,-1,1606,1654,1604,-1,1604,1654,1655,-1,1604,1655,1605,-1,1605,1655,1656,-1,1605,1656,1609,-1,1609,1656,1657,-1,1609,1657,1607,-1,1607,1657,1658,-1,1607,1658,1608,-1,1626,1659,1660,-1,1626,1660,1627,-1,1627,1660,1661,-1,1627,1661,1628,-1,1628,1661,1662,-1,1628,1662,1629,-1,1629,1662,1663,-1,1629,1663,1630,-1,1630,1663,1664,-1,1630,1664,1631,-1,1631,1664,1665,-1,1631,1665,1632,-1,1632,1665,1666,-1,1632,1666,1633,-1,1633,1666,1667,-1,1633,1667,1634,-1,1634,1667,1668,-1,1634,1668,1635,-1,1635,1668,1669,-1,1635,1669,1636,-1,1636,1669,1670,-1,1636,1670,1637,-1,1637,1670,1671,-1,1637,1671,1638,-1,1638,1671,1672,-1,1638,1672,1639,-1,1639,1672,1673,-1,1639,1673,1640,-1,1640,1673,1674,-1,1640,1674,1641,-1,1641,1674,1675,-1,1641,1675,1642,-1,1642,1675,1676,-1,1642,1676,1643,-1,1643,1676,1677,-1,1643,1677,1644,-1,1644,1677,1678,-1,1644,1678,1645,-1,1645,1678,1679,-1,1645,1679,1646,-1,1646,1679,1680,-1,1646,1680,1647,-1,1647,1680,1681,-1,1647,1681,1648,-1,1648,1681,1682,-1,1648,1682,1649,-1,1649,1682,1683,-1,1649,1683,1650,-1,1650,1683,1684,-1,1650,1684,1651,-1,1651,1684,1685,-1,1651,1685,1652,-1,1652,1685,1686,-1,1652,1686,1653,-1,1653,1686,1687,-1,1653,1687,1654,-1,1654,1687,1688,-1,1654,1688,1655,-1,1655,1688,1689,-1,1655,1689,1656,-1,1656,1689,1690,-1,1656,1690,1657,-1,1657,1690,1691,-1,1657,1691,1658,-1,1659,1692,1693,-1,1659,1693,1660,-1,1660,1693,1694,-1,1660,1694,1661,-1,1661,1694,1695,-1,1661,1695,1662,-1,1662,1695,1696,-1,1662,1696,1663,-1,1663,1696,1697,-1,1663,1697,1664,-1,1664,1697,1698,-1,1664,1698,1665,-1,1665,1698,1699,-1,1665,1699,1666,-1,1666,1699,1700,-1,1666,1700,1667,-1,1667,1700,1701,-1,1667,1701,1668,-1,1668,1701,1702,-1,1668,1702,1669,-1,1669,1702,1703,-1,1669,1703,1670,-1,1670,1703,1704,-1,1670,1704,1671,-1,1671,1704,1705,-1,1671,1705,1672,-1,1672,1705,1706,-1,1672,1706,1673,-1,1673,1706,1707,-1,1673,1707,1674,-1,1674,1707,1708,-1,1674,1708,1675,-1,1675,1708,1709,-1,1675,1709,1676,-1,1676,1709,1710,-1,1676,1710,1677,-1,1677,1710,1711,-1,1677,1711,1678,-1,1678,1711,1712,-1,1678,1712,1679,-1,1679,1712,1713,-1,1679,1713,1680,-1,1680,1713,1714,-1,1680,1714,1681,-1,1681,1714,1715,-1,1681,1715,1682,-1,1682,1715,1716,-1,1682,1716,1683,-1,1683,1716,1717,-1,1683,1717,1684,-1,1684,1717,1718,-1,1684,1718,1685,-1,1685,1718,1719,-1,1685,1719,1686,-1,1686,1719,1720,-1,1686,1720,1687,-1,1687,1720,1721,-1,1687,1721,1688,-1,1688,1721,1722,-1,1688,1722,1689,-1,1689,1722,1723,-1,1689,1723,1690,-1,1690,1723,1724,-1,1690,1724,1691,-1,1692,1725,1726,-1,1692,1726,1693,-1,1693,1726,1727,-1,1693,1727,1694,-1,1694,1727,1728,-1,1694,1728,1695,-1,1695,1728,1729,-1,1695,1729,1696,-1,1696,1729,1730,-1,1696,1730,1697,-1,1697,1730,1731,-1,1697,1731,1698,-1,1698,1731,1732,-1,1698,1732,1699,-1,1699,1732,1733,-1,1699,1733,1700,-1,1700,1733,1734,-1,1700,1734,1701,-1,1701,1734,1735,-1,1701,1735,1702,-1,1702,1735,1736,-1,1702,1736,1703,-1,1703,1736,1737,-1,1703,1737,1704,-1,1704,1737,1738,-1,1704,1738,1705,-1,1705,1738,1739,-1,1705,1739,1706,-1,1706,1739,1740,-1,1706,1740,1707,-1,1707,1740,1741,-1,1707,1741,1708,-1,1708,1741,1742,-1,1708,1742,1709,-1,1709,1742,1743,-1,1709,1743,1710,-1,1710,1743,1744,-1,1710,1744,1711,-1,1711,1744,1745,-1,1711,1745,1712,-1,1712,1745,1746,-1,1712,1746,1713,-1,1713,1746,1747,-1,1713,1747,1714,-1,1714,1747,1748,-1,1714,1748,1715,-1,1715,1748,1749,-1,1715,1749,1716,-1,1716,1749,1750,-1,1716,1750,1717,-1,1717,1750,1751,-1,1717,1751,1718,-1,1718,1751,1752,-1,1718,1752,1719,-1,1719,1752,1753,-1,1719,1753,1720,-1,1720,1753,1754,-1,1720,1754,1721,-1,1721,1754,1755,-1,1721,1755,1722,-1,1722,1755,1756,-1,1722,1756,1723,-1,1723,1756,1757,-1,1723,1757,1724,-1,1725,1758,1759,-1,1725,1759,1726,-1,1726,1759,1760,-1,1726,1760,1727,-1,1727,1760,1761,-1,1727,1761,1728,-1,1728,1761,1762,-1,1728,1762,1729,-1,1729,1762,1763,-1,1729,1763,1730,-1,1730,1763,1764,-1,1730,1764,1731,-1,1731,1764,1765,-1,1731,1765,1732,-1,1732,1765,1766,-1,1732,1766,1733,-1,1733,1766,1767,-1,1733,1767,1734,-1,1734,1767,1768,-1,1734,1768,1735,-1,1735,1768,1769,-1,1735,1769,1736,-1,1736,1769,1770,-1,1736,1770,1737,-1,1737,1770,1771,-1,1737,1771,1738,-1,1738,1771,1772,-1,1738,1772,1739,-1,1739,1772,1773,-1,1739,1773,1740,-1,1740,1773,1774,-1,1740,1774,1741,-1,1741,1774,1775,-1,1741,1775,1742,-1,1742,1775,1776,-1,1742,1776,1743,-1,1743,1776,1777,-1,1743,1777,1744,-1,1744,1777,1778,-1,1744,1778,1745,-1,1745,1778,1779,-1,1745,1779,1746,-1,1746,1779,1780,-1,1746,1780,1747,-1,1747,1780,1781,-1,1747,1781,1748,-1,1748,1781,1782,-1,1748,1782,1749,-1,1749,1782,1783,-1,1749,1783,1750,-1,1750,1783,1784,-1,1750,1784,1751,-1,1751,1784,1785,-1,1751,1785,1752,-1,1752,1785,1786,-1,1752,1786,1753,-1,1753,1786,1787,-1,1753,1787,1754,-1,1754,1787,1788,-1,1754,1788,1755,-1,1755,1788,1789,-1,1755,1789,1756,-1,1756,1789,1790,-1,1756,1790,1757,-1,1758,1791,1792,-1,1758,1792,1759,-1,1759,1792,1793,-1,1759,1793,1760,-1,1760,1793,1794,-1,1760,1794,1761,-1,1761,1794,1795,-1,1761,1795,1762,-1,1762,1795,1796,-1,1762,1796,1763,-1,1763,1796,1797,-1,1763,1797,1764,-1,1764,1797,1798,-1,1764,1798,1765,-1,1765,1798,1799,-1,1765,1799,1766,-1,1766,1799,1800,-1,1766,1800,1767,-1,1767,1800,1801,-1,1767,1801,1768,-1,1768,1801,1802,-1,1768,1802,1769,-1,1769,1802,1803,-1,1769,1803,1770,-1,1770,1803,1804,-1,1770,1804,1771,-1,1771,1804,1805,-1,1771,1805,1772,-1,1772,1805,1806,-1,1772,1806,1773,-1,1773,1806,1807,-1,1773,1807,1774,-1,1774,1807,1808,-1,1774,1808,1775,-1,1775,1808,1809,-1,1775,1809,1776,-1,1776,1809,1810,-1,1776,1810,1777,-1,1777,1810,1811,-1,1777,1811,1778,-1,1778,1811,1812,-1,1778,1812,1779,-1,1779,1812,1813,-1,1779,1813,1780,-1,1780,1813,1814,-1,1780,1814,1781,-1,1781,1814,1815,-1,1781,1815,1782,-1,1782,1815,1816,-1,1782,1816,1783,-1,1783,1816,1817,-1,1783,1817,1784,-1,1784,1817,1818,-1,1784,1818,1785,-1,1785,1818,1819,-1,1785,1819,1786,-1,1786,1819,1820,-1,1786,1820,1787,-1,1787,1820,1821,-1,1787,1821,1788,-1,1788,1821,1822,-1,1788,1822,1789,-1,1789,1822,1823,-1,1789,1823,1790,-1,1791,1824,1825,-1,1791,1825,1792,-1,1792,1825,1826,-1,1792,1826,1793,-1,1793,1826,1827,-1,1793,1827,1794,-1,1794,1827,1828,-1,1794,1828,1795,-1,1795,1828,1829,-1,1795,1829,1796,-1,1796,1829,1830,-1,1796,1830,1797,-1,1797,1830,1831,-1,1797,1831,1798,-1,1798,1831,1832,-1,1798,1832,1799,-1,1799,1832,1833,-1,1799,1833,1800,-1,1800,1833,1834,-1,1800,1834,1801,-1,1801,1834,1835,-1,1801,1835,1802,-1,1802,1835,1836,-1,1802,1836,1803,-1,1803,1836,1837,-1,1803,1837,1804,-1,1804,1837,1838,-1,1804,1838,1805,-1,1805,1838,1839,-1,1805,1839,1806,-1,1806,1839,1840,-1,1806,1840,1807,-1,1807,1840,1841,-1,1807,1841,1808,-1,1808,1841,1842,-1,1808,1842,1809,-1,1809,1842,1843,-1,1809,1843,1810,-1,1810,1843,1844,-1,1810,1844,1811,-1,1811,1844,1845,-1,1811,1845,1812,-1,1812,1845,1846,-1,1812,1846,1813,-1,1813,1846,1847,-1,1813,1847,1814,-1,1814,1847,1848,-1,1814,1848,1815,-1,1815,1848,1849,-1,1815,1849,1816,-1,1816,1849,1850,-1,1816,1850,1817,-1,1817,1850,1851,-1,1817,1851,1818,-1,1818,1851,1852,-1,1818,1852,1819,-1,1819,1852,1853,-1,1819,1853,1820,-1,1820,1853,1854,-1,1820,1854,1821,-1,1821,1854,1855,-1,1821,1855,1822,-1,1822,1855,1856,-1,1822,1856,1823,-1,1824,1857,1858,-1,1824,1858,1825,-1,1825,1858,1859,-1,1825,1859,1826,-1,1826,1859,1860,-1,1826,1860,1827,-1,1827,1860,1861,-1,1827,1861,1828,-1,1828,1861,1862,-1,1828,1862,1829,-1,1829,1862,1863,-1,1829,1863,1830,-1,1830,1863,1864,-1,1830,1864,1831,-1,1831,1864,1865,-1,1831,1865,1832,-1,1832,1865,1866,-1,1832,1866,1833,-1,1833,1866,1867,-1,1833,1867,1834,-1,1834,1867,1868,-1,1834,1868,1835,-1,1835,1868,1869,-1,1835,1869,1836,-1,1836,1869,1870,-1,1836,1870,1837,-1,1837,1870,1871,-1,1837,1871,1838,-1,1838,1871,1872,-1,1838,1872,1839,-1,1839,1872,1873,-1,1839,1873,1840,-1,1840,1873,1874,-1,1840,1874,1841,-1,1841,1874,1875,-1,1841,1875,1842,-1,1842,1875,1876,-1,1842,1876,1843,-1,1843,1876,1877,-1,1843,1877,1844,-1,1844,1877,1878,-1,1844,1878,1845,-1,1845,1878,1879,-1,1845,1879,1846,-1,1846,1879,1880,-1,1846,1880,1847,-1,1847,1880,1881,-1,1847,1881,1848,-1,1848,1881,1882,-1,1848,1882,1849,-1,1849,1882,1883,-1,1849,1883,1850,-1,1850,1883,1884,-1,1850,1884,1851,-1,1851,1884,1885,-1,1851,1885,1852,-1,1852,1885,1886,-1,1852,1886,1853,-1,1853,1886,1887,-1,1853,1887,1854,-1,1854,1887,1888,-1,1854,1888,1855,-1,1855,1888,1889,-1,1855,1889,1856,-1,1857,1890,1891,-1,1857,1891,1858,-1,1858,1891,1892,-1,1858,1892,1859,-1,1859,1892,1893,-1,1859,1893,1860,-1,1860,1893,1894,-1,1860,1894,1861,-1,1861,1894,1895,-1,1861,1895,1862,-1,1862,1895,1896,-1,1862,1896,1863,-1,1863,1896,1897,-1,1863,1897,1864,-1,1864,1897,1898,-1,1864,1898,1865,-1,1865,1898,1899,-1,1865,1899,1866,-1,1866,1899,1900,-1,1866,1900,1867,-1,1867,1900,1901,-1,1867,1901,1868,-1,1868,1901,1902,-1,1868,1902,1869,-1,1869,1902,1903,-1,1869,1903,1870,-1,1870,1903,1904,-1,1870,1904,1871,-1,1871,1904,1905,-1,1871,1905,1872,-1,1872,1905,1906,-1,1872,1906,1873,-1,1873,1906,1907,-1,1873,1907,1874,-1,1874,1907,1908,-1,1874,1908,1875,-1,1875,1908,1909,-1,1875,1909,1876,-1,1876,1909,1910,-1,1876,1910,1877,-1,1877,1910,1911,-1,1877,1911,1878,-1,1878,1911,1912,-1,1878,1912,1879,-1,1879,1912,1913,-1,1879,1913,1880,-1,1880,1913,1914,-1,1880,1914,1881,-1,1881,1914,1915,-1,1881,1915,1882,-1,1882,1915,1916,-1,1882,1916,1883,-1,1883,1916,1917,-1,1883,1917,1884,-1,1884,1917,1918,-1,1884,1918,1885,-1,1885,1918,1919,-1,1885,1919,1886,-1,1886,1919,1920,-1,1886,1920,1887,-1,1887,1920,1921,-1,1887,1921,1888,-1,1888,1921,1922,-1,1888,1922,1889,-1,1890,1923,1924,-1,1890,1924,1891,-1,1891,1924,1925,-1,1891,1925,1892,-1,1892,1925,1926,-1,1892,1926,1893,-1,1893,1926,1927,-1,1893,1927,1894,-1,1894,1927,1928,-1,1894,1928,1895,-1,1895,1928,1929,-1,1895,1929,1896,-1,1896,1929,1930,-1,1896,1930,1897,-1,1897,1930,1931,-1,1897,1931,1898,-1,1898,1931,1932,-1,1898,1932,1899,-1,1899,1932,1933,-1,1899,1933,1900,-1,1900,1933,1934,-1,1900,1934,1901,-1,1901,1934,1935,-1,1901,1935,1902,-1,1902,1935,1936,-1,1902,1936,1903,-1,1903,1936,1937,-1,1903,1937,1904,-1,1904,1937,1938,-1,1904,1938,1905,-1,1905,1938,1939,-1,1905,1939,1906,-1,1906,1939,1940,-1,1906,1940,1907,-1,1907,1940,1941,-1,1907,1941,1908,-1,1908,1941,1942,-1,1908,1942,1909,-1,1909,1942,1943,-1,1909,1943,1910,-1,1910,1943,1944,-1,1910,1944,1911,-1,1911,1944,1945,-1,1911,1945,1912,-1,1912,1945,1946,-1,1912,1946,1913,-1,1913,1946,1947,-1,1913,1947,1914,-1,1914,1947,1948,-1,1914,1948,1915,-1,1915,1948,1949,-1,1915,1949,1916,-1,1916,1949,1950,-1,1916,1950,1917,-1,1917,1950,1951,-1,1917,1951,1918,-1,1918,1951,1952,-1,1918,1952,1919,-1,1919,1952,1953,-1,1919,1953,1920,-1,1920,1953,1954,-1,1920,1954,1921,-1,1921,1954,1955,-1,1921,1955,1922,-1,1956,1957,1923,-1,1957,1958,1923,-1,1923,1958,1959,-1,1923,1959,1924,-1,1924,1959,1960,-1,1924,1960,1925,-1,1925,1960,1961,-1,1925,1961,1926,-1,1926,1961,1962,-1,1926,1962,1927,-1,1927,1962,1963,-1,1927,1963,1928,-1,1928,1963,1964,-1,1928,1964,1929,-1,1929,1964,1965,-1,1929,1965,1930,-1,1930,1965,1966,-1,1930,1966,1931,-1,1931,1966,1967,-1,1931,1967,1932,-1,1932,1967,1968,-1,1932,1968,1933,-1,1933,1968,1969,-1,1933,1969,1934,-1,1934,1969,1970,-1,1934,1970,1935,-1,1935,1970,1971,-1,1935,1971,1936,-1,1936,1971,1972,-1,1936,1972,1937,-1,1937,1972,1973,-1,1937,1973,1938,-1,1938,1973,1974,-1,1938,1974,1939,-1,1939,1974,1975,-1,1939,1975,1940,-1,1940,1975,1976,-1,1940,1976,1941,-1,1941,1976,1977,-1,1941,1977,1942,-1,1942,1977,1978,-1,1942,1978,1943,-1,1943,1978,1979,-1,1943,1979,1944,-1,1944,1979,1980,-1,1944,1980,1945,-1,1945,1980,1981,-1,1945,1981,1946,-1,1946,1981,1982,-1,1946,1982,1947,-1,1947,1982,1983,-1,1947,1983,1948,-1,1948,1983,1984,-1,1948,1984,1949,-1,1949,1984,1985,-1,1949,1985,1950,-1,1950,1985,1986,-1,1950,1986,1951,-1,1951,1986,1987,-1,1951,1987,1952,-1,1952,1987,1988,-1,1952,1988,1953,-1,1953,1988,1989,-1,1953,1989,1954,-1,1954,1989,1956,-1,1954,1956,1955,-1,1955,1956,1923,-1,1955,1923,1922,-1,1922,1923,1890,-1,1922,1890,1889,-1,1889,1890,1857,-1,1889,1857,1856,-1,1856,1857,1824,-1,1856,1824,1823,-1,1823,1824,1791,-1,1823,1791,1790,-1,1790,1791,1758,-1,1790,1758,1757,-1,1757,1758,1725,-1,1757,1725,1724,-1,1724,1725,1692,-1,1724,1692,1691,-1,1691,1692,1659,-1,1691,1659,1658,-1,1658,1659,1626,-1,1658,1626,1608,-1,1608,1626,1613,-1,1608,1613,1592,-1,1990,1991,1992,-1,1990,1993,1994,-1,1995,1993,1990,-1,1992,1995,1990,-1,1990,1996,1997,-1,1998,1996,1990,-1,1994,1998,1990,-1,1990,1999,2000,-1,2001,1999,1990,-1,1997,2001,1990,-1,1990,2002,2003,-1,2004,2002,1990,-1,2000,2004,1990,-1,1990,2005,2006,-1,2007,2005,1990,-1,2003,2007,1990,-1,1990,2008,2009,-1,2010,2008,1990,-1,2011,2010,1990,-1,1990,2012,2013,-1,2014,2012,1990,-1,2009,2014,1990,-1,1990,2015,2016,-1,2017,2015,1990,-1,2013,2017,1990,-1,1990,2018,2019,-1,2020,2018,1990,-1,2016,2020,1990,-1,1990,2021,2022,-1,2023,2021,1990,-1,2019,2023,1990,-1,2022,1991,1990,-1,2011,2024,2025,-1,2011,2025,2010,-1,2010,2025,2026,-1,2010,2026,2008,-1,2008,2026,2027,-1,2008,2027,2009,-1,2009,2027,2028,-1,2009,2028,2014,-1,2014,2028,2029,-1,2014,2029,2012,-1,2012,2029,2030,-1,2012,2030,2013,-1,2013,2030,2031,-1,2013,2031,2017,-1,2017,2031,2032,-1,2017,2032,2015,-1,2015,2032,2033,-1,2015,2033,2016,-1,2016,2033,2034,-1,2016,2034,2020,-1,2020,2034,2035,-1,2020,2035,2018,-1,2018,2035,2036,-1,2018,2036,2019,-1,2019,2036,2037,-1,2019,2037,2023,-1,2023,2037,2038,-1,2023,2038,2021,-1,2021,2038,2039,-1,2021,2039,2022,-1,2022,2039,2040,-1,2022,2040,1991,-1,1991,2040,2041,-1,1991,2041,1992,-1,1992,2041,2042,-1,1992,2042,1995,-1,1995,2042,2043,-1,1995,2043,1993,-1,1993,2043,2044,-1,1993,2044,1994,-1,1994,2044,2045,-1,1994,2045,1998,-1,1998,2045,2046,-1,1998,2046,1996,-1,1996,2046,2047,-1,1996,2047,1997,-1,1997,2047,2048,-1,1997,2048,2001,-1,2001,2048,2049,-1,2001,2049,1999,-1,1999,2049,2050,-1,1999,2050,2000,-1,2000,2050,2051,-1,2000,2051,2004,-1,2004,2051,2052,-1,2004,2052,2002,-1,2002,2052,2053,-1,2002,2053,2003,-1,2003,2053,2054,-1,2003,2054,2007,-1,2007,2054,2055,-1,2007,2055,2005,-1,2005,2055,2056,-1,2005,2056,2006,-1,2024,2057,2058,-1,2024,2058,2025,-1,2025,2058,2059,-1,2025,2059,2026,-1,2026,2059,2060,-1,2026,2060,2027,-1,2027,2060,2061,-1,2027,2061,2028,-1,2028,2061,2062,-1,2028,2062,2029,-1,2029,2062,2063,-1,2029,2063,2030,-1,2030,2063,2064,-1,2030,2064,2031,-1,2031,2064,2065,-1,2031,2065,2032,-1,2032,2065,2066,-1,2032,2066,2033,-1,2033,2066,2067,-1,2033,2067,2034,-1,2034,2067,2068,-1,2034,2068,2035,-1,2035,2068,2069,-1,2035,2069,2036,-1,2036,2069,2070,-1,2036,2070,2037,-1,2037,2070,2071,-1,2037,2071,2038,-1,2038,2071,2072,-1,2038,2072,2039,-1,2039,2072,2073,-1,2039,2073,2040,-1,2040,2073,2074,-1,2040,2074,2041,-1,2041,2074,2075,-1,2041,2075,2042,-1,2042,2075,2076,-1,2042,2076,2043,-1,2043,2076,2077,-1,2043,2077,2044,-1,2044,2077,2078,-1,2044,2078,2045,-1,2045,2078,2079,-1,2045,2079,2046,-1,2046,2079,2080,-1,2046,2080,2047,-1,2047,2080,2081,-1,2047,2081,2048,-1,2048,2081,2082,-1,2048,2082,2049,-1,2049,2082,2083,-1,2049,2083,2050,-1,2050,2083,2084,-1,2050,2084,2051,-1,2051,2084,2085,-1,2051,2085,2052,-1,2052,2085,2086,-1,2052,2086,2053,-1,2053,2086,2087,-1,2053,2087,2054,-1,2054,2087,2088,-1,2054,2088,2055,-1,2055,2088,2089,-1,2055,2089,2056,-1,2057,2090,2091,-1,2057,2091,2058,-1,2058,2091,2092,-1,2058,2092,2059,-1,2059,2092,2093,-1,2059,2093,2060,-1,2060,2093,2094,-1,2060,2094,2061,-1,2061,2094,2095,-1,2061,2095,2062,-1,2062,2095,2096,-1,2062,2096,2063,-1,2063,2096,2097,-1,2063,2097,2064,-1,2064,2097,2098,-1,2064,2098,2065,-1,2065,2098,2099,-1,2065,2099,2066,-1,2066,2099,2100,-1,2066,2100,2067,-1,2067,2100,2101,-1,2067,2101,2068,-1,2068,2101,2102,-1,2068,2102,2069,-1,2069,2102,2103,-1,2069,2103,2070,-1,2070,2103,2104,-1,2070,2104,2071,-1,2071,2104,2105,-1,2071,2105,2072,-1,2072,2105,2106,-1,2072,2106,2073,-1,2073,2106,2107,-1,2073,2107,2074,-1,2074,2107,2108,-1,2074,2108,2075,-1,2075,2108,2109,-1,2075,2109,2076,-1,2076,2109,2110,-1,2076,2110,2077,-1,2077,2110,2111,-1,2077,2111,2078,-1,2078,2111,2112,-1,2078,2112,2079,-1,2079,2112,2113,-1,2079,2113,2080,-1,2080,2113,2114,-1,2080,2114,2081,-1,2081,2114,2115,-1,2081,2115,2082,-1,2082,2115,2116,-1,2082,2116,2083,-1,2083,2116,2117,-1,2083,2117,2084,-1,2084,2117,2118,-1,2084,2118,2085,-1,2085,2118,2119,-1,2085,2119,2086,-1,2086,2119,2120,-1,2086,2120,2087,-1,2087,2120,2121,-1,2087,2121,2088,-1,2088,2121,2122,-1,2088,2122,2089,-1,2090,2123,2124,-1,2090,2124,2091,-1,2091,2124,2125,-1,2091,2125,2092,-1,2092,2125,2126,-1,2092,2126,2093,-1,2093,2126,2127,-1,2093,2127,2094,-1,2094,2127,2128,-1,2094,2128,2095,-1,2095,2128,2129,-1,2095,2129,2096,-1,2096,2129,2130,-1,2096,2130,2097,-1,2097,2130,2131,-1,2097,2131,2098,-1,2098,2131,2132,-1,2098,2132,2099,-1,2099,2132,2133,-1,2099,2133,2100,-1,2100,2133,2134,-1,2100,2134,2101,-1,2101,2134,2135,-1,2101,2135,2102,-1,2102,2135,2136,-1,2102,2136,2103,-1,2103,2136,2137,-1,2103,2137,2104,-1,2104,2137,2138,-1,2104,2138,2105,-1,2105,2138,2139,-1,2105,2139,2106,-1,2106,2139,2140,-1,2106,2140,2107,-1,2107,2140,2141,-1,2107,2141,2108,-1,2108,2141,2142,-1,2108,2142,2109,-1,2109,2142,2143,-1,2109,2143,2110,-1,2110,2143,2144,-1,2110,2144,2111,-1,2111,2144,2145,-1,2111,2145,2112,-1,2112,2145,2146,-1,2112,2146,2113,-1,2113,2146,2147,-1,2113,2147,2114,-1,2114,2147,2148,-1,2114,2148,2115,-1,2115,2148,2149,-1,2115,2149,2116,-1,2116,2149,2150,-1,2116,2150,2117,-1,2117,2150,2151,-1,2117,2151,2118,-1,2118,2151,2152,-1,2118,2152,2119,-1,2119,2152,2153,-1,2119,2153,2120,-1,2120,2153,2154,-1,2120,2154,2121,-1,2121,2154,2155,-1,2121,2155,2122,-1,2123,2156,2157,-1,2123,2157,2124,-1,2124,2157,2158,-1,2124,2158,2125,-1,2125,2158,2159,-1,2125,2159,2126,-1,2126,2159,2160,-1,2126,2160,2127,-1,2127,2160,2161,-1,2127,2161,2128,-1,2128,2161,2162,-1,2128,2162,2129,-1,2129,2162,2163,-1,2129,2163,2130,-1,2130,2163,2164,-1,2130,2164,2131,-1,2131,2164,2165,-1,2131,2165,2132,-1,2132,2165,2166,-1,2132,2166,2133,-1,2133,2166,2167,-1,2133,2167,2134,-1,2134,2167,2168,-1,2134,2168,2135,-1,2135,2168,2169,-1,2135,2169,2136,-1,2136,2169,2170,-1,2136,2170,2137,-1,2137,2170,2171,-1,2137,2171,2138,-1,2138,2171,2172,-1,2138,2172,2139,-1,2139,2172,2173,-1,2139,2173,2140,-1,2140,2173,2174,-1,2140,2174,2141,-1,2141,2174,2175,-1,2141,2175,2142,-1,2142,2175,2176,-1,2142,2176,2143,-1,2143,2176,2177,-1,2143,2177,2144,-1,2144,2177,2178,-1,2144,2178,2145,-1,2145,2178,2179,-1,2145,2179,2146,-1,2146,2179,2180,-1,2146,2180,2147,-1,2147,2180,2181,-1,2147,2181,2148,-1,2148,2181,2182,-1,2148,2182,2149,-1,2149,2182,2183,-1,2149,2183,2150,-1,2150,2183,2184,-1,2150,2184,2151,-1,2151,2184,2185,-1,2151,2185,2152,-1,2152,2185,2186,-1,2152,2186,2153,-1,2153,2186,2187,-1,2153,2187,2154,-1,2154,2187,2188,-1,2154,2188,2155,-1,2156,2189,2190,-1,2156,2190,2157,-1,2157,2190,2191,-1,2157,2191,2158,-1,2158,2191,2192,-1,2158,2192,2159,-1,2159,2192,2193,-1,2159,2193,2160,-1,2160,2193,2194,-1,2160,2194,2161,-1,2161,2194,2195,-1,2161,2195,2162,-1,2162,2195,2196,-1,2162,2196,2163,-1,2163,2196,2197,-1,2163,2197,2164,-1,2164,2197,2198,-1,2164,2198,2165,-1,2165,2198,2199,-1,2165,2199,2166,-1,2166,2199,2200,-1,2166,2200,2167,-1,2167,2200,2201,-1,2167,2201,2168,-1,2168,2201,2202,-1,2168,2202,2169,-1,2169,2202,2203,-1,2169,2203,2170,-1,2170,2203,2204,-1,2170,2204,2171,-1,2171,2204,2205,-1,2171,2205,2172,-1,2172,2205,2206,-1,2172,2206,2173,-1,2173,2206,2207,-1,2173,2207,2174,-1,2174,2207,2208,-1,2174,2208,2175,-1,2175,2208,2209,-1,2175,2209,2176,-1,2176,2209,2210,-1,2176,2210,2177,-1,2177,2210,2211,-1,2177,2211,2178,-1,2178,2211,2212,-1,2178,2212,2179,-1,2179,2212,2213,-1,2179,2213,2180,-1,2180,2213,2214,-1,2180,2214,2181,-1,2181,2214,2215,-1,2181,2215,2182,-1,2182,2215,2216,-1,2182,2216,2183,-1,2183,2216,2217,-1,2183,2217,2184,-1,2184,2217,2218,-1,2184,2218,2185,-1,2185,2218,2219,-1,2185,2219,2186,-1,2186,2219,2220,-1,2186,2220,2187,-1,2187,2220,2221,-1,2187,2221,2188,-1,2189,2222,2223,-1,2189,2223,2190,-1,2190,2223,2224,-1,2190,2224,2191,-1,2191,2224,2225,-1,2191,2225,2192,-1,2192,2225,2226,-1,2192,2226,2193,-1,2193,2226,2227,-1,2193,2227,2194,-1,2194,2227,2228,-1,2194,2228,2195,-1,2195,2228,2229,-1,2195,2229,2196,-1,2196,2229,2230,-1,2196,2230,2197,-1,2197,2230,2231,-1,2197,2231,2198,-1,2198,2231,2232,-1,2198,2232,2199,-1,2199,2232,2233,-1,2199,2233,2200,-1,2200,2233,2234,-1,2200,2234,2201,-1,2201,2234,2235,-1,2201,2235,2202,-1,2202,2235,2236,-1,2202,2236,2203,-1,2203,2236,2237,-1,2203,2237,2204,-1,2204,2237,2238,-1,2204,2238,2205,-1,2205,2238,2239,-1,2205,2239,2206,-1,2206,2239,2240,-1,2206,2240,2207,-1,2207,2240,2241,-1,2207,2241,2208,-1,2208,2241,2242,-1,2208,2242,2209,-1,2209,2242,2243,-1,2209,2243,2210,-1,2210,2243,2244,-1,2210,2244,2211,-1,2211,2244,2245,-1,2211,2245,2212,-1,2212,2245,2246,-1,2212,2246,2213,-1,2213,2246,2247,-1,2213,2247,2214,-1,2214,2247,2248,-1,2214,2248,2215,-1,2215,2248,2249,-1,2215,2249,2216,-1,2216,2249,2250,-1,2216,2250,2217,-1,2217,2250,2251,-1,2217,2251,2218,-1,2218,2251,2252,-1,2218,2252,2219,-1,2219,2252,2253,-1,2219,2253,2220,-1,2220,2253,2254,-1,2220,2254,2221,-1,2222,2255,2256,-1,2222,2256,2223,-1,2223,2256,2257,-1,2223,2257,2224,-1,2224,2257,2258,-1,2224,2258,2225,-1,2225,2258,2259,-1,2225,2259,2226,-1,2226,2259,2260,-1,2226,2260,2227,-1,2227,2260,2261,-1,2227,2261,2228,-1,2228,2261,2262,-1,2228,2262,2229,-1,2229,2262,2263,-1,2229,2263,2230,-1,2230,2263,2264,-1,2230,2264,2231,-1,2231,2264,2265,-1,2231,2265,2232,-1,2232,2265,2266,-1,2232,2266,2233,-1,2233,2266,2267,-1,2233,2267,2234,-1,2234,2267,2268,-1,2234,2268,2235,-1,2235,2268,2269,-1,2235,2269,2236,-1,2236,2269,2270,-1,2236,2270,2237,-1,2237,2270,2271,-1,2237,2271,2238,-1,2238,2271,2272,-1,2238,2272,2239,-1,2239,2272,2273,-1,2239,2273,2240,-1,2240,2273,2274,-1,2240,2274,2241,-1,2241,2274,2275,-1,2241,2275,2242,-1,2242,2275,2276,-1,2242,2276,2243,-1,2243,2276,2277,-1,2243,2277,2244,-1,2244,2277,2278,-1,2244,2278,2245,-1,2245,2278,2279,-1,2245,2279,2246,-1,2246,2279,2280,-1,2246,2280,2247,-1,2247,2280,2281,-1,2247,2281,2248,-1,2248,2281,2282,-1,2248,2282,2249,-1,2249,2282,2283,-1,2249,2283,2250,-1,2250,2283,2284,-1,2250,2284,2251,-1,2251,2284,2285,-1,2251,2285,2252,-1,2252,2285,2286,-1,2252,2286,2253,-1,2253,2286,2287,-1,2253,2287,2254,-1,2255,2288,2289,-1,2255,2289,2256,-1,2256,2289,2290,-1,2256,2290,2257,-1,2257,2290,2291,-1,2257,2291,2258,-1,2258,2291,2292,-1,2258,2292,2259,-1,2259,2292,2293,-1,2259,2293,2260,-1,2260,2293,2294,-1,2260,2294,2261,-1,2261,2294,2295,-1,2261,2295,2262,-1,2262,2295,2296,-1,2262,2296,2263,-1,2263,2296,2297,-1,2263,2297,2264,-1,2264,2297,2298,-1,2264,2298,2265,-1,2265,2298,2299,-1,2265,2299,2266,-1,2266,2299,2300,-1,2266,2300,2267,-1,2267,2300,2301,-1,2267,2301,2268,-1,2268,2301,2302,-1,2268,2302,2269,-1,2269,2302,2303,-1,2269,2303,2270,-1,2270,2303,2304,-1,2270,2304,2271,-1,2271,2304,2305,-1,2271,2305,2272,-1,2272,2305,2306,-1,2272,2306,2273,-1,2273,2306,2307,-1,2273,2307,2274,-1,2274,2307,2308,-1,2274,2308,2275,-1,2275,2308,2309,-1,2275,2309,2276,-1,2276,2309,2310,-1,2276,2310,2277,-1,2277,2310,2311,-1,2277,2311,2278,-1,2278,2311,2312,-1,2278,2312,2279,-1,2279,2312,2313,-1,2279,2313,2280,-1,2280,2313,2314,-1,2280,2314,2281,-1,2281,2314,2315,-1,2281,2315,2282,-1,2282,2315,2316,-1,2282,2316,2283,-1,2283,2316,2317,-1,2283,2317,2284,-1,2284,2317,2318,-1,2284,2318,2285,-1,2285,2318,2319,-1,2285,2319,2286,-1,2286,2319,2320,-1,2286,2320,2287,-1,2288,2321,2322,-1,2288,2322,2289,-1,2289,2322,2323,-1,2289,2323,2290,-1,2290,2323,2324,-1,2290,2324,2291,-1,2291,2324,2325,-1,2291,2325,2292,-1,2292,2325,2326,-1,2292,2326,2293,-1,2293,2326,2327,-1,2293,2327,2294,-1,2294,2327,2328,-1,2294,2328,2295,-1,2295,2328,2329,-1,2295,2329,2296,-1,2296,2329,2330,-1,2296,2330,2297,-1,2297,2330,2331,-1,2297,2331,2298,-1,2298,2331,2332,-1,2298,2332,2299,-1,2299,2332,2333,-1,2299,2333,2300,-1,2300,2333,2334,-1,2300,2334,2301,-1,2301,2334,2335,-1,2301,2335,2302,-1,2302,2335,2336,-1,2302,2336,2303,-1,2303,2336,2337,-1,2303,2337,2304,-1,2304,2337,2338,-1,2304,2338,2305,-1,2305,2338,2339,-1,2305,2339,2306,-1,2306,2339,2340,-1,2306,2340,2307,-1,2307,2340,2341,-1,2307,2341,2308,-1,2308,2341,2342,-1,2308,2342,2309,-1,2309,2342,2343,-1,2309,2343,2310,-1,2310,2343,2344,-1,2310,2344,2311,-1,2311,2344,2345,-1,2311,2345,2312,-1,2312,2345,2346,-1,2312,2346,2313,-1,2313,2346,2347,-1,2313,2347,2314,-1,2314,2347,2348,-1,2314,2348,2315,-1,2315,2348,2349,-1,2315,2349,2316,-1,2316,2349,2350,-1,2316,2350,2317,-1,2317,2350,2351,-1,2317,2351,2318,-1,2318,2351,2352,-1,2318,2352,2319,-1,2319,2352,2353,-1,2319,2353,2320,-1,2354,2355,2321,-1,2355,2356,2321,-1,2321,2356,2357,-1,2321,2357,2322,-1,2322,2357,2358,-1,2322,2358,2323,-1,2323,2358,2359,-1,2323,2359,2324,-1,2324,2359,2360,-1,2324,2360,2325,-1,2325,2360,2361,-1,2325,2361,2326,-1,2326,2361,2362,-1,2326,2362,2327,-1,2327,2362,2363,-1,2327,2363,2328,-1,2328,2363,2364,-1,2328,2364,2329,-1,2329,2364,2365,-1,2329,2365,2330,-1,2330,2365,2366,-1,2330,2366,2331,-1,2331,2366,2367,-1,2331,2367,2332,-1,2332,2367,2368,-1,2332,2368,2333,-1,2333,2368,2369,-1,2333,2369,2334,-1,2334,2369,2370,-1,2334,2370,2335,-1,2335,2370,2371,-1,2335,2371,2336,-1,2336,2371,2372,-1,2336,2372,2337,-1,2337,2372,2373,-1,2337,2373,2338,-1,2338,2373,2374,-1,2338,2374,2339,-1,2339,2374,2375,-1,2339,2375,2340,-1,2340,2375,2376,-1,2340,2376,2341,-1,2341,2376,2377,-1,2341,2377,2342,-1,2342,2377,2378,-1,2342,2378,2343,-1,2343,2378,2379,-1,2343,2379,2344,-1,2344,2379,2380,-1,2344,2380,2345,-1,2345,2380,2381,-1,2345,2381,2346,-1,2346,2381,2382,-1,2346,2382,2347,-1,2347,2382,2383,-1,2347,2383,2348,-1,2348,2383,2384,-1,2348,2384,2349,-1,2349,2384,2385,-1,2349,2385,2350,-1,2350,2385,2386,-1,2350,2386,2351,-1,2351,2386,2387,-1,2351,2387,2352,-1,2352,2387,2354,-1,2352,2354,2353,-1,2353,2354,2321,-1,2353,2321,2320,-1,2320,2321,2288,-1,2320,2288,2287,-1,2287,2288,2255,-1,2287,2255,2254,-1,2254,2255,2222,-1,2254,2222,2221,-1,2221,2222,2189,-1,2221,2189,2188,-1,2188,2189,2156,-1,2188,2156,2155,-1,2155,2156,2123,-1,2155,2123,2122,-1,2122,2123,2090,-1,2122,2090,2089,-1,2089,2090,2057,-1,2089,2057,2056,-1,2056,2057,2024,-1,2056,2024,2006,-1,2006,2024,2011,-1,2006,2011,1990,-1,2388,2389,2390,-1,2388,2391,2392,-1,2393,2391,2388,-1,2390,2393,2388,-1,2388,2394,2395,-1,2396,2394,2388,-1,2392,2396,2388,-1,2388,2397,2398,-1,2399,2397,2388,-1,2395,2399,2388,-1,2388,2400,2401,-1,2402,2400,2388,-1,2398,2402,2388,-1,2388,2403,2404,-1,2405,2403,2388,-1,2401,2405,2388,-1,2388,2406,2407,-1,2408,2406,2388,-1,2409,2408,2388,-1,2388,2410,2411,-1,2412,2410,2388,-1,2407,2412,2388,-1,2388,2413,2414,-1,2415,2413,2388,-1,2411,2415,2388,-1,2388,2416,2417,-1,2418,2416,2388,-1,2414,2418,2388,-1,2388,2419,2420,-1,2421,2419,2388,-1,2417,2421,2388,-1,2420,2389,2388,-1,2409,2422,2423,-1,2409,2423,2408,-1,2408,2423,2424,-1,2408,2424,2406,-1,2406,2424,2425,-1,2406,2425,2407,-1,2407,2425,2426,-1,2407,2426,2412,-1,2412,2426,2427,-1,2412,2427,2410,-1,2410,2427,2428,-1,2410,2428,2411,-1,2411,2428,2429,-1,2411,2429,2415,-1,2415,2429,2430,-1,2415,2430,2413,-1,2413,2430,2431,-1,2413,2431,2414,-1,2414,2431,2432,-1,2414,2432,2418,-1,2418,2432,2433,-1,2418,2433,2416,-1,2416,2433,2434,-1,2416,2434,2417,-1,2417,2434,2435,-1,2417,2435,2421,-1,2421,2435,2436,-1,2421,2436,2419,-1,2419,2436,2437,-1,2419,2437,2420,-1,2420,2437,2438,-1,2420,2438,2389,-1,2389,2438,2439,-1,2389,2439,2390,-1,2390,2439,2440,-1,2390,2440,2393,-1,2393,2440,2441,-1,2393,2441,2391,-1,2391,2441,2442,-1,2391,2442,2392,-1,2392,2442,2443,-1,2392,2443,2396,-1,2396,2443,2444,-1,2396,2444,2394,-1,2394,2444,2445,-1,2394,2445,2395,-1,2395,2445,2446,-1,2395,2446,2399,-1,2399,2446,2447,-1,2399,2447,2397,-1,2397,2447,2448,-1,2397,2448,2398,-1,2398,2448,2449,-1,2398,2449,2402,-1,2402,2449,2450,-1,2402,2450,2400,-1,2400,2450,2451,-1,2400,2451,2401,-1,2401,2451,2452,-1,2401,2452,2405,-1,2405,2452,2453,-1,2405,2453,2403,-1,2403,2453,2454,-1,2403,2454,2404,-1,2422,2455,2456,-1,2422,2456,2423,-1,2423,2456,2457,-1,2423,2457,2424,-1,2424,2457,2458,-1,2424,2458,2425,-1,2425,2458,2459,-1,2425,2459,2426,-1,2426,2459,2460,-1,2426,2460,2427,-1,2427,2460,2461,-1,2427,2461,2428,-1,2428,2461,2462,-1,2428,2462,2429,-1,2429,2462,2463,-1,2429,2463,2430,-1,2430,2463,2464,-1,2430,2464,2431,-1,2431,2464,2465,-1,2431,2465,2432,-1,2432,2465,2466,-1,2432,2466,2433,-1,2433,2466,2467,-1,2433,2467,2434,-1,2434,2467,2468,-1,2434,2468,2435,-1,2435,2468,2469,-1,2435,2469,2436,-1,2436,2469,2470,-1,2436,2470,2437,-1,2437,2470,2471,-1,2437,2471,2438,-1,2438,2471,2472,-1,2438,2472,2439,-1,2439,2472,2473,-1,2439,2473,2440,-1,2440,2473,2474,-1,2440,2474,2441,-1,2441,2474,2475,-1,2441,2475,2442,-1,2442,2475,2476,-1,2442,2476,2443,-1,2443,2476,2477,-1,2443,2477,2444,-1,2444,2477,2478,-1,2444,2478,2445,-1,2445,2478,2479,-1,2445,2479,2446,-1,2446,2479,2480,-1,2446,2480,2447,-1,2447,2480,2481,-1,2447,2481,2448,-1,2448,2481,2482,-1,2448,2482,2449,-1,2449,2482,2483,-1,2449,2483,2450,-1,2450,2483,2484,-1,2450,2484,2451,-1,2451,2484,2485,-1,2451,2485,2452,-1,2452,2485,2486,-1,2452,2486,2453,-1,2453,2486,2487,-1,2453,2487,2454,-1,2455,2488,2489,-1,2455,2489,2456,-1,2456,2489,2490,-1,2456,2490,2457,-1,2457,2490,2491,-1,2457,2491,2458,-1,2458,2491,2492,-1,2458,2492,2459,-1,2459,2492,2493,-1,2459,2493,2460,-1,2460,2493,2494,-1,2460,2494,2461,-1,2461,2494,2495,-1,2461,2495,2462,-1,2462,2495,2496,-1,2462,2496,2463,-1,2463,2496,2497,-1,2463,2497,2464,-1,2464,2497,2498,-1,2464,2498,2465,-1,2465,2498,2499,-1,2465,2499,2466,-1,2466,2499,2500,-1,2466,2500,2467,-1,2467,2500,2501,-1,2467,2501,2468,-1,2468,2501,2502,-1,2468,2502,2469,-1,2469,2502,2503,-1,2469,2503,2470,-1,2470,2503,2504,-1,2470,2504,2471,-1,2471,2504,2505,-1,2471,2505,2472,-1,2472,2505,2506,-1,2472,2506,2473,-1,2473,2506,2507,-1,2473,2507,2474,-1,2474,2507,2508,-1,2474,2508,2475,-1,2475,2508,2509,-1,2475,2509,2476,-1,2476,2509,2510,-1,2476,2510,2477,-1,2477,2510,2511,-1,2477,2511,2478,-1,2478,2511,2512,-1,2478,2512,2479,-1,2479,2512,2513,-1,2479,2513,2480,-1,2480,2513,2514,-1,2480,2514,2481,-1,2481,2514,2515,-1,2481,2515,2482,-1,2482,2515,2516,-1,2482,2516,2483,-1,2483,2516,2517,-1,2483,2517,2484,-1,2484,2517,2518,-1,2484,2518,2485,-1,2485,2518,2519,-1,2485,2519,2486,-1,2486,2519,2520,-1,2486,2520,2487,-1,2488,2521,2522,-1,2488,2522,2489,-1,2489,2522,2523,-1,2489,2523,2490,-1,2490,2523,2524,-1,2490,2524,2491,-1,2491,2524,2525,-1,2491,2525,2492,-1,2492,2525,2526,-1,2492,2526,2493,-1,2493,2526,2527,-1,2493,2527,2494,-1,2494,2527,2528,-1,2494,2528,2495,-1,2495,2528,2529,-1,2495,2529,2496,-1,2496,2529,2530,-1,2496,2530,2497,-1,2497,2530,2531,-1,2497,2531,2498,-1,2498,2531,2532,-1,2498,2532,2499,-1,2499,2532,2533,-1,2499,2533,2500,-1,2500,2533,2534,-1,2500,2534,2501,-1,2501,2534,2535,-1,2501,2535,2502,-1,2502,2535,2536,-1,2502,2536,2503,-1,2503,2536,2537,-1,2503,2537,2504,-1,2504,2537,2538,-1,2504,2538,2505,-1,2505,2538,2539,-1,2505,2539,2506,-1,2506,2539,2540,-1,2506,2540,2507,-1,2507,2540,2541,-1,2507,2541,2508,-1,2508,2541,2542,-1,2508,2542,2509,-1,2509,2542,2543,-1,2509,2543,2510,-1,2510,2543,2544,-1,2510,2544,2511,-1,2511,2544,2545,-1,2511,2545,2512,-1,2512,2545,2546,-1,2512,2546,2513,-1,2513,2546,2547,-1,2513,2547,2514,-1,2514,2547,2548,-1,2514,2548,2515,-1,2515,2548,2549,-1,2515,2549,2516,-1,2516,2549,2550,-1,2516,2550,2517,-1,2517,2550,2551,-1,2517,2551,2518,-1,2518,2551,2552,-1,2518,2552,2519,-1,2519,2552,2553,-1,2519,2553,2520,-1,2521,2554,2555,-1,2521,2555,2522,-1,2522,2555,2556,-1,2522,2556,2523,-1,2523,2556,2557,-1,2523,2557,2524,-1,2524,2557,2558,-1,2524,2558,2525,-1,2525,2558,2559,-1,2525,2559,2526,-1,2526,2559,2560,-1,2526,2560,2527,-1,2527,2560,2561,-1,2527,2561,2528,-1,2528,2561,2562,-1,2528,2562,2529,-1,2529,2562,2563,-1,2529,2563,2530,-1,2530,2563,2564,-1,2530,2564,2531,-1,2531,2564,2565,-1,2531,2565,2532,-1,2532,2565,2566,-1,2532,2566,2533,-1,2533,2566,2567,-1,2533,2567,2534,-1,2534,2567,2568,-1,2534,2568,2535,-1,2535,2568,2569,-1,2535,2569,2536,-1,2536,2569,2570,-1,2536,2570,2537,-1,2537,2570,2571,-1,2537,2571,2538,-1,2538,2571,2572,-1,2538,2572,2539,-1,2539,2572,2573,-1,2539,2573,2540,-1,2540,2573,2574,-1,2540,2574,2541,-1,2541,2574,2575,-1,2541,2575,2542,-1,2542,2575,2576,-1,2542,2576,2543,-1,2543,2576,2577,-1,2543,2577,2544,-1,2544,2577,2578,-1,2544,2578,2545,-1,2545,2578,2579,-1,2545,2579,2546,-1,2546,2579,2580,-1,2546,2580,2547,-1,2547,2580,2581,-1,2547,2581,2548,-1,2548,2581,2582,-1,2548,2582,2549,-1,2549,2582,2583,-1,2549,2583,2550,-1,2550,2583,2584,-1,2550,2584,2551,-1,2551,2584,2585,-1,2551,2585,2552,-1,2552,2585,2586,-1,2552,2586,2553,-1,2554,2587,2588,-1,2554,2588,2555,-1,2555,2588,2589,-1,2555,2589,2556,-1,2556,2589,2590,-1,2556,2590,2557,-1,2557,2590,2591,-1,2557,2591,2558,-1,2558,2591,2592,-1,2558,2592,2559,-1,2559,2592,2593,-1,2559,2593,2560,-1,2560,2593,2594,-1,2560,2594,2561,-1,2561,2594,2595,-1,2561,2595,2562,-1,2562,2595,2596,-1,2562,2596,2563,-1,2563,2596,2597,-1,2563,2597,2564,-1,2564,2597,2598,-1,2564,2598,2565,-1,2565,2598,2599,-1,2565,2599,2566,-1,2566,2599,2600,-1,2566,2600,2567,-1,2567,2600,2601,-1,2567,2601,2568,-1,2568,2601,2602,-1,2568,2602,2569,-1,2569,2602,2603,-1,2569,2603,2570,-1,2570,2603,2604,-1,2570,2604,2571,-1,2571,2604,2605,-1,2571,2605,2572,-1,2572,2605,2606,-1,2572,2606,2573,-1,2573,2606,2607,-1,2573,2607,2574,-1,2574,2607,2608,-1,2574,2608,2575,-1,2575,2608,2609,-1,2575,2609,2576,-1,2576,2609,2610,-1,2576,2610,2577,-1,2577,2610,2611,-1,2577,2611,2578,-1,2578,2611,2612,-1,2578,2612,2579,-1,2579,2612,2613,-1,2579,2613,2580,-1,2580,2613,2614,-1,2580,2614,2581,-1,2581,2614,2615,-1,2581,2615,2582,-1,2582,2615,2616,-1,2582,2616,2583,-1,2583,2616,2617,-1,2583,2617,2584,-1,2584,2617,2618,-1,2584,2618,2585,-1,2585,2618,2619,-1,2585,2619,2586,-1,2587,2620,2621,-1,2587,2621,2588,-1,2588,2621,2622,-1,2588,2622,2589,-1,2589,2622,2623,-1,2589,2623,2590,-1,2590,2623,2624,-1,2590,2624,2591,-1,2591,2624,2625,-1,2591,2625,2592,-1,2592,2625,2626,-1,2592,2626,2593,-1,2593,2626,2627,-1,2593,2627,2594,-1,2594,2627,2628,-1,2594,2628,2595,-1,2595,2628,2629,-1,2595,2629,2596,-1,2596,2629,2630,-1,2596,2630,2597,-1,2597,2630,2631,-1,2597,2631,2598,-1,2598,2631,2632,-1,2598,2632,2599,-1,2599,2632,2633,-1,2599,2633,2600,-1,2600,2633,2634,-1,2600,2634,2601,-1,2601,2634,2635,-1,2601,2635,2602,-1,2602,2635,2636,-1,2602,2636,2603,-1,2603,2636,2637,-1,2603,2637,2604,-1,2604,2637,2638,-1,2604,2638,2605,-1,2605,2638,2639,-1,2605,2639,2606,-1,2606,2639,2640,-1,2606,2640,2607,-1,2607,2640,2641,-1,2607,2641,2608,-1,2608,2641,2642,-1,2608,2642,2609,-1,2609,2642,2643,-1,2609,2643,2610,-1,2610,2643,2644,-1,2610,2644,2611,-1,2611,2644,2645,-1,2611,2645,2612,-1,2612,2645,2646,-1,2612,2646,2613,-1,2613,2646,2647,-1,2613,2647,2614,-1,2614,2647,2648,-1,2614,2648,2615,-1,2615,2648,2649,-1,2615,2649,2616,-1,2616,2649,2650,-1,2616,2650,2617,-1,2617,2650,2651,-1,2617,2651,2618,-1,2618,2651,2652,-1,2618,2652,2619,-1,2620,2653,2654,-1,2620,2654,2621,-1,2621,2654,2655,-1,2621,2655,2622,-1,2622,2655,2656,-1,2622,2656,2623,-1,2623,2656,2657,-1,2623,2657,2624,-1,2624,2657,2658,-1,2624,2658,2625,-1,2625,2658,2659,-1,2625,2659,2626,-1,2626,2659,2660,-1,2626,2660,2627,-1,2627,2660,2661,-1,2627,2661,2628,-1,2628,2661,2662,-1,2628,2662,2629,-1,2629,2662,2663,-1,2629,2663,2630,-1,2630,2663,2664,-1,2630,2664,2631,-1,2631,2664,2665,-1,2631,2665,2632,-1,2632,2665,2666,-1,2632,2666,2633,-1,2633,2666,2667,-1,2633,2667,2634,-1,2634,2667,2668,-1,2634,2668,2635,-1,2635,2668,2669,-1,2635,2669,2636,-1,2636,2669,2670,-1,2636,2670,2637,-1,2637,2670,2671,-1,2637,2671,2638,-1,2638,2671,2672,-1,2638,2672,2639,-1,2639,2672,2673,-1,2639,2673,2640,-1,2640,2673,2674,-1,2640,2674,2641,-1,2641,2674,2675,-1,2641,2675,2642,-1,2642,2675,2676,-1,2642,2676,2643,-1,2643,2676,2677,-1,2643,2677,2644,-1,2644,2677,2678,-1,2644,2678,2645,-1,2645,2678,2679,-1,2645,2679,2646,-1,2646,2679,2680,-1,2646,2680,2647,-1,2647,2680,2681,-1,2647,2681,2648,-1,2648,2681,2682,-1,2648,2682,2649,-1,2649,2682,2683,-1,2649,2683,2650,-1,2650,2683,2684,-1,2650,2684,2651,-1,2651,2684,2685,-1,2651,2685,2652,-1,2653,2686,2687,-1,2653,2687,2654,-1,2654,2687,2688,-1,2654,2688,2655,-1,2655,2688,2689,-1,2655,2689,2656,-1,2656,2689,2690,-1,2656,2690,2657,-1,2657,2690,2691,-1,2657,2691,2658,-1,2658,2691,2692,-1,2658,2692,2659,-1,2659,2692,2693,-1,2659,2693,2660,-1,2660,2693,2694,-1,2660,2694,2661,-1,2661,2694,2695,-1,2661,2695,2662,-1,2662,2695,2696,-1,2662,2696,2663,-1,2663,2696,2697,-1,2663,2697,2664,-1,2664,2697,2698,-1,2664,2698,2665,-1,2665,2698,2699,-1,2665,2699,2666,-1,2666,2699,2700,-1,2666,2700,2667,-1,2667,2700,2701,-1,2667,2701,2668,-1,2668,2701,2702,-1,2668,2702,2669,-1,2669,2702,2703,-1,2669,2703,2670,-1,2670,2703,2704,-1,2670,2704,2671,-1,2671,2704,2705,-1,2671,2705,2672,-1,2672,2705,2706,-1,2672,2706,2673,-1,2673,2706,2707,-1,2673,2707,2674,-1,2674,2707,2708,-1,2674,2708,2675,-1,2675,2708,2709,-1,2675,2709,2676,-1,2676,2709,2710,-1,2676,2710,2677,-1,2677,2710,2711,-1,2677,2711,2678,-1,2678,2711,2712,-1,2678,2712,2679,-1,2679,2712,2713,-1,2679,2713,2680,-1,2680,2713,2714,-1,2680,2714,2681,-1,2681,2714,2715,-1,2681,2715,2682,-1,2682,2715,2716,-1,2682,2716,2683,-1,2683,2716,2717,-1,2683,2717,2684,-1,2684,2717,2718,-1,2684,2718,2685,-1,2686,2719,2720,-1,2686,2720,2687,-1,2687,2720,2721,-1,2687,2721,2688,-1,2688,2721,2722,-1,2688,2722,2689,-1,2689,2722,2723,-1,2689,2723,2690,-1,2690,2723,2724,-1,2690,2724,2691,-1,2691,2724,2725,-1,2691,2725,2692,-1,2692,2725,2726,-1,2692,2726,2693,-1,2693,2726,2727,-1,2693,2727,2694,-1,2694,2727,2728,-1,2694,2728,2695,-1,2695,2728,2729,-1,2695,2729,2696,-1,2696,2729,2730,-1,2696,2730,2697,-1,2697,2730,2731,-1,2697,2731,2698,-1,2698,2731,2732,-1,2698,2732,2699,-1,2699,2732,2733,-1,2699,2733,2700,-1,2700,2733,2734,-1,2700,2734,2701,-1,2701,2734,2735,-1,2701,2735,2702,-1,2702,2735,2736,-1,2702,2736,2703,-1,2703,2736,2737,-1,2703,2737,2704,-1,2704,2737,2738,-1,2704,2738,2705,-1,2705,2738,2739,-1,2705,2739,2706,-1,2706,2739,2740,-1,2706,2740,2707,-1,2707,2740,2741,-1,2707,2741,2708,-1,2708,2741,2742,-1,2708,2742,2709,-1,2709,2742,2743,-1,2709,2743,2710,-1,2710,2743,2744,-1,2710,2744,2711,-1,2711,2744,2745,-1,2711,2745,2712,-1,2712,2745,2746,-1,2712,2746,2713,-1,2713,2746,2747,-1,2713,2747,2714,-1,2714,2747,2748,-1,2714,2748,2715,-1,2715,2748,2749,-1,2715,2749,2716,-1,2716,2749,2750,-1,2716,2750,2717,-1,2717,2750,2751,-1,2717,2751,2718,-1,2752,2753,2719,-1,2753,2754,2719,-1,2719,2754,2755,-1,2719,2755,2720,-1,2720,2755,2756,-1,2720,2756,2721,-1,2721,2756,2757,-1,2721,2757,2722,-1,2722,2757,2758,-1,2722,2758,2723,-1,2723,2758,2759,-1,2723,2759,2724,-1,2724,2759,2760,-1,2724,2760,2725,-1,2725,2760,2761,-1,2725,2761,2726,-1,2726,2761,2762,-1,2726,2762,2727,-1,2727,2762,2763,-1,2727,2763,2728,-1,2728,2763,2764,-1,2728,2764,2729,-1,2729,2764,2765,-1,2729,2765,2730,-1,2730,2765,2766,-1,2730,2766,2731,-1,2731,2766,2767,-1,2731,2767,2732,-1,2732,2767,2768,-1,2732,2768,2733,-1,2733,2768,2769,-1,2733,2769,2734,-1,2734,2769,2770,-1,2734,2770,2735,-1,2735,2770,2771,-1,2735,2771,2736,-1,2736,2771,2772,-1,2736,2772,2737,-1,2737,2772,2773,-1,2737,2773,2738,-1,2738,2773,2774,-1,2738,2774,2739,-1,2739,2774,2775,-1,2739,2775,2740,-1,2740,2775,2776,-1,2740,2776,2741,-1,2741,2776,2777,-1,2741,2777,2742,-1,2742,2777,2778,-1,2742,2778,2743,-1,2743,2778,2779,-1,2743,2779,2744,-1,2744,2779,2780,-1,2744,2780,2745,-1,2745,2780,2781,-1,2745,2781,2746,-1,2746,2781,2782,-1,2746,2782,2747,-1,2747,2782,2783,-1,2747,2783,2748,-1,2748,2783,2784,-1,2748,2784,2749,-1,2749,2784,2785,-1,2749,2785,2750,-1,2750,2785,2752,-1,2750,2752,2751,-1,2751,2752,2719,-1,2751,2719,2718,-1,2718,2719,2686,-1,2718,2686,2685,-1,2685,2686,2653,-1,2685,2653,2652,-1,2652,2653,2620,-1,2652,2620,2619,-1,2619,2620,2587,-1,2619,2587,2586,-1,2586,2587,2554,-1,2586,2554,2553,-1,2553,2554,2521,-1,2553,2521,2520,-1,2520,2521,2488,-1,2520,2488,2487,-1,2487,2488,2455,-1,2487,2455,2454,-1,2454,2455,2422,-1,2454,2422,2404,-1,2404,2422,2409,-1,2404,2409,2388,-1,2786,2787,2788,-1,2786,2789,2790,-1,2791,2789,2786,-1,2788,2791,2786,-1,2786,2792,2793,-1,2794,2792,2786,-1,2790,2794,2786,-1,2786,2795,2796,-1,2797,2795,2786,-1,2793,2797,2786,-1,2786,2798,2799,-1,2800,2798,2786,-1,2796,2800,2786,-1,2786,2801,2802,-1,2803,2801,2786,-1,2799,2803,2786,-1,2786,2804,2805,-1,2806,2804,2786,-1,2807,2806,2786,-1,2786,2808,2809,-1,2810,2808,2786,-1,2805,2810,2786,-1,2786,2811,2812,-1,2813,2811,2786,-1,2809,2813,2786,-1,2786,2814,2815,-1,2816,2814,2786,-1,2812,2816,2786,-1,2786,2817,2818,-1,2819,2817,2786,-1,2815,2819,2786,-1,2818,2787,2786,-1,2807,2820,2821,-1,2807,2821,2806,-1,2806,2821,2822,-1,2806,2822,2804,-1,2804,2822,2823,-1,2804,2823,2805,-1,2805,2823,2824,-1,2805,2824,2810,-1,2810,2824,2825,-1,2810,2825,2808,-1,2808,2825,2826,-1,2808,2826,2809,-1,2809,2826,2827,-1,2809,2827,2813,-1,2813,2827,2828,-1,2813,2828,2811,-1,2811,2828,2829,-1,2811,2829,2812,-1,2812,2829,2830,-1,2812,2830,2816,-1,2816,2830,2831,-1,2816,2831,2814,-1,2814,2831,2832,-1,2814,2832,2815,-1,2815,2832,2833,-1,2815,2833,2819,-1,2819,2833,2834,-1,2819,2834,2817,-1,2817,2834,2835,-1,2817,2835,2818,-1,2818,2835,2836,-1,2818,2836,2787,-1,2787,2836,2837,-1,2787,2837,2788,-1,2788,2837,2838,-1,2788,2838,2791,-1,2791,2838,2839,-1,2791,2839,2789,-1,2789,2839,2840,-1,2789,2840,2790,-1,2790,2840,2841,-1,2790,2841,2794,-1,2794,2841,2842,-1,2794,2842,2792,-1,2792,2842,2843,-1,2792,2843,2793,-1,2793,2843,2844,-1,2793,2844,2797,-1,2797,2844,2845,-1,2797,2845,2795,-1,2795,2845,2846,-1,2795,2846,2796,-1,2796,2846,2847,-1,2796,2847,2800,-1,2800,2847,2848,-1,2800,2848,2798,-1,2798,2848,2849,-1,2798,2849,2799,-1,2799,2849,2850,-1,2799,2850,2803,-1,2803,2850,2851,-1,2803,2851,2801,-1,2801,2851,2852,-1,2801,2852,2802,-1,2820,2853,2854,-1,2820,2854,2821,-1,2821,2854,2855,-1,2821,2855,2822,-1,2822,2855,2856,-1,2822,2856,2823,-1,2823,2856,2857,-1,2823,2857,2824,-1,2824,2857,2858,-1,2824,2858,2825,-1,2825,2858,2859,-1,2825,2859,2826,-1,2826,2859,2860,-1,2826,2860,2827,-1,2827,2860,2861,-1,2827,2861,2828,-1,2828,2861,2862,-1,2828,2862,2829,-1,2829,2862,2863,-1,2829,2863,2830,-1,2830,2863,2864,-1,2830,2864,2831,-1,2831,2864,2865,-1,2831,2865,2832,-1,2832,2865,2866,-1,2832,2866,2833,-1,2833,2866,2867,-1,2833,2867,2834,-1,2834,2867,2868,-1,2834,2868,2835,-1,2835,2868,2869,-1,2835,2869,2836,-1,2836,2869,2870,-1,2836,2870,2837,-1,2837,2870,2871,-1,2837,2871,2838,-1,2838,2871,2872,-1,2838,2872,2839,-1,2839,2872,2873,-1,2839,2873,2840,-1,2840,2873,2874,-1,2840,2874,2841,-1,2841,2874,2875,-1,2841,2875,2842,-1,2842,2875,2876,-1,2842,2876,2843,-1,2843,2876,2877,-1,2843,2877,2844,-1,2844,2877,2878,-1,2844,2878,2845,-1,2845,2878,2879,-1,2845,2879,2846,-1,2846,2879,2880,-1,2846,2880,2847,-1,2847,2880,2881,-1,2847,2881,2848,-1,2848,2881,2882,-1,2848,2882,2849,-1,2849,2882,2883,-1,2849,2883,2850,-1,2850,2883,2884,-1,2850,2884,2851,-1,2851,2884,2885,-1,2851,2885,2852,-1,2853,2886,2887,-1,2853,2887,2854,-1,2854,2887,2888,-1,2854,2888,2855,-1,2855,2888,2889,-1,2855,2889,2856,-1,2856,2889,2890,-1,2856,2890,2857,-1,2857,2890,2891,-1,2857,2891,2858,-1,2858,2891,2892,-1,2858,2892,2859,-1,2859,2892,2893,-1,2859,2893,2860,-1,2860,2893,2894,-1,2860,2894,2861,-1,2861,2894,2895,-1,2861,2895,2862,-1,2862,2895,2896,-1,2862,2896,2863,-1,2863,2896,2897,-1,2863,2897,2864,-1,2864,2897,2898,-1,2864,2898,2865,-1,2865,2898,2899,-1,2865,2899,2866,-1,2866,2899,2900,-1,2866,2900,2867,-1,2867,2900,2901,-1,2867,2901,2868,-1,2868,2901,2902,-1,2868,2902,2869,-1,2869,2902,2903,-1,2869,2903,2870,-1,2870,2903,2904,-1,2870,2904,2871,-1,2871,2904,2905,-1,2871,2905,2872,-1,2872,2905,2906,-1,2872,2906,2873,-1,2873,2906,2907,-1,2873,2907,2874,-1,2874,2907,2908,-1,2874,2908,2875,-1,2875,2908,2909,-1,2875,2909,2876,-1,2876,2909,2910,-1,2876,2910,2877,-1,2877,2910,2911,-1,2877,2911,2878,-1,2878,2911,2912,-1,2878,2912,2879,-1,2879,2912,2913,-1,2879,2913,2880,-1,2880,2913,2914,-1,2880,2914,2881,-1,2881,2914,2915,-1,2881,2915,2882,-1,2882,2915,2916,-1,2882,2916,2883,-1,2883,2916,2917,-1,2883,2917,2884,-1,2884,2917,2918,-1,2884,2918,2885,-1,2886,2919,2920,-1,2886,2920,2887,-1,2887,2920,2921,-1,2887,2921,2888,-1,2888,2921,2922,-1,2888,2922,2889,-1,2889,2922,2923,-1,2889,2923,2890,-1,2890,2923,2924,-1,2890,2924,2891,-1,2891,2924,2925,-1,2891,2925,2892,-1,2892,2925,2926,-1,2892,2926,2893,-1,2893,2926,2927,-1,2893,2927,2894,-1,2894,2927,2928,-1,2894,2928,2895,-1,2895,2928,2929,-1,2895,2929,2896,-1,2896,2929,2930,-1,2896,2930,2897,-1,2897,2930,2931,-1,2897,2931,2898,-1,2898,2931,2932,-1,2898,2932,2899,-1,2899,2932,2933,-1,2899,2933,2900,-1,2900,2933,2934,-1,2900,2934,2901,-1,2901,2934,2935,-1,2901,2935,2902,-1,2902,2935,2936,-1,2902,2936,2903,-1,2903,2936,2937,-1,2903,2937,2904,-1,2904,2937,2938,-1,2904,2938,2905,-1,2905,2938,2939,-1,2905,2939,2906,-1,2906,2939,2940,-1,2906,2940,2907,-1,2907,2940,2941,-1,2907,2941,2908,-1,2908,2941,2942,-1,2908,2942,2909,-1,2909,2942,2943,-1,2909,2943,2910,-1,2910,2943,2944,-1,2910,2944,2911,-1,2911,2944,2945,-1,2911,2945,2912,-1,2912,2945,2946,-1,2912,2946,2913,-1,2913,2946,2947,-1,2913,2947,2914,-1,2914,2947,2948,-1,2914,2948,2915,-1,2915,2948,2949,-1,2915,2949,2916,-1,2916,2949,2950,-1,2916,2950,2917,-1,2917,2950,2951,-1,2917,2951,2918,-1,2919,2952,2953,-1,2919,2953,2920,-1,2920,2953,2954,-1,2920,2954,2921,-1,2921,2954,2955,-1,2921,2955,2922,-1,2922,2955,2956,-1,2922,2956,2923,-1,2923,2956,2957,-1,2923,2957,2924,-1,2924,2957,2958,-1,2924,2958,2925,-1,2925,2958,2959,-1,2925,2959,2926,-1,2926,2959,2960,-1,2926,2960,2927,-1,2927,2960,2961,-1,2927,2961,2928,-1,2928,2961,2962,-1,2928,2962,2929,-1,2929,2962,2963,-1,2929,2963,2930,-1,2930,2963,2964,-1,2930,2964,2931,-1,2931,2964,2965,-1,2931,2965,2932,-1,2932,2965,2966,-1,2932,2966,2933,-1,2933,2966,2967,-1,2933,2967,2934,-1,2934,2967,2968,-1,2934,2968,2935,-1,2935,2968,2969,-1,2935,2969,2936,-1,2936,2969,2970,-1,2936,2970,2937,-1,2937,2970,2971,-1,2937,2971,2938,-1,2938,2971,2972,-1,2938,2972,2939,-1,2939,2972,2973,-1,2939,2973,2940,-1,2940,2973,2974,-1,2940,2974,2941,-1,2941,2974,2975,-1,2941,2975,2942,-1,2942,2975,2976,-1,2942,2976,2943,-1,2943,2976,2977,-1,2943,2977,2944,-1,2944,2977,2978,-1,2944,2978,2945,-1,2945,2978,2979,-1,2945,2979,2946,-1,2946,2979,2980,-1,2946,2980,2947,-1,2947,2980,2981,-1,2947,2981,2948,-1,2948,2981,2982,-1,2948,2982,2949,-1,2949,2982,2983,-1,2949,2983,2950,-1,2950,2983,2984,-1,2950,2984,2951,-1,2952,2985,2986,-1,2952,2986,2953,-1,2953,2986,2987,-1,2953,2987,2954,-1,2954,2987,2988,-1,2954,2988,2955,-1,2955,2988,2989,-1,2955,2989,2956,-1,2956,2989,2990,-1,2956,2990,2957,-1,2957,2990,2991,-1,2957,2991,2958,-1,2958,2991,2992,-1,2958,2992,2959,-1,2959,2992,2993,-1,2959,2993,2960,-1,2960,2993,2994,-1,2960,2994,2961,-1,2961,2994,2995,-1,2961,2995,2962,-1,2962,2995,2996,-1,2962,2996,2963,-1,2963,2996,2997,-1,2963,2997,2964,-1,2964,2997,2998,-1,2964,2998,2965,-1,2965,2998,2999,-1,2965,2999,2966,-1,2966,2999,3000,-1,2966,3000,2967,-1,2967,3000,3001,-1,2967,3001,2968,-1,2968,3001,3002,-1,2968,3002,2969,-1,2969,3002,3003,-1,2969,3003,2970,-1,2970,3003,3004,-1,2970,3004,2971,-1,2971,3004,3005,-1,2971,3005,2972,-1,2972,3005,3006,-1,2972,3006,2973,-1,2973,3006,3007,-1,2973,3007,2974,-1,2974,3007,3008,-1,2974,3008,2975,-1,2975,3008,3009,-1,2975,3009,2976,-1,2976,3009,3010,-1,2976,3010,2977,-1,2977,3010,3011,-1,2977,3011,2978,-1,2978,3011,3012,-1,2978,3012,2979,-1,2979,3012,3013,-1,2979,3013,2980,-1,2980,3013,3014,-1,2980,3014,2981,-1,2981,3014,3015,-1,2981,3015,2982,-1,2982,3015,3016,-1,2982,3016,2983,-1,2983,3016,3017,-1,2983,3017,2984,-1,2985,3018,3019,-1,2985,3019,2986,-1,2986,3019,3020,-1,2986,3020,2987,-1,2987,3020,3021,-1,2987,3021,2988,-1,2988,3021,3022,-1,2988,3022,2989,-1,2989,3022,3023,-1,2989,3023,2990,-1,2990,3023,3024,-1,2990,3024,2991,-1,2991,3024,3025,-1,2991,3025,2992,-1,2992,3025,3026,-1,2992,3026,2993,-1,2993,3026,3027,-1,2993,3027,2994,-1,2994,3027,3028,-1,2994,3028,2995,-1,2995,3028,3029,-1,2995,3029,2996,-1,2996,3029,3030,-1,2996,3030,2997,-1,2997,3030,3031,-1,2997,3031,2998,-1,2998,3031,3032,-1,2998,3032,2999,-1,2999,3032,3033,-1,2999,3033,3000,-1,3000,3033,3034,-1,3000,3034,3001,-1,3001,3034,3035,-1,3001,3035,3002,-1,3002,3035,3036,-1,3002,3036,3003,-1,3003,3036,3037,-1,3003,3037,3004,-1,3004,3037,3038,-1,3004,3038,3005,-1,3005,3038,3039,-1,3005,3039,3006,-1,3006,3039,3040,-1,3006,3040,3007,-1,3007,3040,3041,-1,3007,3041,3008,-1,3008,3041,3042,-1,3008,3042,3009,-1,3009,3042,3043,-1,3009,3043,3010,-1,3010,3043,3044,-1,3010,3044,3011,-1,3011,3044,3045,-1,3011,3045,3012,-1,3012,3045,3046,-1,3012,3046,3013,-1,3013,3046,3047,-1,3013,3047,3014,-1,3014,3047,3048,-1,3014,3048,3015,-1,3015,3048,3049,-1,3015,3049,3016,-1,3016,3049,3050,-1,3016,3050,3017,-1,3018,3051,3052,-1,3018,3052,3019,-1,3019,3052,3053,-1,3019,3053,3020,-1,3020,3053,3054,-1,3020,3054,3021,-1,3021,3054,3055,-1,3021,3055,3022,-1,3022,3055,3056,-1,3022,3056,3023,-1,3023,3056,3057,-1,3023,3057,3024,-1,3024,3057,3058,-1,3024,3058,3025,-1,3025,3058,3059,-1,3025,3059,3026,-1,3026,3059,3060,-1,3026,3060,3027,-1,3027,3060,3061,-1,3027,3061,3028,-1,3028,3061,3062,-1,3028,3062,3029,-1,3029,3062,3063,-1,3029,3063,3030,-1,3030,3063,3064,-1,3030,3064,3031,-1,3031,3064,3065,-1,3031,3065,3032,-1,3032,3065,3066,-1,3032,3066,3033,-1,3033,3066,3067,-1,3033,3067,3034,-1,3034,3067,3068,-1,3034,3068,3035,-1,3035,3068,3069,-1,3035,3069,3036,-1,3036,3069,3070,-1,3036,3070,3037,-1,3037,3070,3071,-1,3037,3071,3038,-1,3038,3071,3072,-1,3038,3072,3039,-1,3039,3072,3073,-1,3039,3073,3040,-1,3040,3073,3074,-1,3040,3074,3041,-1,3041,3074,3075,-1,3041,3075,3042,-1,3042,3075,3076,-1,3042,3076,3043,-1,3043,3076,3077,-1,3043,3077,3044,-1,3044,3077,3078,-1,3044,3078,3045,-1,3045,3078,3079,-1,3045,3079,3046,-1,3046,3079,3080,-1,3046,3080,3047,-1,3047,3080,3081,-1,3047,3081,3048,-1,3048,3081,3082,-1,3048,3082,3049,-1,3049,3082,3083,-1,3049,3083,3050,-1,3051,3084,3085,-1,3051,3085,3052,-1,3052,3085,3086,-1,3052,3086,3053,-1,3053,3086,3087,-1,3053,3087,3054,-1,3054,3087,3088,-1,3054,3088,3055,-1,3055,3088,3089,-1,3055,3089,3056,-1,3056,3089,3090,-1,3056,3090,3057,-1,3057,3090,3091,-1,3057,3091,3058,-1,3058,3091,3092,-1,3058,3092,3059,-1,3059,3092,3093,-1,3059,3093,3060,-1,3060,3093,3094,-1,3060,3094,3061,-1,3061,3094,3095,-1,3061,3095,3062,-1,3062,3095,3096,-1,3062,3096,3063,-1,3063,3096,3097,-1,3063,3097,3064,-1,3064,3097,3098,-1,3064,3098,3065,-1,3065,3098,3099,-1,3065,3099,3066,-1,3066,3099,3100,-1,3066,3100,3067,-1,3067,3100,3101,-1,3067,3101,3068,-1,3068,3101,3102,-1,3068,3102,3069,-1,3069,3102,3103,-1,3069,3103,3070,-1,3070,3103,3104,-1,3070,3104,3071,-1,3071,3104,3105,-1,3071,3105,3072,-1,3072,3105,3106,-1,3072,3106,3073,-1,3073,3106,3107,-1,3073,3107,3074,-1,3074,3107,3108,-1,3074,3108,3075,-1,3075,3108,3109,-1,3075,3109,3076,-1,3076,3109,3110,-1,3076,3110,3077,-1,3077,3110,3111,-1,3077,3111,3078,-1,3078,3111,3112,-1,3078,3112,3079,-1,3079,3112,3113,-1,3079,3113,3080,-1,3080,3113,3114,-1,3080,3114,3081,-1,3081,3114,3115,-1,3081,3115,3082,-1,3082,3115,3116,-1,3082,3116,3083,-1,3084,3117,3118,-1,3084,3118,3085,-1,3085,3118,3119,-1,3085,3119,3086,-1,3086,3119,3120,-1,3086,3120,3087,-1,3087,3120,3121,-1,3087,3121,3088,-1,3088,3121,3122,-1,3088,3122,3089,-1,3089,3122,3123,-1,3089,3123,3090,-1,3090,3123,3124,-1,3090,3124,3091,-1,3091,3124,3125,-1,3091,3125,3092,-1,3092,3125,3126,-1,3092,3126,3093,-1,3093,3126,3127,-1,3093,3127,3094,-1,3094,3127,3128,-1,3094,3128,3095,-1,3095,3128,3129,-1,3095,3129,3096,-1,3096,3129,3130,-1,3096,3130,3097,-1,3097,3130,3131,-1,3097,3131,3098,-1,3098,3131,3132,-1,3098,3132,3099,-1,3099,3132,3133,-1,3099,3133,3100,-1,3100,3133,3134,-1,3100,3134,3101,-1,3101,3134,3135,-1,3101,3135,3102,-1,3102,3135,3136,-1,3102,3136,3103,-1,3103,3136,3137,-1,3103,3137,3104,-1,3104,3137,3138,-1,3104,3138,3105,-1,3105,3138,3139,-1,3105,3139,3106,-1,3106,3139,3140,-1,3106,3140,3107,-1,3107,3140,3141,-1,3107,3141,3108,-1,3108,3141,3142,-1,3108,3142,3109,-1,3109,3142,3143,-1,3109,3143,3110,-1,3110,3143,3144,-1,3110,3144,3111,-1,3111,3144,3145,-1,3111,3145,3112,-1,3112,3145,3146,-1,3112,3146,3113,-1,3113,3146,3147,-1,3113,3147,3114,-1,3114,3147,3148,-1,3114,3148,3115,-1,3115,3148,3149,-1,3115,3149,3116,-1,3150,3151,3117,-1,3151,3152,3117,-1,3117,3152,3153,-1,3117,3153,3118,-1,3118,3153,3154,-1,3118,3154,3119,-1,3119,3154,3155,-1,3119,3155,3120,-1,3120,3155,3156,-1,3120,3156,3121,-1,3121,3156,3157,-1,3121,3157,3122,-1,3122,3157,3158,-1,3122,3158,3123,-1,3123,3158,3159,-1,3123,3159,3124,-1,3124,3159,3160,-1,3124,3160,3125,-1,3125,3160,3161,-1,3125,3161,3126,-1,3126,3161,3162,-1,3126,3162,3127,-1,3127,3162,3163,-1,3127,3163,3128,-1,3128,3163,3164,-1,3128,3164,3129,-1,3129,3164,3165,-1,3129,3165,3130,-1,3130,3165,3166,-1,3130,3166,3131,-1,3131,3166,3167,-1,3131,3167,3132,-1,3132,3167,3168,-1,3132,3168,3133,-1,3133,3168,3169,-1,3133,3169,3134,-1,3134,3169,3170,-1,3134,3170,3135,-1,3135,3170,3171,-1,3135,3171,3136,-1,3136,3171,3172,-1,3136,3172,3137,-1,3137,3172,3173,-1,3137,3173,3138,-1,3138,3173,3174,-1,3138,3174,3139,-1,3139,3174,3175,-1,3139,3175,3140,-1,3140,3175,3176,-1,3140,3176,3141,-1,3141,3176,3177,-1,3141,3177,3142,-1,3142,3177,3178,-1,3142,3178,3143,-1,3143,3178,3179,-1,3143,3179,3144,-1,3144,3179,3180,-1,3144,3180,3145,-1,3145,3180,3181,-1,3145,3181,3146,-1,3146,3181,3182,-1,3146,3182,3147,-1,3147,3182,3183,-1,3147,3183,3148,-1,3148,3183,3150,-1,3148,3150,3149,-1,3149,3150,3117,-1,3149,3117,3116,-1,3116,3117,3084,-1,3116,3084,3083,-1,3083,3084,3051,-1,3083,3051,3050,-1,3050,3051,3018,-1,3050,3018,3017,-1,3017,3018,2985,-1,3017,2985,2984,-1,2984,2985,2952,-1,2984,2952,2951,-1,2951,2952,2919,-1,2951,2919,2918,-1,2918,2919,2886,-1,2918,2886,2885,-1,2885,2886,2853,-1,2885,2853,2852,-1,2852,2853,2820,-1,2852,2820,2802,-1,2802,2820,2807,-1,2802,2807,2786,-1,3184,3185,3186,-1,3184,3187,3188,-1,3189,3187,3184,-1,3186,3189,3184,-1,3184,3190,3191,-1,3192,3190,3184,-1,3188,3192,3184,-1,3184,3193,3194,-1,3195,3193,3184,-1,3191,3195,3184,-1,3184,3196,3197,-1,3198,3196,3184,-1,3194,3198,3184,-1,3184,3199,3200,-1,3201,3199,3184,-1,3197,3201,3184,-1,3184,3202,3203,-1,3204,3202,3184,-1,3205,3204,3184,-1,3184,3206,3207,-1,3208,3206,3184,-1,3203,3208,3184,-1,3184,3209,3210,-1,3211,3209,3184,-1,3207,3211,3184,-1,3184,3212,3213,-1,3214,3212,3184,-1,3210,3214,3184,-1,3184,3215,3216,-1,3217,3215,3184,-1,3213,3217,3184,-1,3216,3185,3184,-1,3205,3218,3219,-1,3205,3219,3204,-1,3204,3219,3220,-1,3204,3220,3202,-1,3202,3220,3221,-1,3202,3221,3203,-1,3203,3221,3222,-1,3203,3222,3208,-1,3208,3222,3223,-1,3208,3223,3206,-1,3206,3223,3224,-1,3206,3224,3207,-1,3207,3224,3225,-1,3207,3225,3211,-1,3211,3225,3226,-1,3211,3226,3209,-1,3209,3226,3227,-1,3209,3227,3210,-1,3210,3227,3228,-1,3210,3228,3214,-1,3214,3228,3229,-1,3214,3229,3212,-1,3212,3229,3230,-1,3212,3230,3213,-1,3213,3230,3231,-1,3213,3231,3217,-1,3217,3231,3232,-1,3217,3232,3215,-1,3215,3232,3233,-1,3215,3233,3216,-1,3216,3233,3234,-1,3216,3234,3185,-1,3185,3234,3235,-1,3185,3235,3186,-1,3186,3235,3236,-1,3186,3236,3189,-1,3189,3236,3237,-1,3189,3237,3187,-1,3187,3237,3238,-1,3187,3238,3188,-1,3188,3238,3239,-1,3188,3239,3192,-1,3192,3239,3240,-1,3192,3240,3190,-1,3190,3240,3241,-1,3190,3241,3191,-1,3191,3241,3242,-1,3191,3242,3195,-1,3195,3242,3243,-1,3195,3243,3193,-1,3193,3243,3244,-1,3193,3244,3194,-1,3194,3244,3245,-1,3194,3245,3198,-1,3198,3245,3246,-1,3198,3246,3196,-1,3196,3246,3247,-1,3196,3247,3197,-1,3197,3247,3248,-1,3197,3248,3201,-1,3201,3248,3249,-1,3201,3249,3199,-1,3199,3249,3250,-1,3199,3250,3200,-1,3218,3251,3252,-1,3218,3252,3219,-1,3219,3252,3253,-1,3219,3253,3220,-1,3220,3253,3254,-1,3220,3254,3221,-1,3221,3254,3255,-1,3221,3255,3222,-1,3222,3255,3256,-1,3222,3256,3223,-1,3223,3256,3257,-1,3223,3257,3224,-1,3224,3257,3258,-1,3224,3258,3225,-1,3225,3258,3259,-1,3225,3259,3226,-1,3226,3259,3260,-1,3226,3260,3227,-1,3227,3260,3261,-1,3227,3261,3228,-1,3228,3261,3262,-1,3228,3262,3229,-1,3229,3262,3263,-1,3229,3263,3230,-1,3230,3263,3264,-1,3230,3264,3231,-1,3231,3264,3265,-1,3231,3265,3232,-1,3232,3265,3266,-1,3232,3266,3233,-1,3233,3266,3267,-1,3233,3267,3234,-1,3234,3267,3268,-1,3234,3268,3235,-1,3235,3268,3269,-1,3235,3269,3236,-1,3236,3269,3270,-1,3236,3270,3237,-1,3237,3270,3271,-1,3237,3271,3238,-1,3238,3271,3272,-1,3238,3272,3239,-1,3239,3272,3273,-1,3239,3273,3240,-1,3240,3273,3274,-1,3240,3274,3241,-1,3241,3274,3275,-1,3241,3275,3242,-1,3242,3275,3276,-1,3242,3276,3243,-1,3243,3276,3277,-1,3243,3277,3244,-1,3244,3277,3278,-1,3244,3278,3245,-1,3245,3278,3279,-1,3245,3279,3246,-1,3246,3279,3280,-1,3246,3280,3247,-1,3247,3280,3281,-1,3247,3281,3248,-1,3248,3281,3282,-1,3248,3282,3249,-1,3249,3282,3283,-1,3249,3283,3250,-1,3251,3284,3285,-1,3251,3285,3252,-1,3252,3285,3286,-1,3252,3286,3253,-1,3253,3286,3287,-1,3253,3287,3254,-1,3254,3287,3288,-1,3254,3288,3255,-1,3255,3288,3289,-1,3255,3289,3256,-1,3256,3289,3290,-1,3256,3290,3257,-1,3257,3290,3291,-1,3257,3291,3258,-1,3258,3291,3292,-1,3258,3292,3259,-1,3259,3292,3293,-1,3259,3293,3260,-1,3260,3293,3294,-1,3260,3294,3261,-1,3261,3294,3295,-1,3261,3295,3262,-1,3262,3295,3296,-1,3262,3296,3263,-1,3263,3296,3297,-1,3263,3297,3264,-1,3264,3297,3298,-1,3264,3298,3265,-1,3265,3298,3299,-1,3265,3299,3266,-1,3266,3299,3300,-1,3266,3300,3267,-1,3267,3300,3301,-1,3267,3301,3268,-1,3268,3301,3302,-1,3268,3302,3269,-1,3269,3302,3303,-1,3269,3303,3270,-1,3270,3303,3304,-1,3270,3304,3271,-1,3271,3304,3305,-1,3271,3305,3272,-1,3272,3305,3306,-1,3272,3306,3273,-1,3273,3306,3307,-1,3273,3307,3274,-1,3274,3307,3308,-1,3274,3308,3275,-1,3275,3308,3309,-1,3275,3309,3276,-1,3276,3309,3310,-1,3276,3310,3277,-1,3277,3310,3311,-1,3277,3311,3278,-1,3278,3311,3312,-1,3278,3312,3279,-1,3279,3312,3313,-1,3279,3313,3280,-1,3280,3313,3314,-1,3280,3314,3281,-1,3281,3314,3315,-1,3281,3315,3282,-1,3282,3315,3316,-1,3282,3316,3283,-1,3284,3317,3318,-1,3284,3318,3285,-1,3285,3318,3319,-1,3285,3319,3286,-1,3286,3319,3320,-1,3286,3320,3287,-1,3287,3320,3321,-1,3287,3321,3288,-1,3288,3321,3322,-1,3288,3322,3289,-1,3289,3322,3323,-1,3289,3323,3290,-1,3290,3323,3324,-1,3290,3324,3291,-1,3291,3324,3325,-1,3291,3325,3292,-1,3292,3325,3326,-1,3292,3326,3293,-1,3293,3326,3327,-1,3293,3327,3294,-1,3294,3327,3328,-1,3294,3328,3295,-1,3295,3328,3329,-1,3295,3329,3296,-1,3296,3329,3330,-1,3296,3330,3297,-1,3297,3330,3331,-1,3297,3331,3298,-1,3298,3331,3332,-1,3298,3332,3299,-1,3299,3332,3333,-1,3299,3333,3300,-1,3300,3333,3334,-1,3300,3334,3301,-1,3301,3334,3335,-1,3301,3335,3302,-1,3302,3335,3336,-1,3302,3336,3303,-1,3303,3336,3337,-1,3303,3337,3304,-1,3304,3337,3338,-1,3304,3338,3305,-1,3305,3338,3339,-1,3305,3339,3306,-1,3306,3339,3340,-1,3306,3340,3307,-1,3307,3340,3341,-1,3307,3341,3308,-1,3308,3341,3342,-1,3308,3342,3309,-1,3309,3342,3343,-1,3309,3343,3310,-1,3310,3343,3344,-1,3310,3344,3311,-1,3311,3344,3345,-1,3311,3345,3312,-1,3312,3345,3346,-1,3312,3346,3313,-1,3313,3346,3347,-1,3313,3347,3314,-1,3314,3347,3348,-1,3314,3348,3315,-1,3315,3348,3349,-1,3315,3349,3316,-1,3317,3350,3351,-1,3317,3351,3318,-1,3318,3351,3352,-1,3318,3352,3319,-1,3319,3352,3353,-1,3319,3353,3320,-1,3320,3353,3354,-1,3320,3354,3321,-1,3321,3354,3355,-1,3321,3355,3322,-1,3322,3355,3356,-1,3322,3356,3323,-1,3323,3356,3357,-1,3323,3357,3324,-1,3324,3357,3358,-1,3324,3358,3325,-1,3325,3358,3359,-1,3325,3359,3326,-1,3326,3359,3360,-1,3326,3360,3327,-1,3327,3360,3361,-1,3327,3361,3328,-1,3328,3361,3362,-1,3328,3362,3329,-1,3329,3362,3363,-1,3329,3363,3330,-1,3330,3363,3364,-1,3330,3364,3331,-1,3331,3364,3365,-1,3331,3365,3332,-1,3332,3365,3366,-1,3332,3366,3333,-1,3333,3366,3367,-1,3333,3367,3334,-1,3334,3367,3368,-1,3334,3368,3335,-1,3335,3368,3369,-1,3335,3369,3336,-1,3336,3369,3370,-1,3336,3370,3337,-1,3337,3370,3371,-1,3337,3371,3338,-1,3338,3371,3372,-1,3338,3372,3339,-1,3339,3372,3373,-1,3339,3373,3340,-1,3340,3373,3374,-1,3340,3374,3341,-1,3341,3374,3375,-1,3341,3375,3342,-1,3342,3375,3376,-1,3342,3376,3343,-1,3343,3376,3377,-1,3343,3377,3344,-1,3344,3377,3378,-1,3344,3378,3345,-1,3345,3378,3379,-1,3345,3379,3346,-1,3346,3379,3380,-1,3346,3380,3347,-1,3347,3380,3381,-1,3347,3381,3348,-1,3348,3381,3382,-1,3348,3382,3349,-1,3350,3383,3384,-1,3350,3384,3351,-1,3351,3384,3385,-1,3351,3385,3352,-1,3352,3385,3386,-1,3352,3386,3353,-1,3353,3386,3387,-1,3353,3387,3354,-1,3354,3387,3388,-1,3354,3388,3355,-1,3355,3388,3389,-1,3355,3389,3356,-1,3356,3389,3390,-1,3356,3390,3357,-1,3357,3390,3391,-1,3357,3391,3358,-1,3358,3391,3392,-1,3358,3392,3359,-1,3359,3392,3393,-1,3359,3393,3360,-1,3360,3393,3394,-1,3360,3394,3361,-1,3361,3394,3395,-1,3361,3395,3362,-1,3362,3395,3396,-1,3362,3396,3363,-1,3363,3396,3397,-1,3363,3397,3364,-1,3364,3397,3398,-1,3364,3398,3365,-1,3365,3398,3399,-1,3365,3399,3366,-1,3366,3399,3400,-1,3366,3400,3367,-1,3367,3400,3401,-1,3367,3401,3368,-1,3368,3401,3402,-1,3368,3402,3369,-1,3369,3402,3403,-1,3369,3403,3370,-1,3370,3403,3404,-1,3370,3404,3371,-1,3371,3404,3405,-1,3371,3405,3372,-1,3372,3405,3406,-1,3372,3406,3373,-1,3373,3406,3407,-1,3373,3407,3374,-1,3374,3407,3408,-1,3374,3408,3375,-1,3375,3408,3409,-1,3375,3409,3376,-1,3376,3409,3410,-1,3376,3410,3377,-1,3377,3410,3411,-1,3377,3411,3378,-1,3378,3411,3412,-1,3378,3412,3379,-1,3379,3412,3413,-1,3379,3413,3380,-1,3380,3413,3414,-1,3380,3414,3381,-1,3381,3414,3415,-1,3381,3415,3382,-1,3383,3416,3417,-1,3383,3417,3384,-1,3384,3417,3418,-1,3384,3418,3385,-1,3385,3418,3419,-1,3385,3419,3386,-1,3386,3419,3420,-1,3386,3420,3387,-1,3387,3420,3421,-1,3387,3421,3388,-1,3388,3421,3422,-1,3388,3422,3389,-1,3389,3422,3423,-1,3389,3423,3390,-1,3390,3423,3424,-1,3390,3424,3391,-1,3391,3424,3425,-1,3391,3425,3392,-1,3392,3425,3426,-1,3392,3426,3393,-1,3393,3426,3427,-1,3393,3427,3394,-1,3394,3427,3428,-1,3394,3428,3395,-1,3395,3428,3429,-1,3395,3429,3396,-1,3396,3429,3430,-1,3396,3430,3397,-1,3397,3430,3431,-1,3397,3431,3398,-1,3398,3431,3432,-1,3398,3432,3399,-1,3399,3432,3433,-1,3399,3433,3400,-1,3400,3433,3434,-1,3400,3434,3401,-1,3401,3434,3435,-1,3401,3435,3402,-1,3402,3435,3436,-1,3402,3436,3403,-1,3403,3436,3437,-1,3403,3437,3404,-1,3404,3437,3438,-1,3404,3438,3405,-1,3405,3438,3439,-1,3405,3439,3406,-1,3406,3439,3440,-1,3406,3440,3407,-1,3407,3440,3441,-1,3407,3441,3408,-1,3408,3441,3442,-1,3408,3442,3409,-1,3409,3442,3443,-1,3409,3443,3410,-1,3410,3443,3444,-1,3410,3444,3411,-1,3411,3444,3445,-1,3411,3445,3412,-1,3412,3445,3446,-1,3412,3446,3413,-1,3413,3446,3447,-1,3413,3447,3414,-1,3414,3447,3448,-1,3414,3448,3415,-1,3416,3449,3450,-1,3416,3450,3417,-1,3417,3450,3451,-1,3417,3451,3418,-1,3418,3451,3452,-1,3418,3452,3419,-1,3419,3452,3453,-1,3419,3453,3420,-1,3420,3453,3454,-1,3420,3454,3421,-1,3421,3454,3455,-1,3421,3455,3422,-1,3422,3455,3456,-1,3422,3456,3423,-1,3423,3456,3457,-1,3423,3457,3424,-1,3424,3457,3458,-1,3424,3458,3425,-1,3425,3458,3459,-1,3425,3459,3426,-1,3426,3459,3460,-1,3426,3460,3427,-1,3427,3460,3461,-1,3427,3461,3428,-1,3428,3461,3462,-1,3428,3462,3429,-1,3429,3462,3463,-1,3429,3463,3430,-1,3430,3463,3464,-1,3430,3464,3431,-1,3431,3464,3465,-1,3431,3465,3432,-1,3432,3465,3466,-1,3432,3466,3433,-1,3433,3466,3467,-1,3433,3467,3434,-1,3434,3467,3468,-1,3434,3468,3435,-1,3435,3468,3469,-1,3435,3469,3436,-1,3436,3469,3470,-1,3436,3470,3437,-1,3437,3470,3471,-1,3437,3471,3438,-1,3438,3471,3472,-1,3438,3472,3439,-1,3439,3472,3473,-1,3439,3473,3440,-1,3440,3473,3474,-1,3440,3474,3441,-1,3441,3474,3475,-1,3441,3475,3442,-1,3442,3475,3476,-1,3442,3476,3443,-1,3443,3476,3477,-1,3443,3477,3444,-1,3444,3477,3478,-1,3444,3478,3445,-1,3445,3478,3479,-1,3445,3479,3446,-1,3446,3479,3480,-1,3446,3480,3447,-1,3447,3480,3481,-1,3447,3481,3448,-1,3449,3482,3483,-1,3449,3483,3450,-1,3450,3483,3484,-1,3450,3484,3451,-1,3451,3484,3485,-1,3451,3485,3452,-1,3452,3485,3486,-1,3452,3486,3453,-1,3453,3486,3487,-1,3453,3487,3454,-1,3454,3487,3488,-1,3454,3488,3455,-1,3455,3488,3489,-1,3455,3489,3456,-1,3456,3489,3490,-1,3456,3490,3457,-1,3457,3490,3491,-1,3457,3491,3458,-1,3458,3491,3492,-1,3458,3492,3459,-1,3459,3492,3493,-1,3459,3493,3460,-1,3460,3493,3494,-1,3460,3494,3461,-1,3461,3494,3495,-1,3461,3495,3462,-1,3462,3495,3496,-1,3462,3496,3463,-1,3463,3496,3497,-1,3463,3497,3464,-1,3464,3497,3498,-1,3464,3498,3465,-1,3465,3498,3499,-1,3465,3499,3466,-1,3466,3499,3500,-1,3466,3500,3467,-1,3467,3500,3501,-1,3467,3501,3468,-1,3468,3501,3502,-1,3468,3502,3469,-1,3469,3502,3503,-1,3469,3503,3470,-1,3470,3503,3504,-1,3470,3504,3471,-1,3471,3504,3505,-1,3471,3505,3472,-1,3472,3505,3506,-1,3472,3506,3473,-1,3473,3506,3507,-1,3473,3507,3474,-1,3474,3507,3508,-1,3474,3508,3475,-1,3475,3508,3509,-1,3475,3509,3476,-1,3476,3509,3510,-1,3476,3510,3477,-1,3477,3510,3511,-1,3477,3511,3478,-1,3478,3511,3512,-1,3478,3512,3479,-1,3479,3512,3513,-1,3479,3513,3480,-1,3480,3513,3514,-1,3480,3514,3481,-1,3482,3515,3516,-1,3482,3516,3483,-1,3483,3516,3517,-1,3483,3517,3484,-1,3484,3517,3518,-1,3484,3518,3485,-1,3485,3518,3519,-1,3485,3519,3486,-1,3486,3519,3520,-1,3486,3520,3487,-1,3487,3520,3521,-1,3487,3521,3488,-1,3488,3521,3522,-1,3488,3522,3489,-1,3489,3522,3523,-1,3489,3523,3490,-1,3490,3523,3524,-1,3490,3524,3491,-1,3491,3524,3525,-1,3491,3525,3492,-1,3492,3525,3526,-1,3492,3526,3493,-1,3493,3526,3527,-1,3493,3527,3494,-1,3494,3527,3528,-1,3494,3528,3495,-1,3495,3528,3529,-1,3495,3529,3496,-1,3496,3529,3530,-1,3496,3530,3497,-1,3497,3530,3531,-1,3497,3531,3498,-1,3498,3531,3532,-1,3498,3532,3499,-1,3499,3532,3533,-1,3499,3533,3500,-1,3500,3533,3534,-1,3500,3534,3501,-1,3501,3534,3535,-1,3501,3535,3502,-1,3502,3535,3536,-1,3502,3536,3503,-1,3503,3536,3537,-1,3503,3537,3504,-1,3504,3537,3538,-1,3504,3538,3505,-1,3505,3538,3539,-1,3505,3539,3506,-1,3506,3539,3540,-1,3506,3540,3507,-1,3507,3540,3541,-1,3507,3541,3508,-1,3508,3541,3542,-1,3508,3542,3509,-1,3509,3542,3543,-1,3509,3543,3510,-1,3510,3543,3544,-1,3510,3544,3511,-1,3511,3544,3545,-1,3511,3545,3512,-1,3512,3545,3546,-1,3512,3546,3513,-1,3513,3546,3547,-1,3513,3547,3514,-1,3548,3549,3515,-1,3549,3550,3515,-1,3515,3550,3551,-1,3515,3551,3516,-1,3516,3551,3552,-1,3516,3552,3517,-1,3517,3552,3553,-1,3517,3553,3518,-1,3518,3553,3554,-1,3518,3554,3519,-1,3519,3554,3555,-1,3519,3555,3520,-1,3520,3555,3556,-1,3520,3556,3521,-1,3521,3556,3557,-1,3521,3557,3522,-1,3522,3557,3558,-1,3522,3558,3523,-1,3523,3558,3559,-1,3523,3559,3524,-1,3524,3559,3560,-1,3524,3560,3525,-1,3525,3560,3561,-1,3525,3561,3526,-1,3526,3561,3562,-1,3526,3562,3527,-1,3527,3562,3563,-1,3527,3563,3528,-1,3528,3563,3564,-1,3528,3564,3529,-1,3529,3564,3565,-1,3529,3565,3530,-1,3530,3565,3566,-1,3530,3566,3531,-1,3531,3566,3567,-1,3531,3567,3532,-1,3532,3567,3568,-1,3532,3568,3533,-1,3533,3568,3569,-1,3533,3569,3534,-1,3534,3569,3570,-1,3534,3570,3535,-1,3535,3570,3571,-1,3535,3571,3536,-1,3536,3571,3572,-1,3536,3572,3537,-1,3537,3572,3573,-1,3537,3573,3538,-1,3538,3573,3574,-1,3538,3574,3539,-1,3539,3574,3575,-1,3539,3575,3540,-1,3540,3575,3576,-1,3540,3576,3541,-1,3541,3576,3577,-1,3541,3577,3542,-1,3542,3577,3578,-1,3542,3578,3543,-1,3543,3578,3579,-1,3543,3579,3544,-1,3544,3579,3580,-1,3544,3580,3545,-1,3545,3580,3581,-1,3545,3581,3546,-1,3546,3581,3548,-1,3546,3548,3547,-1,3547,3548,3515,-1,3547,3515,3514,-1,3514,3515,3482,-1,3514,3482,3481,-1,3481,3482,3449,-1,3481,3449,3448,-1,3448,3449,3416,-1,3448,3416,3415,-1,3415,3416,3383,-1,3415,3383,3382,-1,3382,3383,3350,-1,3382,3350,3349,-1,3349,3350,3317,-1,3349,3317,3316,-1,3316,3317,3284,-1,3316,3284,3283,-1,3283,3284,3251,-1,3283,3251,3250,-1,3250,3251,3218,-1,3250,3218,3200,-1,3200,3218,3205,-1,3200,3205,3184,-1,
        ]
    }
}
Shape{
    appearance Appearance {
        material  Material 	{
            diffuseColor 0.7529411764705882 0.7529411764705882 0.7529411764705882
            specularColor 0.3764705882352941 0.3764705882352941 0.3764705882352941
            ambientIntensity 0.2
            transparency 0
            shininess 0.5
        }
    }
    geometry IndexedFaceSet {
        ccw TRUE
        solid FALSE
        coord DEF co Coordinate {
            point [
                -0.1485 0.1937 -0.002, -0.1485 0.1937 0.0, -0.1498 0.2039 -0.002, -0.1498 0.2039 0.0, -0.1537 0.2134 -0.002, -0.1537 0.2134 0.0, -0.16 0.2216 -0.002, -0.16 0.2216 0.0, -0.1681 0.2278 -0.002, -0.1681 0.2278 0.0, -0.1776 0.2317 -0.002, -0.1776 0.2317 0.0, -0.1878 0.2331 -0.002, -0.1878 0.2331 0.0, -0.198 0.2317 -0.002, -0.198 0.2317 0.0, -0.2075 0.2278 -0.002, -0.2075 0.2278 0.0, -0.2156 0.2216 -0.002, -0.2156 0.2216 0.0, -0.2219 0.2134 -0.002, -0.2219 0.2134 0.0, -0.2258 0.2039 -0.002, -0.2258 0.2039 0.0, -0.2272 0.1937 -0.002, -0.2272 0.1937 0.0, -0.2258 0.1835 -0.002, -0.2258 0.1835 0.0, -0.2219 0.174 -0.002, -0.2219 0.174 0.0, -0.2156 0.1659 -0.002, -0.2156 0.1659 0.0, -0.2075 0.1596 -0.002, -0.2075 0.1596 0.0, -0.198 0.1557 -0.002, -0.198 0.1557 0.0, -0.1878 0.1544 -0.002, -0.1878 0.1544 0.0, -0.1776 0.1557 -0.002, -0.1776 0.1557 0.0, -0.1681 0.1596 -0.002, -0.1681 0.1596 0.0, -0.16 0.1659 -0.002, -0.16 0.1659 0.0, -0.1537 0.174 -0.002, -0.1537 0.174 0.0, -0.1498 0.1835 -0.002, -0.1498 0.1835 0.0, -0.1878 0.1937 -0.002, -0.1878 0.1937 -0.002
            ]
        }
        coordIndex [
            0,1,2,-1,2,1,3,-1,2,3,4,-1,4,3,5,-1,4,5,6,-1,6,5,7,-1,6,7,8,-1,8,7,9,-1,8,9,10,-1,10,9,11,-1,10,11,12,-1,12,11,13,-1,12,13,14,-1,14,13,15,-1,14,15,16,-1,16,15,17,-1,16,17,18,-1,18,17,19,-1,18,19,20,-1,20,19,21,-1,20,21,22,-1,22,21,23,-1,22,23,24,-1,24,23,25,-1,24,25,26,-1,26,25,27,-1,26,27,28,-1,28,27,29,-1,28,29,30,-1,30,29,31,-1,30,31,32,-1,32,31,33,-1,32,33,34,-1,34,33,35,-1,34,35,36,-1,36,35,37,-1,36,37,38,-1,38,37,39,-1,38,39,40,-1,40,39,41,-1,40,41,42,-1,42,41,43,-1,42,43,44,-1,44,43,45,-1,44,45,46,-1,46,45,47,-1,46,47,0,-1,0,47,1,-1,44,46,48,-1,48,46,0,-1,48,0,2,-1,38,40,48,-1,48,40,42,-1,48,42,44,-1,32,34,48,-1,48,34,36,-1,48,36,38,-1,26,28,48,-1,48,28,30,-1,48,30,32,-1,20,22,48,-1,48,22,24,-1,48,24,26,-1,14,16,48,-1,48,16,18,-1,48,18,20,-1,8,10,48,-1,48,10,12,-1,48,12,14,-1,2,4,48,-1,48,4,6,-1,48,6,8,-1,
        ]
    }
}
Shape{
    appearance Appearance {
        material  Material 	{
            diffuseColor 1.0 1.0 1.0
            specularColor 0.5019607843137255 0.5019607843137255 0.5019607843137255
            ambientIntensity 0.2
            transparency 0
            shininess 0.5
        }
    }
    geometry IndexedFaceSet {
        ccw TRUE
        solid FALSE
        coord DEF co Coordinate {
            point [
                0.2598 0.0079 -0.0643, 0.2598 0.0079 -0.0661, 0.2559 0.0079 -0.0643, 0.2559 0.0079 -0.0661, 0.2598 0.0016 -0.0643, 0.2559 0.0016 -0.0643, 0.2598 0.0016 -0.0501, 0.2559 0.0016 -0.0501, 0.2598 -0.0005 -0.0501, 0.2559 -0.0005 -0.0501, 0.2598 -0.0005 -0.0661, 0.2559 -0.0005 -0.0661, 0.2598 0.0161 -0.0664, 0.2559 0.0161 -0.0664, 0.2559 0.0186 -0.0662, 0.2598 0.0186 -0.0662, 0.2559 0.0203 -0.0656, 0.2598 0.0203 -0.0656, 0.2559 0.0206 -0.0655, 0.2598 0.0206 -0.0655, 0.2598 0.0206 -0.0635, 0.2559 0.0206 -0.0635, 0.2559 0.019 -0.0642, 0.2598 0.019 -0.0642, 0.2559 0.0172 -0.0645, 0.2598 0.0172 -0.0645, 0.2559 0.0164 -0.0646, 0.2598 0.0164 -0.0646, 0.2559 0.0148 -0.0644, 0.2598 0.0148 -0.0644, 0.2559 0.0137 -0.0639, 0.2598 0.0137 -0.0639, 0.2559 0.0126 -0.0632, 0.2598 0.0126 -0.0632, 0.2559 0.0123 -0.0629, 0.2598 0.0123 -0.0629, 0.2559 0.0115 -0.0618, 0.2598 0.0115 -0.0618, 0.2559 0.011 -0.0605, 0.2598 0.011 -0.0605, 0.2559 0.0108 -0.0589, 0.2598 0.0108 -0.0589, 0.2559 0.0108 -0.0583, 0.2598 0.0108 -0.0583, 0.2559 0.011 -0.0561, 0.2598 0.011 -0.0561, 0.2559 0.0116 -0.0547, 0.2598 0.0116 -0.0547, 0.2559 0.0124 -0.0535, 0.2598 0.0124 -0.0535, 0.2559 0.0135 -0.0526, 0.2598 0.0135 -0.0526, 0.2559 0.0148 -0.052, 0.2598 0.0148 -0.052, 0.2559 0.0162 -0.0517, 0.2598 0.0162 -0.0517, 0.2559 0.0168 -0.0517, 0.2598 0.0168 -0.0517, 0.2559 0.0188 -0.0519, 0.2598 0.0188 -0.0519, 0.2559 0.0204 -0.0526, 0.2598 0.0204 -0.0526, 0.2559 0.0206 -0.0527, 0.2598 0.0206 -0.0527, 0.2598 0.0206 -0.0505, 0.2559 0.0206 -0.0505, 0.2559 0.0168 -0.0498, 0.2598 0.0168 -0.0498, 0.2598 0.0168 -0.0498, 0.2559 0.0189 -0.05, 0.2598 0.0189 -0.05, 0.2559 0.0185 -0.05, 0.2559 0.0168 -0.0498, 0.2559 0.0157 -0.05, 0.2598 0.0145 -0.0501, 0.2559 0.0145 -0.0501, 0.2559 0.0128 -0.0508, 0.2598 0.0128 -0.0508, 0.2559 0.0113 -0.0518, 0.2598 0.0113 -0.0518, 0.2559 0.0109 -0.0522, 0.2598 0.0109 -0.0522, 0.2559 0.0097 -0.0537, 0.2598 0.0097 -0.0537, 0.2559 0.0093 -0.0547, 0.2598 0.009 -0.0555, 0.2559 0.009 -0.0555, 0.2559 0.0086 -0.0576, 0.2598 0.0086 -0.0576, 0.2559 0.0086 -0.0584, 0.2598 0.0086 -0.0584, 0.2559 0.0106 -0.0642, 0.2598 0.0106 -0.0642, 0.2598 0.0096 -0.0627, 0.2559 0.0089 -0.061, 0.2598 0.0089 -0.061, 0.2559 0.0093 -0.0621, 0.2559 0.0096 -0.0627, 0.2559 0.0119 -0.0653, 0.2598 0.0119 -0.0653, 0.2559 0.0134 -0.066, 0.2598 0.0134 -0.066, 0.2559 0.0152 -0.0664, 0.2598 0.0152 -0.0664, 0.2598 0.0324 -0.0643, 0.2598 0.0324 -0.0661, 0.2559 0.0324 -0.0643, 0.2559 0.0324 -0.0661, 0.2559 0.0258 -0.0643, 0.2598 0.0258 -0.0643, 0.2559 0.0302 -0.0643, 0.2598 0.0258 -0.0589, 0.2559 0.0258 -0.0589, 0.2559 0.0316 -0.0589, 0.2598 0.0316 -0.0589, 0.2559 0.0302 -0.0589, 0.2598 0.0316 -0.0571, 0.2559 0.0316 -0.0571, 0.2559 0.0258 -0.0571, 0.2598 0.0258 -0.0571, 0.2559 0.0302 -0.0571, 0.2598 0.0258 -0.052, 0.2559 0.0258 -0.052, 0.2559 0.032 -0.052, 0.2598 0.032 -0.052, 0.2559 0.0302 -0.052, 0.2598 0.032 -0.0501, 0.2559 0.032 -0.0501, 0.2559 0.0238 -0.0501, 0.2598 0.0238 -0.0501, 0.2559 0.0302 -0.0501, 0.2598 0.0238 -0.0661, 0.2559 0.0238 -0.0661, 0.2559 0.0302 -0.0661, 0.2598 0.046 -0.0639, 0.2598 0.0444 -0.0628, 0.2598 0.0444 -0.0651, 0.2598 0.0434 -0.0635, 0.2598 0.0426 -0.0658, 0.2598 0.0421 -0.064, 0.2598 0.0398 -0.0661, 0.2598 0.0398 -0.0643, 0.2598 0.0354 -0.0661, 0.2598 0.0375 -0.0643, 0.2598 0.0354 -0.0501, 0.2598 0.0375 -0.052, 0.2598 0.04 -0.0501, 0.2598 0.0399 -0.052, 0.2598 0.0424 -0.0504, 0.2598 0.042 -0.0522, 0.2598 0.0444 -0.0511, 0.2598 0.0434 -0.0527, 0.2598 0.046 -0.0522, 0.2598 0.0445 -0.0535, 0.2598 0.0466 -0.0528, 0.2598 0.045 -0.0539, 0.2598 0.0476 -0.0542, 0.2598 0.0456 -0.0548, 0.2598 0.0482 -0.0557, 0.2598 0.046 -0.0559, 0.2598 0.0485 -0.0579, 0.2598 0.0463 -0.058, 0.2598 0.0484 -0.0589, 0.2598 0.0462 -0.0592, 0.2598 0.048 -0.0608, 0.2598 0.0459 -0.0606, 0.2598 0.0472 -0.0625, 0.2598 0.0453 -0.0618, 0.2598 0.0446 -0.0626, 0.2559 0.0398 -0.0661, 0.2559 0.0354 -0.0661, 0.2559 0.046 -0.0639, 0.2559 0.0426 -0.0658, 0.2559 0.0428 -0.0657, 0.2559 0.0444 -0.0651, 0.2559 0.0472 -0.0625, 0.2559 0.048 -0.0608, 0.2559 0.0484 -0.0589, 0.2559 0.0485 -0.0579, 0.2559 0.0482 -0.0557, 0.2559 0.0476 -0.0542, 0.2559 0.0466 -0.0528, 0.2559 0.046 -0.0522, 0.2559 0.04 -0.0501, 0.2559 0.0444 -0.0511, 0.2559 0.0428 -0.0505, 0.2559 0.0424 -0.0504, 0.2559 0.0354 -0.0501, 0.2559 0.0399 -0.052, 0.2559 0.0375 -0.052, 0.2559 0.0375 -0.0643, 0.2559 0.0398 -0.0643, 0.2559 0.0446 -0.0626, 0.2559 0.0444 -0.0628, 0.2559 0.0434 -0.0635, 0.2559 0.0421 -0.064, 0.2559 0.0463 -0.058, 0.2559 0.0462 -0.0592, 0.2559 0.0459 -0.0606, 0.2559 0.0453 -0.0618, 0.2559 0.0445 -0.0535, 0.2559 0.045 -0.0539, 0.2559 0.0456 -0.0548, 0.2559 0.046 -0.0559, 0.2559 0.042 -0.0522, 0.2559 0.0434 -0.0527, 0.2559 0.0434 -0.0527
            ]
        }
        coordIndex [
            0,1,2,-1,2,1,3,-1,4,0,5,-1,5,0,2,-1,6,4,7,-1,7,4,5,-1,8,6,9,-1,9,6,7,-1,10,8,11,-1,11,8,9,-1,1,10,3,-1,3,10,11,-1,6,8,4,-1,4,8,10,-1,4,10,0,-1,0,10,1,-1,12,13,14,-1,12,14,15,-1,15,14,16,-1,15,16,17,-1,17,16,18,-1,17,18,19,-1,20,19,21,-1,21,19,18,-1,20,21,22,-1,20,22,23,-1,23,22,24,-1,23,24,25,-1,25,24,26,-1,25,26,27,-1,27,26,28,-1,27,28,29,-1,29,28,30,-1,29,30,31,-1,31,30,32,-1,31,32,33,-1,33,32,34,-1,33,34,35,-1,35,34,36,-1,35,36,37,-1,37,36,38,-1,37,38,39,-1,39,38,40,-1,39,40,41,-1,41,40,42,-1,41,42,43,-1,43,42,44,-1,43,44,45,-1,45,44,46,-1,45,46,47,-1,47,46,48,-1,47,48,49,-1,49,48,50,-1,49,50,51,-1,51,50,52,-1,51,52,53,-1,53,52,54,-1,53,54,55,-1,55,54,56,-1,55,56,57,-1,57,56,58,-1,57,58,59,-1,59,58,60,-1,59,60,61,-1,61,60,62,-1,61,62,63,-1,64,63,65,-1,65,63,62,-1,66,67,68,-1,64,65,69,-1,64,69,70,-1,70,69,71,-1,70,71,68,-1,68,71,72,-1,68,72,66,-1,67,66,73,-1,67,73,74,-1,73,75,74,-1,74,75,76,-1,74,76,77,-1,77,76,78,-1,77,78,79,-1,79,78,80,-1,79,80,81,-1,81,80,82,-1,81,82,83,-1,83,82,84,-1,83,84,85,-1,84,86,85,-1,85,86,87,-1,85,87,88,-1,88,87,89,-1,88,89,90,-1,91,92,93,-1,90,89,94,-1,90,94,95,-1,95,94,96,-1,95,96,93,-1,93,96,97,-1,93,97,91,-1,92,91,98,-1,92,98,99,-1,99,98,100,-1,99,100,101,-1,101,100,102,-1,101,102,103,-1,103,102,13,-1,103,13,12,-1,61,63,64,-1,51,79,49,-1,49,79,81,-1,49,81,47,-1,47,81,83,-1,47,83,45,-1,61,64,59,-1,59,64,70,-1,59,70,57,-1,57,70,68,-1,57,68,55,-1,55,68,67,-1,55,67,53,-1,53,67,74,-1,53,74,51,-1,51,74,77,-1,51,77,79,-1,90,43,88,-1,88,43,45,-1,88,45,85,-1,85,45,83,-1,19,20,17,-1,17,20,23,-1,17,23,15,-1,15,23,25,-1,15,25,12,-1,12,25,27,-1,12,27,103,-1,103,27,29,-1,103,29,101,-1,101,29,31,-1,101,31,99,-1,99,31,33,-1,99,33,92,-1,92,33,35,-1,92,35,93,-1,93,35,37,-1,93,37,95,-1,95,37,39,-1,95,39,90,-1,90,39,41,-1,90,41,43,-1,104,105,106,-1,106,105,107,-1,108,109,110,-1,110,109,104,-1,110,104,106,-1,111,109,112,-1,112,109,108,-1,113,114,115,-1,115,114,111,-1,115,111,112,-1,116,114,117,-1,117,114,113,-1,118,119,120,-1,120,119,116,-1,120,116,117,-1,121,119,122,-1,122,119,118,-1,123,124,125,-1,125,124,121,-1,125,121,122,-1,126,124,127,-1,127,124,123,-1,128,129,130,-1,130,129,126,-1,130,126,127,-1,131,129,132,-1,132,129,128,-1,107,105,133,-1,133,105,131,-1,133,131,132,-1,131,105,104,-1,104,109,131,-1,131,109,111,-1,131,111,129,-1,124,126,121,-1,121,126,129,-1,121,129,119,-1,119,129,111,-1,119,111,116,-1,116,111,114,-1,134,135,136,-1,136,135,137,-1,136,137,138,-1,138,137,139,-1,138,139,140,-1,140,139,141,-1,140,141,142,-1,142,141,143,-1,142,143,144,-1,144,143,145,-1,144,145,146,-1,146,145,147,-1,146,147,148,-1,148,147,149,-1,148,149,150,-1,150,149,151,-1,150,151,152,-1,152,151,153,-1,152,153,154,-1,154,153,155,-1,154,155,156,-1,156,155,157,-1,156,157,158,-1,158,157,159,-1,158,159,160,-1,160,159,161,-1,160,161,162,-1,162,161,163,-1,162,163,164,-1,164,163,165,-1,164,165,166,-1,166,165,167,-1,166,167,134,-1,134,167,168,-1,134,168,135,-1,140,142,169,-1,169,142,170,-1,171,134,136,-1,140,169,172,-1,140,172,138,-1,138,172,173,-1,138,173,136,-1,136,173,174,-1,136,174,171,-1,134,171,175,-1,134,175,166,-1,166,175,176,-1,166,176,164,-1,164,176,177,-1,164,177,162,-1,162,177,178,-1,162,178,160,-1,160,178,179,-1,160,179,158,-1,158,179,180,-1,158,180,156,-1,156,180,181,-1,156,181,154,-1,154,181,182,-1,154,182,152,-1,183,146,148,-1,152,182,184,-1,152,184,150,-1,150,184,185,-1,150,185,148,-1,148,185,186,-1,148,186,183,-1,144,146,187,-1,187,146,183,-1,142,144,170,-1,170,144,187,-1,147,145,188,-1,188,145,189,-1,145,143,189,-1,189,143,190,-1,143,141,190,-1,190,141,191,-1,168,192,193,-1,168,193,135,-1,135,193,194,-1,135,194,137,-1,137,194,195,-1,137,195,139,-1,139,195,191,-1,139,191,141,-1,161,196,197,-1,161,197,163,-1,163,197,198,-1,163,198,165,-1,165,198,199,-1,165,199,167,-1,167,199,192,-1,167,192,168,-1,153,200,201,-1,153,201,155,-1,155,201,202,-1,155,202,157,-1,157,202,203,-1,157,203,159,-1,159,203,196,-1,159,196,161,-1,147,188,204,-1,147,204,149,-1,149,204,205,-1,149,205,151,-1,151,205,200,-1,151,200,153,-1,
        ]
    }
}
Shape{
    appearance Appearance {
        material  Material 	{
            diffuseColor 0.25098039215686274 0.25098039215686274 0.25098039215686274
            specularColor 0.12549019607843137 0.12549019607843137 0.12549019607843137
            ambientIntensity 0.2
            transparency 0
            shininess 0.5
        }
    }
    geometry IndexedFaceSet {
        ccw TRUE
        solid FALSE
        coord DEF co Coordinate {
            point [
                0.2559 0.0375 -0.052, 0.2559 0.0375 -0.0643, 0.2559 0.0399 -0.052, 0.2559 0.0398 -0.0643, 0.2559 0.0444 -0.0628, 0.2559 0.0446 -0.0626, 0.2559 0.0453 -0.0618, 0.2559 0.0421 -0.064, 0.2559 0.0434 -0.0635, 0.2559 0.0459 -0.0606, 0.2559 0.0462 -0.0592, 0.2559 0.0463 -0.058, 0.2559 0.0434 -0.0527, 0.2559 0.042 -0.0522, 0.2559 0.0445 -0.0535, 0.2559 0.045 -0.0539, 0.2559 0.046 -0.0559, 0.2559 0.0456 -0.0548, 0.2559 0.0456 -0.0548
            ]
        }
        coordIndex [
            0,1,2,-1,2,1,3,-1,4,5,2,-1,2,5,6,-1,3,7,2,-1,2,7,8,-1,2,8,4,-1,6,9,2,-1,2,9,10,-1,2,10,11,-1,12,13,14,-1,14,13,2,-1,14,2,15,-1,11,16,2,-1,2,16,17,-1,2,17,15,-1,
        ]
    }
}
Shape{
    appearance Appearance {
        material  Material 	{
            diffuseColor 1.0 1.0 1.0
            specularColor 0.5019607843137255 0.5019607843137255 0.5019607843137255
            ambientIntensity 0.2
            transparency 0
            shininess 0.5
        }
    }
    geometry IndexedFaceSet {
        ccw TRUE
        solid FALSE
        coord DEF co Coordinate {
            point [
                0.2598 0.0538 -0.0599, 0.2598 0.0532 -0.0617, 0.2598 0.0592 -0.0599, 0.2598 0.0598 -0.0617, 0.2598 0.0562 -0.0533, 0.2598 0.0554 -0.0501, 0.2598 0.0493 -0.0661, 0.2598 0.0516 -0.0661, 0.2598 0.0564 -0.0528, 0.2598 0.0565 -0.0522, 0.2598 0.0577 -0.0501, 0.2598 0.0565 -0.0522, 0.2598 0.0567 -0.0528, 0.2598 0.0568 -0.0533, 0.2598 0.0638 -0.0661, 0.2598 0.0615 -0.0661, 0.2559 0.0577 -0.0501, 0.2559 0.0638 -0.0661, 0.2559 0.0554 -0.0501, 0.2559 0.0493 -0.0661, 0.2559 0.054 -0.054, 0.2559 0.0516 -0.0661, 0.2559 0.0532 -0.0617, 0.2559 0.0598 -0.0617, 0.2559 0.054 -0.0617, 0.2559 0.0615 -0.0661, 0.2559 0.0538 -0.0599, 0.2559 0.0592 -0.0599, 0.2559 0.0568 -0.0533, 0.2559 0.0565 -0.0522, 0.2559 0.0567 -0.0528, 0.2559 0.0565 -0.0522, 0.2559 0.0562 -0.0533, 0.2559 0.0564 -0.0528, 0.2559 0.0564 -0.0528
            ]
        }
        coordIndex [
            0,1,2,-1,2,1,3,-1,4,5,0,-1,0,5,6,-1,0,6,1,-1,1,6,7,-1,4,8,5,-1,5,8,9,-1,5,9,10,-1,10,9,11,-1,10,11,12,-1,12,13,10,-1,10,13,2,-1,10,2,14,-1,14,2,3,-1,14,3,15,-1,10,14,16,-1,16,14,17,-1,5,10,18,-1,18,10,16,-1,19,6,20,-1,20,6,5,-1,20,5,18,-1,7,6,21,-1,21,6,19,-1,1,7,22,-1,22,7,21,-1,23,3,24,-1,24,3,1,-1,24,1,22,-1,15,3,25,-1,25,3,23,-1,14,15,17,-1,17,15,25,-1,0,2,26,-1,26,2,27,-1,2,13,27,-1,27,13,28,-1,11,29,30,-1,11,30,12,-1,12,30,28,-1,12,28,13,-1,11,9,29,-1,29,9,31,-1,4,32,33,-1,4,33,8,-1,8,33,31,-1,8,31,9,-1,4,0,32,-1,32,0,26,-1,
        ]
    }
}
Shape{
    appearance Appearance {
        material  Material 	{
            diffuseColor 0.25098039215686274 0.25098039215686274 0.25098039215686274
            specularColor 0.12549019607843137 0.12549019607843137 0.12549019607843137
            ambientIntensity 0.2
            transparency 0
            shininess 0.5
        }
    }
    geometry IndexedFaceSet {
        ccw TRUE
        solid FALSE
        coord DEF co Coordinate {
            point [
                0.2559 0.0565 -0.0522, 0.2559 0.0565 -0.0522, 0.2559 0.0567 -0.0528, 0.2559 0.0564 -0.0528, 0.2559 0.0568 -0.0533, 0.2559 0.0562 -0.0533, 0.2559 0.0592 -0.0599, 0.2559 0.0538 -0.0599, 0.2559 0.0538 -0.0599
            ]
        }
        coordIndex [
            0,1,2,-1,2,1,3,-1,2,3,4,-1,4,3,5,-1,4,5,6,-1,6,5,7,-1,
        ]
    }
}
Shape{
    appearance Appearance {
        material  Material 	{
            diffuseColor 1.0 1.0 1.0
            specularColor 0.5019607843137255 0.5019607843137255 0.5019607843137255
            ambientIntensity 0.2
            transparency 0
            shininess 0.5
        }
    }
    geometry IndexedFaceSet {
        ccw TRUE
        solid FALSE
        coord DEF co Coordinate {
            point [
                0.2598 0.0081 -0.0897, 0.2598 0.0081 -0.0915, 0.2559 0.0081 -0.0897, 0.2559 0.0081 -0.0915, 0.2598 0.0016 -0.0897, 0.2559 0.0016 -0.0897, 0.2598 0.0016 -0.0843, 0.2559 0.0016 -0.0843, 0.2598 0.0073 -0.0843, 0.2559 0.0073 -0.0843, 0.2598 0.0073 -0.0825, 0.2559 0.0073 -0.0825, 0.2598 0.0016 -0.0825, 0.2559 0.0016 -0.0825, 0.2598 0.0016 -0.0774, 0.2559 0.0016 -0.0774, 0.2598 0.0077 -0.0774, 0.2559 0.0077 -0.0774, 0.2598 0.0077 -0.0755, 0.2559 0.0077 -0.0755, 0.2598 -0.0005 -0.0755, 0.2559 -0.0005 -0.0755, 0.2598 -0.0005 -0.0915, 0.2559 -0.0005 -0.0915, 0.2598 0.0171 -0.0898, 0.2598 0.0172 -0.0898, 0.2598 0.0171 -0.0879, 0.2598 0.0172 -0.087, 0.2598 0.0192 -0.0842, 0.2598 0.0172 -0.0869, 0.2598 0.0172 -0.0858, 0.2598 0.0172 -0.0915, 0.2598 0.0192 -0.0915, 0.2598 0.0165 -0.08, 0.2598 0.016 -0.0817, 0.2598 0.0173 -0.0803, 0.2598 0.0164 -0.0819, 0.2598 0.0128 -0.0867, 0.2598 0.0133 -0.0864, 0.2598 0.0121 -0.0852, 0.2598 0.0168 -0.0886, 0.2598 0.0163 -0.0892, 0.2598 0.0168 -0.0902, 0.2598 0.0161 -0.0895, 0.2598 0.0162 -0.0909, 0.2598 0.0155 -0.0898, 0.2598 0.0155 -0.0914, 0.2598 0.0149 -0.0901, 0.2598 0.0147 -0.0917, 0.2598 0.0142 -0.0902, 0.2598 0.0136 -0.0918, 0.2598 0.0135 -0.0901, 0.2598 0.0124 -0.0917, 0.2598 0.013 -0.0899, 0.2598 0.0117 -0.0914, 0.2598 0.0126 -0.0896, 0.2598 0.011 -0.0909, 0.2598 0.0125 -0.0895, 0.2598 0.0111 -0.0809, 0.2598 0.0111 -0.0828, 0.2598 0.0115 -0.0807, 0.2598 0.0125 -0.082, 0.2598 0.013 -0.0801, 0.2598 0.0138 -0.0816, 0.2598 0.0151 -0.0798, 0.2598 0.0149 -0.0815, 0.2598 0.0156 -0.0815, 0.2598 0.0138 -0.0847, 0.2598 0.0145 -0.0862, 0.2598 0.0172 -0.0843, 0.2598 0.0126 -0.0869, 0.2598 0.0113 -0.0856, 0.2598 0.0123 -0.0872, 0.2598 0.0108 -0.0862, 0.2598 0.0122 -0.0875, 0.2598 0.0103 -0.0868, 0.2598 0.0121 -0.088, 0.2598 0.0101 -0.0875, 0.2598 0.0121 -0.0883, 0.2598 0.01 -0.0885, 0.2598 0.0121 -0.0888, 0.2598 0.0101 -0.0894, 0.2598 0.0122 -0.0891, 0.2598 0.0104 -0.0901, 0.2598 0.0108 -0.0907, 0.2598 0.0171 -0.0834, 0.2598 0.019 -0.0825, 0.2598 0.0169 -0.0827, 0.2598 0.0187 -0.0816, 0.2598 0.0167 -0.0822, 0.2598 0.0183 -0.081, 0.2598 0.0179 -0.0807, 0.2559 0.0151 -0.0798, 0.2559 0.013 -0.0801, 0.2559 0.0115 -0.0807, 0.2559 0.0111 -0.0809, 0.2559 0.0111 -0.0828, 0.2559 0.0125 -0.082, 0.2559 0.0138 -0.0816, 0.2559 0.0149 -0.0815, 0.2559 0.0156 -0.0815, 0.2559 0.016 -0.0817, 0.2559 0.0164 -0.0819, 0.2559 0.0167 -0.0822, 0.2559 0.0169 -0.0827, 0.2559 0.0171 -0.0834, 0.2559 0.0172 -0.0843, 0.2559 0.0138 -0.0847, 0.2559 0.0121 -0.0852, 0.2559 0.0113 -0.0856, 0.2559 0.0108 -0.0862, 0.2559 0.0103 -0.0868, 0.2559 0.0101 -0.0875, 0.2559 0.01 -0.0885, 0.2559 0.0101 -0.0894, 0.2559 0.0104 -0.0901, 0.2559 0.0108 -0.0907, 0.2559 0.011 -0.0909, 0.2559 0.0136 -0.0918, 0.2559 0.0125 -0.0917, 0.2559 0.0124 -0.0917, 0.2559 0.0117 -0.0914, 0.2559 0.0147 -0.0917, 0.2559 0.0147 -0.0917, 0.2559 0.0155 -0.0914, 0.2559 0.0162 -0.0909, 0.2559 0.0168 -0.0902, 0.2559 0.0171 -0.0898, 0.2559 0.0172 -0.0898, 0.2559 0.0172 -0.0915, 0.2559 0.0192 -0.0915, 0.2559 0.0192 -0.0842, 0.2559 0.019 -0.0825, 0.2559 0.0187 -0.0816, 0.2559 0.0183 -0.081, 0.2559 0.0179 -0.0807, 0.2559 0.0173 -0.0803, 0.2559 0.0165 -0.08, 0.2559 0.0126 -0.0869, 0.2559 0.0128 -0.0867, 0.2559 0.0133 -0.0864, 0.2559 0.0145 -0.0862, 0.2559 0.0121 -0.0883, 0.2559 0.0121 -0.088, 0.2559 0.0122 -0.0875, 0.2559 0.0123 -0.0872, 0.2559 0.0126 -0.0896, 0.2559 0.0125 -0.0895, 0.2559 0.0122 -0.0891, 0.2559 0.0121 -0.0888, 0.2559 0.0142 -0.0902, 0.2559 0.0135 -0.0901, 0.2559 0.013 -0.0899, 0.2559 0.0163 -0.0892, 0.2559 0.0161 -0.0895, 0.2559 0.0155 -0.0898, 0.2559 0.0149 -0.0901, 0.2559 0.0172 -0.0869, 0.2559 0.0172 -0.087, 0.2559 0.0171 -0.0879, 0.2559 0.0168 -0.0886, 0.2559 0.0172 -0.0858, 0.2559 0.0172 -0.0858
            ]
        }
        coordIndex [
            0,1,2,-1,2,1,3,-1,4,0,5,-1,5,0,2,-1,6,4,7,-1,7,4,5,-1,8,6,9,-1,9,6,7,-1,10,8,11,-1,11,8,9,-1,12,10,13,-1,13,10,11,-1,14,12,15,-1,15,12,13,-1,16,14,17,-1,17,14,15,-1,18,16,19,-1,19,16,17,-1,20,18,21,-1,21,18,19,-1,22,20,23,-1,23,20,21,-1,1,22,3,-1,3,22,23,-1,22,1,0,-1,0,4,22,-1,22,4,6,-1,22,6,20,-1,16,18,14,-1,14,18,20,-1,14,20,12,-1,12,20,6,-1,12,6,10,-1,10,6,8,-1,24,25,26,-1,27,28,29,-1,29,28,30,-1,31,32,25,-1,25,32,28,-1,25,28,26,-1,26,28,27,-1,33,34,35,-1,35,34,36,-1,37,38,39,-1,26,40,24,-1,24,40,41,-1,24,41,42,-1,42,41,43,-1,42,43,44,-1,44,43,45,-1,44,45,46,-1,46,45,47,-1,46,47,48,-1,48,47,49,-1,48,49,50,-1,50,49,51,-1,50,51,52,-1,52,51,53,-1,52,53,54,-1,54,53,55,-1,54,55,56,-1,56,55,57,-1,58,59,60,-1,60,59,61,-1,60,61,62,-1,62,61,63,-1,62,63,64,-1,64,63,65,-1,64,65,33,-1,33,65,66,-1,33,66,34,-1,39,38,67,-1,67,38,68,-1,67,68,69,-1,37,39,70,-1,70,39,71,-1,70,71,72,-1,72,71,73,-1,72,73,74,-1,74,73,75,-1,74,75,76,-1,76,75,77,-1,76,77,78,-1,78,77,79,-1,78,79,80,-1,80,79,81,-1,80,81,82,-1,82,81,83,-1,82,83,57,-1,57,83,84,-1,57,84,56,-1,68,30,69,-1,69,30,28,-1,69,28,85,-1,85,28,86,-1,85,86,87,-1,87,86,88,-1,87,88,89,-1,89,88,90,-1,89,90,36,-1,36,90,91,-1,36,91,35,-1,64,92,93,-1,64,93,62,-1,62,93,94,-1,62,94,60,-1,60,94,95,-1,60,95,58,-1,59,58,96,-1,96,58,95,-1,59,96,97,-1,59,97,61,-1,61,97,98,-1,61,98,63,-1,63,98,99,-1,63,99,65,-1,65,99,100,-1,65,100,66,-1,66,100,101,-1,66,101,34,-1,34,101,102,-1,34,102,36,-1,36,102,103,-1,36,103,89,-1,89,103,104,-1,89,104,87,-1,87,104,105,-1,87,105,85,-1,85,105,106,-1,85,106,69,-1,67,69,107,-1,107,69,106,-1,67,107,108,-1,67,108,39,-1,39,108,109,-1,39,109,71,-1,71,109,110,-1,71,110,73,-1,73,110,111,-1,73,111,75,-1,75,111,112,-1,75,112,77,-1,77,112,113,-1,77,113,79,-1,79,113,114,-1,79,114,81,-1,81,114,115,-1,81,115,83,-1,83,115,116,-1,83,116,84,-1,84,116,117,-1,84,117,56,-1,118,50,119,-1,119,50,52,-1,119,52,120,-1,120,52,54,-1,120,54,121,-1,121,54,56,-1,121,56,117,-1,50,118,122,-1,50,122,48,-1,48,122,123,-1,48,123,46,-1,123,124,46,-1,46,124,125,-1,46,125,44,-1,44,125,126,-1,44,126,42,-1,42,126,127,-1,42,127,24,-1,25,24,128,-1,128,24,127,-1,31,25,129,-1,129,25,128,-1,32,31,130,-1,130,31,129,-1,28,32,131,-1,131,32,130,-1,28,131,132,-1,28,132,86,-1,86,132,133,-1,86,133,88,-1,88,133,134,-1,88,134,90,-1,90,134,135,-1,90,135,91,-1,91,135,136,-1,91,136,35,-1,35,136,137,-1,35,137,33,-1,33,137,92,-1,33,92,64,-1,70,138,139,-1,70,139,37,-1,37,139,140,-1,37,140,38,-1,38,140,141,-1,38,141,68,-1,78,142,143,-1,78,143,76,-1,76,143,144,-1,76,144,74,-1,74,144,145,-1,74,145,72,-1,72,145,138,-1,72,138,70,-1,55,146,147,-1,55,147,57,-1,57,147,148,-1,57,148,82,-1,82,148,149,-1,82,149,80,-1,80,149,142,-1,80,142,78,-1,49,150,151,-1,49,151,51,-1,51,151,152,-1,51,152,53,-1,53,152,146,-1,53,146,55,-1,41,153,154,-1,41,154,43,-1,43,154,155,-1,43,155,45,-1,45,155,156,-1,45,156,47,-1,47,156,150,-1,47,150,49,-1,29,157,158,-1,29,158,27,-1,27,158,159,-1,27,159,26,-1,26,159,160,-1,26,160,40,-1,40,160,153,-1,40,153,41,-1,29,30,157,-1,157,30,161,-1,30,68,161,-1,161,68,141,-1,
        ]
    }
}
Shape{
    appearance Appearance {
        material  Material 	{
            diffuseColor 0.25098039215686274 0.25098039215686274 0.25098039215686274
            specularColor 0.12549019607843137 0.12549019607843137 0.12549019607843137
            ambientIntensity 0.2
            transparency 0
            shininess 0.5
        }
    }
    geometry IndexedFaceSet {
        ccw TRUE
        solid FALSE
        coord DEF co Coordinate {
            point [
                0.2559 0.0172 -0.087, 0.2559 0.0172 -0.0869, 0.2559 0.0126 -0.0869, 0.2559 0.0172 -0.0858, 0.2559 0.0145 -0.0862, 0.2559 0.0133 -0.0864, 0.2559 0.0128 -0.0867, 0.2559 0.0171 -0.0879, 0.2559 0.0123 -0.0872, 0.2559 0.0168 -0.0886, 0.2559 0.0125 -0.0895, 0.2559 0.0126 -0.0896, 0.2559 0.0161 -0.0895, 0.2559 0.0122 -0.0891, 0.2559 0.0155 -0.0898, 0.2559 0.0149 -0.0901, 0.2559 0.0142 -0.0902, 0.2559 0.0122 -0.0875, 0.2559 0.0121 -0.088, 0.2559 0.0163 -0.0892, 0.2559 0.0121 -0.0883, 0.2559 0.0121 -0.0888, 0.2559 0.013 -0.0899, 0.2559 0.0135 -0.0901, 0.2559 0.0135 -0.0901
            ]
        }
        coordIndex [
            0,1,2,-1,1,3,4,-1,4,5,1,-1,1,5,6,-1,1,6,2,-1,0,2,7,-1,7,2,8,-1,7,8,9,-1,10,11,12,-1,10,12,13,-1,14,12,15,-1,15,12,16,-1,8,17,9,-1,9,17,18,-1,9,18,19,-1,19,18,20,-1,19,20,12,-1,12,20,21,-1,12,21,13,-1,11,22,12,-1,12,22,23,-1,12,23,16,-1,
        ]
    }
}
Shape{
    appearance Appearance {
        material  Material 	{
            diffuseColor 1.0 1.0 1.0
            specularColor 0.5019607843137255 0.5019607843137255 0.5019607843137255
            ambientIntensity 0.2
            transparency 0
            shininess 0.5
        }
    }
    geometry IndexedFaceSet {
        ccw TRUE
        solid FALSE
        coord DEF co Coordinate {
            point [
                0.2559 0.0219 -0.0891, 0.2598 0.0219 -0.0891, 0.2598 0.0226 -0.0895, 0.2598 0.0252 -0.0902, 0.2559 0.0252 -0.0902, 0.2559 0.0239 -0.09, 0.2598 0.0239 -0.09, 0.2559 0.0229 -0.0896, 0.2559 0.0226 -0.0895, 0.2598 0.0219 -0.0911, 0.2559 0.0219 -0.0911, 0.2559 0.0229 -0.0915, 0.2598 0.0233 -0.0916, 0.2559 0.025 -0.0918, 0.2598 0.025 -0.0918, 0.2559 0.0237 -0.0917, 0.2559 0.0233 -0.0916, 0.2559 0.0262 -0.0917, 0.2598 0.0268 -0.0916, 0.2559 0.0268 -0.0916, 0.2559 0.0279 -0.0912, 0.2598 0.0279 -0.0912, 0.2559 0.0284 -0.0909, 0.2598 0.0284 -0.0909, 0.2559 0.0289 -0.0904, 0.2598 0.0289 -0.0904, 0.2559 0.0293 -0.0899, 0.2598 0.0293 -0.0899, 0.2559 0.0296 -0.0892, 0.2598 0.0296 -0.0892, 0.2559 0.0297 -0.0884, 0.2598 0.0297 -0.0884, 0.2559 0.0296 -0.0877, 0.2598 0.0296 -0.0877, 0.2559 0.0294 -0.0871, 0.2598 0.0294 -0.0871, 0.2559 0.029 -0.0865, 0.2598 0.029 -0.0865, 0.2559 0.0285 -0.0861, 0.2598 0.0285 -0.0861, 0.2559 0.0272 -0.0854, 0.2598 0.0272 -0.0854, 0.2559 0.0264 -0.085, 0.2598 0.0264 -0.085, 0.2559 0.0252 -0.0845, 0.2598 0.0252 -0.0845, 0.2559 0.0244 -0.0841, 0.2598 0.0244 -0.0841, 0.2559 0.0242 -0.0838, 0.2598 0.0242 -0.0838, 0.2559 0.0241 -0.0836, 0.2598 0.0241 -0.0836, 0.2559 0.024 -0.0833, 0.2598 0.024 -0.0833, 0.2559 0.024 -0.083, 0.2598 0.024 -0.083, 0.2559 0.024 -0.0827, 0.2598 0.024 -0.0827, 0.2559 0.0241 -0.0824, 0.2598 0.0241 -0.0824, 0.2559 0.0243 -0.0822, 0.2598 0.0243 -0.0822, 0.2559 0.0246 -0.0819, 0.2598 0.0246 -0.0819, 0.2559 0.0251 -0.0816, 0.2598 0.0251 -0.0816, 0.2559 0.0256 -0.0815, 0.2598 0.0256 -0.0815, 0.2559 0.0262 -0.0815, 0.2598 0.0262 -0.0815, 0.2559 0.0276 -0.0816, 0.2598 0.0276 -0.0816, 0.2559 0.0287 -0.0821, 0.2598 0.0287 -0.0821, 0.2559 0.0291 -0.0823, 0.2598 0.0291 -0.0823, 0.2598 0.0291 -0.0803, 0.2559 0.0291 -0.0803, 0.2559 0.0278 -0.08, 0.2598 0.0278 -0.08, 0.2559 0.0264 -0.0798, 0.2598 0.0264 -0.0798, 0.2559 0.0248 -0.08, 0.2598 0.0248 -0.08, 0.2559 0.0237 -0.0804, 0.2598 0.0237 -0.0804, 0.2559 0.0232 -0.0807, 0.2598 0.0232 -0.0807, 0.2559 0.0229 -0.0811, 0.2598 0.0226 -0.0813, 0.2559 0.0226 -0.0813, 0.2559 0.0223 -0.0818, 0.2598 0.0223 -0.0818, 0.2559 0.022 -0.0825, 0.2598 0.022 -0.0825, 0.2559 0.0219 -0.0832, 0.2598 0.0219 -0.0832, 0.2559 0.022 -0.084, 0.2598 0.022 -0.084, 0.2559 0.0222 -0.0846, 0.2598 0.0222 -0.0846, 0.2559 0.0225 -0.085, 0.2598 0.0225 -0.085, 0.2559 0.025 -0.0865, 0.2598 0.025 -0.0865, 0.2598 0.0238 -0.086, 0.2559 0.0228 -0.0853, 0.2598 0.0228 -0.0853, 0.2559 0.0229 -0.0853, 0.2559 0.0238 -0.086, 0.2559 0.0263 -0.0871, 0.2598 0.0263 -0.0871, 0.2559 0.0271 -0.0875, 0.2598 0.0271 -0.0875, 0.2559 0.0273 -0.0878, 0.2598 0.0273 -0.0878, 0.2559 0.0275 -0.0881, 0.2598 0.0275 -0.0881, 0.2559 0.0276 -0.0884, 0.2598 0.0276 -0.0884, 0.2559 0.0276 -0.0886, 0.2598 0.0276 -0.0886, 0.2559 0.0275 -0.089, 0.2598 0.0275 -0.089, 0.2559 0.0274 -0.0893, 0.2598 0.0274 -0.0893, 0.2559 0.0273 -0.0895, 0.2598 0.0273 -0.0895, 0.2559 0.027 -0.0897, 0.2598 0.027 -0.0897, 0.2559 0.0269 -0.0899, 0.2598 0.0269 -0.0899, 0.2559 0.0263 -0.09, 0.2598 0.0263 -0.09, 0.2559 0.0253 -0.0902, 0.2598 0.0253 -0.0902, 0.2598 0.0396 -0.0801, 0.2598 0.0417 -0.0801, 0.2559 0.0396 -0.0801, 0.2559 0.0417 -0.0801, 0.2598 0.0365 -0.0887, 0.2559 0.0365 -0.0887, 0.2559 0.0363 -0.0892, 0.2598 0.0363 -0.0892, 0.2559 0.0362 -0.0896, 0.2598 0.0362 -0.0896, 0.2598 0.0362 -0.0896, 0.2559 0.0362 -0.0896, 0.2598 0.0359 -0.0887, 0.2559 0.0359 -0.0887, 0.2598 0.0329 -0.0801, 0.2559 0.0339 -0.0829, 0.2559 0.0329 -0.0801, 0.2598 0.0307 -0.0801, 0.2559 0.0307 -0.0801, 0.2598 0.0352 -0.0915, 0.2559 0.0339 -0.0883, 0.2559 0.0352 -0.0915, 0.2559 0.0343 -0.0936, 0.2598 0.0343 -0.0936, 0.2559 0.0351 -0.0917, 0.2559 0.0339 -0.0943, 0.2598 0.0339 -0.0943, 0.2559 0.0339 -0.0943, 0.2559 0.0335 -0.0947, 0.2598 0.0335 -0.0947, 0.2559 0.0332 -0.095, 0.2598 0.0332 -0.095, 0.2559 0.0328 -0.0951, 0.2598 0.0328 -0.0951, 0.2559 0.0323 -0.0952, 0.2598 0.0323 -0.0952, 0.2559 0.0322 -0.0952, 0.2598 0.0322 -0.0952, 0.2559 0.0315 -0.0951, 0.2598 0.0315 -0.0951, 0.2559 0.0311 -0.095, 0.2598 0.0311 -0.095, 0.2598 0.0311 -0.0968, 0.2559 0.0311 -0.0968, 0.2559 0.032 -0.0969, 0.2598 0.032 -0.0969, 0.2559 0.0324 -0.0969, 0.2598 0.0324 -0.0969, 0.2559 0.0333 -0.0968, 0.2598 0.0333 -0.0968, 0.2559 0.0339 -0.0966, 0.2598 0.0341 -0.0965, 0.2559 0.0341 -0.0965, 0.2559 0.0347 -0.096, 0.2598 0.0347 -0.096, 0.2559 0.0356 -0.095, 0.2598 0.0356 -0.095, 0.2559 0.0365 -0.0933, 0.2598 0.0365 -0.0933, 0.2559 0.0371 -0.0917, 0.2598 0.0524 -0.0897, 0.2598 0.0524 -0.0915, 0.2559 0.0524 -0.0897, 0.2559 0.0524 -0.0915, 0.2598 0.0459 -0.0897, 0.2559 0.0489 -0.0897, 0.2559 0.0459 -0.0897, 0.2598 0.0459 -0.0843, 0.2559 0.0459 -0.0843, 0.2598 0.0516 -0.0843, 0.2559 0.0489 -0.0843, 0.2559 0.0516 -0.0843, 0.2598 0.0516 -0.0825, 0.2559 0.0516 -0.0825, 0.2559 0.0459 -0.0825, 0.2598 0.0459 -0.0825, 0.2559 0.0489 -0.0825, 0.2598 0.0459 -0.0774, 0.2559 0.0459 -0.0774, 0.2559 0.0521 -0.0774, 0.2598 0.0521 -0.0774, 0.2559 0.0489 -0.0774, 0.2598 0.0521 -0.0755, 0.2559 0.0521 -0.0755, 0.2559 0.0438 -0.0755, 0.2598 0.0438 -0.0755, 0.2559 0.0489 -0.0755, 0.2598 0.0438 -0.0915, 0.2559 0.0438 -0.0915, 0.2559 0.0489 -0.0915, 0.2598 0.0661 -0.0893, 0.2598 0.0645 -0.0882, 0.2598 0.0644 -0.0905, 0.2598 0.0634 -0.0889, 0.2598 0.0626 -0.0912, 0.2598 0.0621 -0.0894, 0.2598 0.0599 -0.0915, 0.2598 0.0599 -0.0897, 0.2598 0.0555 -0.0915, 0.2598 0.0575 -0.0897, 0.2598 0.0555 -0.0755, 0.2598 0.0575 -0.0774, 0.2598 0.06 -0.0755, 0.2598 0.06 -0.0774, 0.2598 0.0625 -0.0758, 0.2598 0.062 -0.0776, 0.2598 0.0644 -0.0765, 0.2598 0.0634 -0.0781, 0.2598 0.0661 -0.0776, 0.2598 0.0646 -0.0789, 0.2598 0.0667 -0.0782, 0.2598 0.065 -0.0793, 0.2598 0.0676 -0.0796, 0.2598 0.0656 -0.0802, 0.2598 0.0682 -0.0811, 0.2598 0.0661 -0.0814, 0.2598 0.0685 -0.0833, 0.2598 0.0663 -0.0834, 0.2598 0.0685 -0.0843, 0.2598 0.0663 -0.0846, 0.2598 0.0681 -0.0862, 0.2598 0.0659 -0.0861, 0.2598 0.0673 -0.0879, 0.2598 0.0653 -0.0872, 0.2598 0.0646 -0.088, 0.2559 0.0599 -0.0915, 0.2559 0.0555 -0.0915, 0.2559 0.0626 -0.0912, 0.2559 0.0644 -0.0905, 0.2559 0.0661 -0.0893, 0.2559 0.0673 -0.0879, 0.2559 0.0681 -0.0862, 0.2559 0.0685 -0.0843, 0.2559 0.0685 -0.0833, 0.2559 0.0682 -0.0811, 0.2559 0.0676 -0.0796, 0.2559 0.0667 -0.0782, 0.2559 0.0661 -0.0776, 0.2559 0.0644 -0.0765, 0.2559 0.0625 -0.0758, 0.2559 0.06 -0.0755, 0.2559 0.0555 -0.0755, 0.2559 0.06 -0.0774, 0.2559 0.0575 -0.0774, 0.2559 0.0575 -0.0897, 0.2559 0.0599 -0.0897, 0.2559 0.0646 -0.088, 0.2559 0.0645 -0.0882, 0.2559 0.0634 -0.0889, 0.2559 0.0621 -0.0894, 0.2559 0.0663 -0.0834, 0.2559 0.0663 -0.0846, 0.2559 0.0659 -0.0861, 0.2559 0.0653 -0.0872, 0.2559 0.0646 -0.0789, 0.2559 0.065 -0.0793, 0.2559 0.0656 -0.0802, 0.2559 0.0661 -0.0814, 0.2559 0.062 -0.0776, 0.2559 0.0634 -0.0781, 0.2559 0.0634 -0.0781
            ]
        }
        coordIndex [
            0,1,2,-1,3,4,5,-1,3,5,6,-1,6,5,7,-1,6,7,2,-1,2,7,8,-1,2,8,0,-1,9,1,10,-1,10,1,0,-1,10,11,9,-1,9,11,12,-1,13,14,15,-1,15,14,12,-1,15,12,16,-1,16,12,11,-1,13,17,14,-1,14,17,18,-1,17,19,18,-1,18,19,20,-1,18,20,21,-1,21,20,22,-1,21,22,23,-1,23,22,24,-1,23,24,25,-1,25,24,26,-1,25,26,27,-1,27,26,28,-1,27,28,29,-1,29,28,30,-1,29,30,31,-1,31,30,32,-1,31,32,33,-1,33,32,34,-1,33,34,35,-1,35,34,36,-1,35,36,37,-1,37,36,38,-1,37,38,39,-1,39,38,40,-1,39,40,41,-1,41,40,42,-1,41,42,43,-1,43,42,44,-1,43,44,45,-1,45,44,46,-1,45,46,47,-1,47,46,48,-1,47,48,49,-1,49,48,50,-1,49,50,51,-1,51,50,52,-1,51,52,53,-1,53,52,54,-1,53,54,55,-1,55,54,56,-1,55,56,57,-1,57,56,58,-1,57,58,59,-1,59,58,60,-1,59,60,61,-1,61,60,62,-1,61,62,63,-1,63,62,64,-1,63,64,65,-1,65,64,66,-1,65,66,67,-1,67,66,68,-1,67,68,69,-1,69,68,70,-1,69,70,71,-1,71,70,72,-1,71,72,73,-1,73,72,74,-1,73,74,75,-1,76,75,77,-1,77,75,74,-1,76,77,78,-1,76,78,79,-1,79,78,80,-1,79,80,81,-1,81,80,82,-1,81,82,83,-1,83,82,84,-1,83,84,85,-1,85,84,86,-1,85,86,87,-1,86,88,87,-1,87,88,89,-1,88,90,89,-1,89,90,91,-1,89,91,92,-1,92,91,93,-1,92,93,94,-1,94,93,95,-1,94,95,96,-1,96,95,97,-1,96,97,98,-1,98,97,99,-1,98,99,100,-1,100,99,101,-1,100,101,102,-1,103,104,105,-1,102,101,106,-1,102,106,107,-1,107,106,108,-1,107,108,105,-1,105,108,109,-1,105,109,103,-1,104,103,110,-1,104,110,111,-1,111,110,112,-1,111,112,113,-1,113,112,114,-1,113,114,115,-1,115,114,116,-1,115,116,117,-1,117,116,118,-1,117,118,119,-1,119,118,120,-1,119,120,121,-1,121,120,122,-1,121,122,123,-1,123,122,124,-1,123,124,125,-1,125,124,126,-1,125,126,127,-1,127,126,128,-1,127,128,129,-1,129,128,130,-1,129,130,131,-1,131,130,132,-1,131,132,133,-1,133,132,134,-1,133,134,135,-1,135,134,4,-1,135,4,3,-1,59,61,87,-1,87,61,85,-1,85,61,63,-1,85,63,83,-1,125,25,27,-1,111,43,104,-1,104,43,45,-1,125,27,123,-1,123,27,29,-1,123,29,121,-1,121,29,31,-1,121,31,119,-1,119,31,33,-1,119,33,117,-1,117,33,35,-1,117,35,115,-1,115,35,37,-1,115,37,113,-1,113,37,39,-1,113,39,111,-1,111,39,41,-1,111,41,43,-1,25,125,23,-1,23,125,127,-1,23,127,21,-1,14,3,12,-1,12,3,6,-1,12,6,9,-1,9,6,2,-1,9,2,1,-1,63,65,83,-1,83,65,67,-1,83,67,81,-1,81,67,69,-1,81,69,79,-1,79,69,71,-1,79,71,76,-1,76,71,73,-1,76,73,75,-1,127,129,21,-1,21,129,131,-1,21,131,18,-1,18,131,133,-1,18,133,14,-1,14,133,135,-1,14,135,3,-1,87,89,59,-1,59,89,92,-1,59,92,57,-1,57,92,94,-1,57,94,55,-1,55,94,96,-1,55,96,53,-1,53,96,98,-1,53,98,51,-1,51,98,100,-1,51,100,49,-1,49,100,102,-1,49,102,47,-1,47,102,107,-1,47,107,45,-1,45,107,105,-1,45,105,104,-1,136,137,138,-1,138,137,139,-1,140,136,141,-1,141,136,138,-1,140,141,142,-1,140,142,143,-1,143,142,144,-1,143,144,145,-1,146,145,147,-1,147,145,144,-1,148,146,149,-1,149,146,147,-1,148,149,150,-1,150,149,151,-1,150,151,152,-1,153,150,154,-1,154,150,152,-1,153,154,155,-1,155,154,156,-1,155,156,157,-1,158,159,160,-1,160,159,155,-1,160,155,157,-1,158,161,159,-1,159,161,162,-1,161,163,162,-1,162,163,164,-1,162,164,165,-1,165,164,166,-1,165,166,167,-1,167,166,168,-1,167,168,169,-1,169,168,170,-1,169,170,171,-1,171,170,172,-1,171,172,173,-1,173,172,174,-1,173,174,175,-1,175,174,176,-1,175,176,177,-1,178,177,179,-1,179,177,176,-1,178,179,180,-1,178,180,181,-1,181,180,182,-1,181,182,183,-1,183,182,184,-1,183,184,185,-1,185,184,186,-1,185,186,187,-1,186,188,187,-1,187,188,189,-1,187,189,190,-1,190,189,191,-1,190,191,192,-1,192,191,193,-1,192,193,194,-1,139,137,195,-1,195,137,194,-1,195,194,193,-1,143,145,194,-1,137,136,194,-1,194,136,140,-1,194,140,143,-1,150,153,148,-1,148,153,155,-1,148,155,146,-1,145,146,194,-1,194,146,155,-1,194,155,192,-1,155,159,192,-1,192,159,162,-1,192,162,190,-1,190,162,165,-1,190,165,187,-1,187,165,167,-1,187,167,185,-1,185,167,169,-1,185,169,183,-1,183,169,171,-1,183,171,181,-1,181,171,173,-1,181,173,178,-1,178,173,175,-1,178,175,177,-1,196,197,198,-1,198,197,199,-1,196,198,200,-1,200,198,201,-1,200,201,202,-1,203,200,204,-1,204,200,202,-1,203,204,205,-1,205,204,206,-1,205,206,207,-1,208,205,209,-1,209,205,207,-1,210,211,212,-1,212,211,208,-1,212,208,209,-1,213,211,214,-1,214,211,210,-1,215,216,217,-1,217,216,213,-1,217,213,214,-1,218,216,219,-1,219,216,215,-1,220,221,222,-1,222,221,218,-1,222,218,219,-1,223,221,224,-1,224,221,220,-1,223,224,197,-1,197,224,225,-1,197,225,199,-1,205,208,203,-1,203,208,211,-1,197,196,223,-1,223,196,200,-1,216,218,213,-1,213,218,221,-1,213,221,211,-1,211,221,223,-1,211,223,203,-1,203,223,200,-1,226,227,228,-1,228,227,229,-1,228,229,230,-1,230,229,231,-1,230,231,232,-1,232,231,233,-1,232,233,234,-1,234,233,235,-1,234,235,236,-1,236,235,237,-1,236,237,238,-1,238,237,239,-1,238,239,240,-1,240,239,241,-1,240,241,242,-1,242,241,243,-1,242,243,244,-1,244,243,245,-1,244,245,246,-1,246,245,247,-1,246,247,248,-1,248,247,249,-1,248,249,250,-1,250,249,251,-1,250,251,252,-1,252,251,253,-1,252,253,254,-1,254,253,255,-1,254,255,256,-1,256,255,257,-1,256,257,258,-1,258,257,259,-1,258,259,226,-1,226,259,260,-1,226,260,227,-1,232,234,261,-1,261,234,262,-1,232,261,263,-1,232,263,230,-1,230,263,264,-1,230,264,228,-1,228,264,265,-1,228,265,226,-1,226,265,266,-1,226,266,258,-1,258,266,267,-1,258,267,256,-1,256,267,268,-1,256,268,254,-1,254,268,269,-1,254,269,252,-1,252,269,270,-1,252,270,250,-1,250,270,271,-1,250,271,248,-1,248,271,272,-1,248,272,246,-1,246,272,273,-1,246,273,244,-1,244,273,274,-1,244,274,242,-1,242,274,275,-1,242,275,240,-1,240,275,276,-1,240,276,238,-1,236,238,277,-1,277,238,276,-1,234,236,262,-1,262,236,277,-1,239,237,278,-1,278,237,279,-1,237,235,279,-1,279,235,280,-1,235,233,280,-1,280,233,281,-1,260,282,283,-1,260,283,227,-1,227,283,284,-1,227,284,229,-1,229,284,285,-1,229,285,231,-1,231,285,281,-1,231,281,233,-1,253,286,287,-1,253,287,255,-1,255,287,288,-1,255,288,257,-1,257,288,289,-1,257,289,259,-1,259,289,282,-1,259,282,260,-1,245,290,291,-1,245,291,247,-1,247,291,292,-1,247,292,249,-1,249,292,293,-1,249,293,251,-1,251,293,286,-1,251,286,253,-1,239,278,294,-1,239,294,241,-1,241,294,295,-1,241,295,243,-1,243,295,290,-1,243,290,245,-1,
        ]
    }
}
Shape{
    appearance Appearance {
        material  Material 	{
            diffuseColor 0.25098039215686274 0.25098039215686274 0.25098039215686274
            specularColor 0.12549019607843137 0.12549019607843137 0.12549019607843137
            ambientIntensity 0.2
            transparency 0
            shininess 0.5
        }
    }
    geometry IndexedFaceSet {
        ccw TRUE
        solid FALSE
        coord DEF co Coordinate {
            point [
                0.2559 0.0575 -0.0774, 0.2559 0.0575 -0.0897, 0.2559 0.06 -0.0774, 0.2559 0.0599 -0.0897, 0.2559 0.0645 -0.0882, 0.2559 0.0646 -0.088, 0.2559 0.0653 -0.0872, 0.2559 0.0621 -0.0894, 0.2559 0.0634 -0.0889, 0.2559 0.0659 -0.0861, 0.2559 0.0663 -0.0846, 0.2559 0.0663 -0.0834, 0.2559 0.0634 -0.0781, 0.2559 0.062 -0.0776, 0.2559 0.0646 -0.0789, 0.2559 0.065 -0.0793, 0.2559 0.0661 -0.0814, 0.2559 0.0656 -0.0802, 0.2559 0.0656 -0.0802
            ]
        }
        coordIndex [
            0,1,2,-1,2,1,3,-1,4,5,2,-1,2,5,6,-1,3,7,2,-1,2,7,8,-1,2,8,4,-1,6,9,2,-1,2,9,10,-1,2,10,11,-1,12,13,14,-1,14,13,2,-1,14,2,15,-1,11,16,2,-1,2,16,17,-1,2,17,15,-1,
        ]
    }
}
Shape{
    appearance Appearance {
        material  Material 	{
            diffuseColor 1.0 1.0 1.0
            specularColor 0.5019607843137255 0.5019607843137255 0.5019607843137255
            ambientIntensity 0.2
            transparency 0
            shininess 0.5
        }
    }
    geometry IndexedFaceSet {
        ccw TRUE
        solid FALSE
        coord DEF co Coordinate {
            point [
                0.2598 0.0739 -0.0853, 0.2598 0.0732 -0.0872, 0.2598 0.0793 -0.0853, 0.2598 0.0799 -0.0872, 0.2598 0.0763 -0.0787, 0.2598 0.0755 -0.0755, 0.2598 0.0694 -0.0915, 0.2598 0.0717 -0.0915, 0.2598 0.0764 -0.0782, 0.2598 0.0765 -0.0776, 0.2598 0.0777 -0.0755, 0.2598 0.0766 -0.0776, 0.2598 0.0767 -0.0782, 0.2598 0.0768 -0.0787, 0.2598 0.0838 -0.0915, 0.2598 0.0815 -0.0915, 0.2559 0.0777 -0.0755, 0.2559 0.0838 -0.0915, 0.2559 0.0755 -0.0755, 0.2559 0.0694 -0.0915, 0.2559 0.0717 -0.0915, 0.2559 0.0732 -0.0872, 0.2559 0.0799 -0.0872, 0.2559 0.0815 -0.0915, 0.2559 0.0739 -0.0853, 0.2559 0.0793 -0.0853, 0.2559 0.0768 -0.0787, 0.2559 0.0766 -0.0776, 0.2559 0.0767 -0.0782, 0.2559 0.0765 -0.0776, 0.2559 0.0763 -0.0787, 0.2559 0.0764 -0.0782, 0.2559 0.0764 -0.0782
            ]
        }
        coordIndex [
            0,1,2,-1,2,1,3,-1,4,5,0,-1,0,5,6,-1,0,6,1,-1,1,6,7,-1,4,8,5,-1,5,8,9,-1,5,9,10,-1,10,9,11,-1,10,11,12,-1,12,13,10,-1,10,13,2,-1,10,2,14,-1,14,2,3,-1,14,3,15,-1,10,14,16,-1,16,14,17,-1,5,10,18,-1,18,10,16,-1,6,5,19,-1,19,5,18,-1,7,6,20,-1,20,6,19,-1,1,7,21,-1,21,7,20,-1,3,1,22,-1,22,1,21,-1,15,3,23,-1,23,3,22,-1,14,15,17,-1,17,15,23,-1,0,2,24,-1,24,2,25,-1,2,13,25,-1,25,13,26,-1,11,27,28,-1,11,28,12,-1,12,28,26,-1,12,26,13,-1,11,9,27,-1,27,9,29,-1,4,30,31,-1,4,31,8,-1,8,31,29,-1,8,29,9,-1,4,0,30,-1,30,0,24,-1,
        ]
    }
}
Shape{
    appearance Appearance {
        material  Material 	{
            diffuseColor 0.25098039215686274 0.25098039215686274 0.25098039215686274
            specularColor 0.12549019607843137 0.12549019607843137 0.12549019607843137
            ambientIntensity 0.2
            transparency 0
            shininess 0.5
        }
    }
    geometry IndexedFaceSet {
        ccw TRUE
        solid FALSE
        coord DEF co Coordinate {
            point [
                0.2559 0.0766 -0.0776, 0.2559 0.0765 -0.0776, 0.2559 0.0767 -0.0782, 0.2559 0.0764 -0.0782, 0.2559 0.0768 -0.0787, 0.2559 0.0763 -0.0787, 0.2559 0.0793 -0.0853, 0.2559 0.0739 -0.0853, 0.2559 0.0739 -0.0853
            ]
        }
        coordIndex [
            0,1,2,-1,2,1,3,-1,2,3,4,-1,4,3,5,-1,4,5,6,-1,6,5,7,-1,
        ]
    }
}
Shape{
    appearance Appearance {
        material  Material 	{
            diffuseColor 1.0 1.0 1.0
            specularColor 0.5019607843137255 0.5019607843137255 0.5019607843137255
            ambientIntensity 0.2
            transparency 0
            shininess 0.5
        }
    }
    geometry IndexedFaceSet {
        ccw TRUE
        solid FALSE
        coord DEF co Coordinate {
            point [
                0.2598 -0.0712 -0.0938, 0.2598 -0.0695 -0.0959, 0.2598 -0.0723 -0.0837, 0.2598 -0.0522 -0.0942, 0.2598 -0.0509 -0.0917, 0.2598 -0.0502 -0.0889, 0.2598 -0.0646 -0.0911, 0.2598 -0.0637 -0.0918, 0.2598 -0.0673 -0.0976, 0.2598 -0.0627 -0.0922, 0.2598 -0.0207 -0.0758, 0.2598 -0.021 -0.078, 0.2598 -0.0142 -0.0798, 0.2598 -0.0342 -0.0782, 0.2598 -0.0378 -0.0721, 0.2598 -0.0502 -0.0866, 0.2598 -0.053 -0.0801, 0.2598 -0.0502 -0.0877, 0.2598 -0.0563 -0.0978, 0.2598 -0.054 -0.0962, 0.2598 -0.0747 -0.0822, 0.2598 -0.0743 -0.0908, 0.2598 -0.0724 -0.0914, 0.2598 -0.0305 -0.0669, 0.2598 -0.0296 -0.0669, 0.2598 -0.0249 -0.0607, 0.2598 -0.0274 -0.0671, 0.2598 -0.0243 -0.0609, 0.2598 -0.0254 -0.0679, 0.2598 -0.0209 -0.0626, 0.2598 -0.0178 -0.0652, 0.2598 -0.0625 -0.0631, 0.2598 -0.0617 -0.0636, 0.2598 -0.0652 -0.0553, 0.2598 -0.06 -0.0601, 0.2598 -0.0629 -0.0525, 0.2598 -0.0575 -0.057, 0.2598 -0.0602 -0.0503, 0.2598 -0.0543 -0.0547, 0.2598 -0.0574 -0.0485, 0.2598 -0.0647 -0.0987, 0.2598 -0.062 -0.0991, 0.2598 -0.0617 -0.0923, 0.2598 -0.0616 -0.0991, 0.2598 -0.0607 -0.0922, 0.2598 -0.0588 -0.0988, 0.2598 -0.0597 -0.0918, 0.2598 -0.0588 -0.0912, 0.2598 -0.0581 -0.0904, 0.2598 -0.0156 -0.0834, 0.2598 -0.0217 -0.08, 0.2598 -0.0178 -0.0865, 0.2598 -0.0311 -0.0517, 0.2598 -0.0352 -0.0572, 0.2598 -0.0273 -0.056, 0.2598 -0.0327 -0.0603, 0.2598 -0.0311 -0.0641, 0.2598 -0.0768 -0.0801, 0.2598 -0.0815 -0.0859, 0.2598 -0.0783 -0.0887, 0.2598 -0.0788 -0.0705, 0.2598 -0.0862 -0.0722, 0.2598 -0.0791 -0.0733, 0.2598 -0.0863 -0.0735, 0.2598 -0.079 -0.075, 0.2598 -0.0858 -0.0775, 0.2598 -0.0782 -0.0778, 0.2598 -0.0843 -0.0818, 0.2598 -0.0819 -0.0855, 0.2598 -0.0654 -0.0903, 0.2598 -0.0658 -0.0894, 0.2598 -0.0661 -0.0883, 0.2598 -0.0575 -0.0862, 0.2598 -0.0573 -0.0873, 0.2598 -0.0573 -0.0883, 0.2598 -0.0575 -0.0894, 0.2598 -0.0237 -0.0691, 0.2598 -0.0223 -0.0706, 0.2598 -0.0155 -0.0685, 0.2598 -0.0213 -0.0726, 0.2598 -0.0141 -0.072, 0.2598 -0.0207 -0.0748, 0.2598 -0.0136 -0.0756, 0.2598 -0.0136 -0.0761, 0.2598 -0.023 -0.0818, 0.2598 -0.0232 -0.082, 0.2598 -0.021 -0.0891, 0.2598 -0.0248 -0.0833, 0.2598 -0.0245 -0.0908, 0.2598 -0.0269 -0.0843, 0.2598 -0.0282 -0.0916, 0.2598 -0.0289 -0.0846, 0.2598 -0.0349 -0.0916, 0.2598 -0.034 -0.0846, 0.2598 -0.0355 -0.0915, 0.2598 -0.0522 -0.0465, 0.2598 -0.0506 -0.0532, 0.2598 -0.0465 -0.0458, 0.2598 -0.0464 -0.0526, 0.2598 -0.0418 -0.0463, 0.2598 -0.0427 -0.0531, 0.2598 -0.0361 -0.0483, 0.2598 -0.0391 -0.0544, 0.2598 -0.0359 -0.0566, 0.2598 -0.0651 -0.0622, 0.2598 -0.0665 -0.0551, 0.2598 -0.0677 -0.0619, 0.2598 -0.0678 -0.055, 0.2598 -0.0689 -0.0619, 0.2598 -0.0719 -0.0555, 0.2598 -0.0717 -0.0626, 0.2598 -0.0762 -0.057, 0.2598 -0.0742 -0.0639, 0.2598 -0.08 -0.0596, 0.2598 -0.0762 -0.0657, 0.2598 -0.0809 -0.0605, 0.2598 -0.0778 -0.068, 0.2598 -0.0835 -0.0637, 0.2598 -0.0854 -0.0677, 0.2598 -0.0661 -0.0874, 0.2598 -0.0658 -0.0863, 0.2598 -0.071 -0.0813, 0.2598 -0.0653 -0.0853, 0.2598 -0.0691 -0.0791, 0.2598 -0.0646 -0.0845, 0.2598 -0.0668 -0.0775, 0.2598 -0.0637 -0.0839, 0.2598 -0.0643 -0.0765, 0.2598 -0.0626 -0.0835, 0.2598 -0.0616 -0.0762, 0.2598 -0.0617 -0.0834, 0.2598 -0.0602 -0.0763, 0.2598 -0.0607 -0.0835, 0.2598 -0.0574 -0.077, 0.2598 -0.0597 -0.0839, 0.2598 -0.055 -0.0783, 0.2598 -0.0588 -0.0845, 0.2598 -0.058 -0.0853, 0.2598 -0.0346 -0.0845, 0.2598 -0.0373 -0.0904, 0.2598 -0.037 -0.0907, 0.2598 -0.0382 -0.0881, 0.2598 -0.0381 -0.0889, 0.2598 -0.0378 -0.0897, 0.2598 -0.0342 -0.0846, 0.2598 -0.0363 -0.0912, 0.2598 -0.0355 -0.0846, 0.2598 -0.0363 -0.0849, 0.2598 -0.0382 -0.0877, 0.2598 -0.037 -0.0854, 0.2598 -0.0376 -0.086, 0.2598 -0.038 -0.0868, 0.2598 -0.0347 -0.0845, 0.2559 -0.0136 -0.0756, 0.2559 -0.0141 -0.072, 0.2559 -0.0145 -0.071, 0.2559 -0.0155 -0.0685, 0.2559 -0.0178 -0.0652, 0.2559 -0.0209 -0.0626, 0.2559 -0.0243 -0.0609, 0.2559 -0.0249 -0.0607, 0.2559 -0.0273 -0.056, 0.2559 -0.0311 -0.0517, 0.2559 -0.0337 -0.05, 0.2559 -0.0361 -0.0483, 0.2559 -0.0418 -0.0463, 0.2559 -0.0465 -0.0458, 0.2559 -0.0602 -0.0503, 0.2559 -0.0597 -0.05, 0.2559 -0.0574 -0.0485, 0.2559 -0.0522 -0.0465, 0.2559 -0.0629 -0.0525, 0.2559 -0.0652 -0.0553, 0.2559 -0.0665 -0.0551, 0.2559 -0.0678 -0.055, 0.2559 -0.0719 -0.0555, 0.2559 -0.0762 -0.057, 0.2559 -0.08 -0.0596, 0.2559 -0.0809 -0.0605, 0.2559 -0.0863 -0.0735, 0.2559 -0.0835 -0.0637, 0.2559 -0.0854 -0.0677, 0.2559 -0.086 -0.071, 0.2559 -0.0862 -0.0722, 0.2559 -0.0858 -0.0775, 0.2559 -0.0843 -0.0818, 0.2559 -0.0819 -0.0855, 0.2559 -0.0815 -0.0859, 0.2559 -0.0783 -0.0887, 0.2559 -0.0743 -0.0908, 0.2559 -0.0724 -0.0914, 0.2559 -0.0722 -0.0917, 0.2559 -0.0712 -0.0938, 0.2559 -0.0695 -0.0959, 0.2559 -0.0673 -0.0976, 0.2559 -0.0663 -0.098, 0.2559 -0.0647 -0.0987, 0.2559 -0.062 -0.0991, 0.2559 -0.0616 -0.0991, 0.2559 -0.0502 -0.0877, 0.2559 -0.0588 -0.0988, 0.2559 -0.0568 -0.098, 0.2559 -0.0563 -0.0978, 0.2559 -0.054 -0.0962, 0.2559 -0.0522 -0.0942, 0.2559 -0.0509 -0.0917, 0.2559 -0.0509 -0.0917, 0.2559 -0.0502 -0.0889, 0.2559 -0.0502 -0.0866, 0.2559 -0.0342 -0.0782, 0.2559 -0.0378 -0.0721, 0.2559 -0.053 -0.0801, 0.2559 -0.055 -0.0783, 0.2559 -0.0574 -0.077, 0.2559 -0.0602 -0.0763, 0.2559 -0.0616 -0.0762, 0.2559 -0.0643 -0.0765, 0.2559 -0.0668 -0.0775, 0.2559 -0.0691 -0.0791, 0.2559 -0.071 -0.0813, 0.2559 -0.0723 -0.0837, 0.2559 -0.0747 -0.0822, 0.2559 -0.0768 -0.0801, 0.2559 -0.0782 -0.0778, 0.2559 -0.079 -0.075, 0.2559 -0.0791 -0.0733, 0.2559 -0.0788 -0.071, 0.2559 -0.0788 -0.0705, 0.2559 -0.0778 -0.068, 0.2559 -0.0762 -0.0657, 0.2559 -0.0742 -0.0639, 0.2559 -0.0717 -0.0626, 0.2559 -0.0689 -0.0619, 0.2559 -0.0677 -0.0619, 0.2559 -0.0651 -0.0622, 0.2559 -0.0625 -0.0631, 0.2559 -0.0617 -0.0636, 0.2559 -0.06 -0.0601, 0.2559 -0.0575 -0.057, 0.2559 -0.0543 -0.0547, 0.2559 -0.0506 -0.0532, 0.2559 -0.0464 -0.0526, 0.2559 -0.0427 -0.0531, 0.2559 -0.0391 -0.0544, 0.2559 -0.0359 -0.0566, 0.2559 -0.0352 -0.0572, 0.2559 -0.0327 -0.0603, 0.2559 -0.0311 -0.0641, 0.2559 -0.0305 -0.0669, 0.2559 -0.0296 -0.0669, 0.2559 -0.0274 -0.0671, 0.2559 -0.0254 -0.0679, 0.2559 -0.0237 -0.0691, 0.2559 -0.0223 -0.0706, 0.2559 -0.0222 -0.071, 0.2559 -0.0213 -0.0726, 0.2559 -0.0207 -0.0748, 0.2559 -0.0207 -0.0758, 0.2559 -0.021 -0.078, 0.2559 -0.0217 -0.08, 0.2559 -0.023 -0.0818, 0.2559 -0.0232 -0.082, 0.2559 -0.0248 -0.0833, 0.2559 -0.0269 -0.0843, 0.2559 -0.0289 -0.0846, 0.2559 -0.034 -0.0846, 0.2559 -0.0342 -0.0846, 0.2559 -0.0346 -0.0845, 0.2559 -0.0347 -0.0845, 0.2559 -0.0355 -0.0846, 0.2559 -0.0363 -0.0849, 0.2559 -0.037 -0.0854, 0.2559 -0.0376 -0.086, 0.2559 -0.038 -0.0868, 0.2559 -0.0382 -0.0877, 0.2559 -0.0382 -0.0881, 0.2559 -0.0381 -0.0889, 0.2559 -0.0378 -0.0897, 0.2559 -0.0373 -0.0904, 0.2559 -0.037 -0.0907, 0.2559 -0.0363 -0.0912, 0.2559 -0.0355 -0.0915, 0.2559 -0.0349 -0.0916, 0.2559 -0.0282 -0.0916, 0.2559 -0.0245 -0.0908, 0.2559 -0.021 -0.0891, 0.2559 -0.0178 -0.0865, 0.2559 -0.0156 -0.0834, 0.2559 -0.0142 -0.0798, 0.2559 -0.0136 -0.0761, 0.2559 -0.0617 -0.0834, 0.2559 -0.0607 -0.0835, 0.2559 -0.0597 -0.0839, 0.2559 -0.0588 -0.0845, 0.2559 -0.058 -0.0853, 0.2559 -0.0575 -0.0862, 0.2559 -0.0573 -0.0873, 0.2559 -0.0573 -0.0883, 0.2559 -0.0575 -0.0894, 0.2559 -0.0581 -0.0904, 0.2559 -0.0588 -0.0912, 0.2559 -0.0597 -0.0918, 0.2559 -0.0607 -0.0922, 0.2559 -0.0617 -0.0923, 0.2559 -0.0627 -0.0922, 0.2559 -0.0637 -0.0918, 0.2559 -0.0646 -0.0911, 0.2559 -0.0654 -0.0903, 0.2559 -0.0658 -0.0894, 0.2559 -0.0661 -0.0883, 0.2559 -0.0661 -0.0874, 0.2559 -0.0658 -0.0863, 0.2559 -0.0653 -0.0853, 0.2559 -0.0646 -0.0845, 0.2559 -0.0637 -0.0839, 0.2559 -0.0626 -0.0835, 0.2559 -0.0626 -0.0835
            ]
        }
        coordIndex [
            0,1,2,-1,3,4,5,-1,6,1,7,-1,7,1,8,-1,7,8,9,-1,10,11,12,-1,13,14,15,-1,15,14,16,-1,15,16,17,-1,17,16,18,-1,17,18,5,-1,5,18,19,-1,5,19,3,-1,20,21,2,-1,2,21,22,-1,2,22,0,-1,23,24,25,-1,25,24,26,-1,25,26,27,-1,27,26,28,-1,27,28,29,-1,29,28,30,-1,31,32,33,-1,33,32,34,-1,33,34,35,-1,35,34,36,-1,35,36,37,-1,37,36,38,-1,37,38,39,-1,8,40,9,-1,9,40,41,-1,9,41,42,-1,42,41,43,-1,42,43,44,-1,44,43,45,-1,44,45,46,-1,46,45,18,-1,46,18,47,-1,47,18,48,-1,12,11,49,-1,49,11,50,-1,49,50,51,-1,52,53,54,-1,54,53,55,-1,54,55,25,-1,25,55,56,-1,25,56,23,-1,57,58,20,-1,20,58,59,-1,20,59,21,-1,60,61,62,-1,62,61,63,-1,62,63,64,-1,64,63,65,-1,64,65,66,-1,66,65,67,-1,66,67,57,-1,57,67,68,-1,57,68,58,-1,6,69,1,-1,1,69,70,-1,1,70,2,-1,2,70,71,-1,72,73,16,-1,16,73,74,-1,16,74,18,-1,18,74,75,-1,18,75,48,-1,28,76,30,-1,30,76,77,-1,30,77,78,-1,78,77,79,-1,78,79,80,-1,80,79,81,-1,80,81,82,-1,82,81,10,-1,82,10,83,-1,83,10,12,-1,50,84,51,-1,51,84,85,-1,51,85,86,-1,86,85,87,-1,86,87,88,-1,88,87,89,-1,88,89,90,-1,90,89,91,-1,90,91,92,-1,92,91,93,-1,92,93,94,-1,39,38,95,-1,95,38,96,-1,95,96,97,-1,97,96,98,-1,97,98,99,-1,99,98,100,-1,99,100,101,-1,101,100,102,-1,101,102,52,-1,52,102,103,-1,52,103,53,-1,31,33,104,-1,104,33,105,-1,104,105,106,-1,106,105,107,-1,106,107,108,-1,108,107,109,-1,108,109,110,-1,110,109,111,-1,110,111,112,-1,112,111,113,-1,112,113,114,-1,114,113,115,-1,114,115,116,-1,116,115,117,-1,116,117,60,-1,60,117,118,-1,60,118,61,-1,71,119,2,-1,2,119,120,-1,2,120,121,-1,121,120,122,-1,121,122,123,-1,123,122,124,-1,123,124,125,-1,125,124,126,-1,125,126,127,-1,127,126,128,-1,127,128,129,-1,129,128,130,-1,129,130,131,-1,131,130,132,-1,131,132,133,-1,133,132,134,-1,133,134,135,-1,135,134,136,-1,135,136,16,-1,16,136,137,-1,16,137,72,-1,138,139,140,-1,141,142,138,-1,138,142,143,-1,138,143,139,-1,93,144,94,-1,94,144,138,-1,94,138,145,-1,145,138,140,-1,146,147,148,-1,147,149,148,-1,148,149,150,-1,148,150,151,-1,141,138,148,-1,148,138,152,-1,148,152,146,-1,82,153,154,-1,82,154,80,-1,80,154,155,-1,80,155,78,-1,155,156,78,-1,78,156,157,-1,78,157,30,-1,30,157,158,-1,30,158,29,-1,29,158,159,-1,29,159,27,-1,27,159,160,-1,27,160,25,-1,25,160,161,-1,25,161,54,-1,54,161,162,-1,54,162,52,-1,52,162,101,-1,101,162,163,-1,163,164,101,-1,101,164,165,-1,101,165,99,-1,99,165,166,-1,99,166,97,-1,167,37,168,-1,168,37,39,-1,168,39,169,-1,169,39,95,-1,169,95,170,-1,170,95,97,-1,170,97,166,-1,37,167,171,-1,37,171,35,-1,35,171,172,-1,35,172,33,-1,33,172,173,-1,33,173,105,-1,105,173,174,-1,105,174,107,-1,107,174,175,-1,107,175,109,-1,109,175,176,-1,109,176,111,-1,111,176,177,-1,111,177,113,-1,113,177,178,-1,113,178,115,-1,179,63,61,-1,115,178,180,-1,115,180,117,-1,117,180,181,-1,117,181,118,-1,118,181,182,-1,118,182,61,-1,61,182,183,-1,61,183,179,-1,63,179,184,-1,63,184,65,-1,65,184,185,-1,65,185,67,-1,67,185,186,-1,67,186,68,-1,68,186,187,-1,68,187,58,-1,58,187,188,-1,58,188,59,-1,59,188,189,-1,59,189,21,-1,21,189,190,-1,21,190,22,-1,22,190,191,-1,22,191,0,-1,191,192,0,-1,0,192,193,-1,0,193,1,-1,1,193,194,-1,1,194,8,-1,8,194,195,-1,8,195,40,-1,195,196,40,-1,40,196,197,-1,40,197,41,-1,41,197,198,-1,41,198,43,-1,199,17,5,-1,43,198,200,-1,43,200,45,-1,45,200,201,-1,45,201,18,-1,201,202,18,-1,18,202,203,-1,18,203,19,-1,19,203,204,-1,19,204,3,-1,3,204,205,-1,3,205,4,-1,4,205,206,-1,4,206,5,-1,5,206,207,-1,5,207,199,-1,15,17,208,-1,208,17,199,-1,13,15,209,-1,209,15,208,-1,14,13,210,-1,210,13,209,-1,16,14,211,-1,211,14,210,-1,16,211,212,-1,16,212,135,-1,135,212,213,-1,135,213,133,-1,133,213,214,-1,133,214,131,-1,131,214,215,-1,131,215,129,-1,129,215,216,-1,129,216,127,-1,127,216,217,-1,127,217,125,-1,125,217,218,-1,125,218,123,-1,123,218,219,-1,123,219,121,-1,121,219,220,-1,121,220,2,-1,2,220,221,-1,2,221,20,-1,20,221,222,-1,20,222,57,-1,57,222,223,-1,57,223,66,-1,66,223,224,-1,66,224,64,-1,64,224,225,-1,64,225,62,-1,225,226,62,-1,62,226,60,-1,226,227,60,-1,60,227,228,-1,60,228,116,-1,116,228,229,-1,116,229,114,-1,114,229,230,-1,114,230,112,-1,112,230,231,-1,112,231,110,-1,110,231,232,-1,110,232,108,-1,108,232,233,-1,108,233,106,-1,106,233,234,-1,106,234,104,-1,104,234,235,-1,104,235,31,-1,31,235,236,-1,31,236,32,-1,32,236,237,-1,32,237,34,-1,34,237,238,-1,34,238,36,-1,36,238,239,-1,36,239,38,-1,38,239,240,-1,38,240,96,-1,96,240,241,-1,96,241,98,-1,98,241,242,-1,98,242,100,-1,100,242,243,-1,100,243,102,-1,102,243,244,-1,102,244,103,-1,103,244,245,-1,103,245,53,-1,53,245,246,-1,53,246,55,-1,55,246,247,-1,55,247,56,-1,56,247,248,-1,56,248,23,-1,24,23,249,-1,249,23,248,-1,24,249,250,-1,24,250,26,-1,26,250,251,-1,26,251,28,-1,28,251,252,-1,28,252,76,-1,76,252,253,-1,76,253,77,-1,77,253,254,-1,77,254,79,-1,254,255,79,-1,79,255,256,-1,79,256,81,-1,81,256,257,-1,81,257,10,-1,10,257,258,-1,10,258,11,-1,11,258,259,-1,11,259,50,-1,50,259,260,-1,50,260,84,-1,84,260,261,-1,84,261,85,-1,85,261,262,-1,85,262,87,-1,87,262,263,-1,87,263,89,-1,89,263,264,-1,89,264,91,-1,93,91,265,-1,265,91,264,-1,93,265,266,-1,93,266,144,-1,144,266,267,-1,144,267,138,-1,138,267,268,-1,138,268,152,-1,152,268,269,-1,152,269,146,-1,146,269,270,-1,146,270,147,-1,147,270,271,-1,147,271,149,-1,149,271,272,-1,149,272,150,-1,150,272,273,-1,150,273,151,-1,151,273,274,-1,151,274,148,-1,148,274,275,-1,148,275,141,-1,141,275,276,-1,141,276,142,-1,142,276,277,-1,142,277,143,-1,143,277,278,-1,143,278,139,-1,139,278,279,-1,139,279,140,-1,140,279,280,-1,140,280,145,-1,145,280,281,-1,145,281,94,-1,94,281,282,-1,94,282,92,-1,90,92,283,-1,283,92,282,-1,90,283,284,-1,90,284,88,-1,88,284,285,-1,88,285,86,-1,86,285,286,-1,86,286,51,-1,51,286,287,-1,51,287,49,-1,49,287,288,-1,49,288,12,-1,12,288,289,-1,12,289,83,-1,83,289,153,-1,83,153,82,-1,130,290,291,-1,130,291,132,-1,132,291,292,-1,132,292,134,-1,134,292,293,-1,134,293,136,-1,136,293,294,-1,136,294,137,-1,137,294,295,-1,137,295,72,-1,72,295,296,-1,72,296,73,-1,73,296,297,-1,73,297,74,-1,74,297,298,-1,74,298,75,-1,75,298,299,-1,75,299,48,-1,48,299,300,-1,48,300,47,-1,47,300,301,-1,47,301,46,-1,46,301,302,-1,46,302,44,-1,44,302,303,-1,44,303,42,-1,42,303,304,-1,42,304,9,-1,9,304,305,-1,9,305,7,-1,7,305,306,-1,7,306,6,-1,6,306,307,-1,6,307,69,-1,69,307,308,-1,69,308,70,-1,70,308,309,-1,70,309,71,-1,71,309,310,-1,71,310,119,-1,119,310,311,-1,119,311,120,-1,120,311,312,-1,120,312,122,-1,122,312,313,-1,122,313,124,-1,124,313,314,-1,124,314,126,-1,126,314,315,-1,126,315,128,-1,128,315,290,-1,128,290,130,-1,
        ]
    }
}
Shape{
    appearance Appearance {
        material  Material 	{
            diffuseColor 0.25098039215686274 0.25098039215686274 0.25098039215686274
            specularColor 0.12549019607843137 0.12549019607843137 0.12549019607843137
            ambientIntensity 0.2
            transparency 0
            shininess 0.5
        }
    }
    geometry IndexedFaceSet {
        ccw TRUE
        solid FALSE
        coord DEF co Coordinate {
            point [
                0.2559 -0.0617 -0.0834, 0.2559 -0.0617 -0.0923, 0.2559 -0.0607 -0.0922, 0.2559 -0.0637 -0.0839, 0.2559 -0.0661 -0.0874, 0.2559 -0.0626 -0.0835, 0.2559 -0.0661 -0.0883, 0.2559 -0.0573 -0.0873, 0.2559 -0.0575 -0.0862, 0.2559 -0.058 -0.0853, 0.2559 -0.0588 -0.0845, 0.2559 -0.0658 -0.0894, 0.2559 -0.0654 -0.0903, 0.2559 -0.0646 -0.0911, 0.2559 -0.0597 -0.0839, 0.2559 -0.0607 -0.0835, 0.2559 -0.0646 -0.0845, 0.2559 -0.0653 -0.0853, 0.2559 -0.0658 -0.0863, 0.2559 -0.0637 -0.0918, 0.2559 -0.0627 -0.0922, 0.2559 -0.0597 -0.0918, 0.2559 -0.0588 -0.0912, 0.2559 -0.0573 -0.0883, 0.2559 -0.0581 -0.0904, 0.2559 -0.0575 -0.0894, 0.2559 -0.0575 -0.0894
            ]
        }
        coordIndex [
            0,1,2,-1,3,4,5,-1,5,4,6,-1,5,6,0,-1,7,8,2,-1,2,8,9,-1,2,9,10,-1,6,11,0,-1,0,11,12,-1,0,12,13,-1,10,14,2,-1,2,14,15,-1,2,15,0,-1,3,16,4,-1,4,16,17,-1,4,17,18,-1,13,19,0,-1,0,19,20,-1,0,20,1,-1,2,21,7,-1,7,21,22,-1,7,22,23,-1,23,22,24,-1,23,24,25,-1,
        ]
    }
}